forward_path,reverse_path,twenty_year_cagr,forward_final_remainder,reverse_final_remainder,remainder_difference_forward_minus_reverse,forward_exhausted,reverse_exhausted,different_sequence_result
1970_1971,1971_1970,0.10540199447625431,1596671.4987212445,2075110.627846032,-478439.1291247874,False,False,True
1970_1972,1972_1970,0.09533156190320224,1268867.3102508131,1341157.69050784,-72290.38025702676,False,False,True
1970_1973,1973_1970,0.09565926881453057,1122655.913778817,976764.7653736727,145891.14840514434,False,False,True
1970_1974,1974_1970,0.10553723489661127,1552166.1537403804,1963760.9503716254,-411594.79663124494,False,False,True
1970_1975,1975_1970,0.11569576697196116,2328912.7038267953,3793647.806789783,-1464735.1029629875,False,False,True
1970_1976,1976_1970,0.11609497865176888,2174084.6756698457,3406221.232917133,-1232136.5572472871,False,False,True
1970_1977,1977_1970,0.11550111275482067,2038618.341008218,3076731.63452228,-1038113.2935140622,False,False,True
1970_1978,1978_1970,0.12002756833664141,2476518.764101063,4114053.1993640214,-1637534.4352629585,False,False,True
1970_1979,1979_1970,0.12188001937937187,2659070.495914421,4545782.857390013,-1886712.3614755915,False,False,True
1970_1980,1980_1970,0.12144566392837786,2473220.746424793,4090380.632682489,-1617159.8862576964,False,False,True
1970_1981,1981_1970,0.10860010983961366,1806448.4562707145,2566921.926493883,-760473.4702231686,False,False,True
1970_1982,1982_1970,0.12339784088170691,2721079.5820818604,4682198.71594813,-1961119.1338662696,False,False,True
1970_1983,1983_1970,0.11634100036541462,2312760.3916729284,3747137.7753991378,-1434377.3837262094,False,False,True
1970_1984,1984_1970,0.11354145476621991,2153565.6013475535,3380658.6684763674,-1227093.0671288138,False,False,True
1970_1985,1985_1970,0.11116520528382456,2184408.9695486627,3479565.9856830677,-1295157.016134405,False,False,True
1970_1986,1986_1970,0.1126114033166219,2073194.7595032402,3190560.1047859117,-1117365.3452826715,False,False,True
1970_1987,1987_1970,0.11163866536023836,1952072.1475388906,2899805.6950731436,-947733.547534253,False,False,True
1970_1988,1988_1970,0.11963327350299413,2360562.545742989,3831151.981262226,-1470589.435519237,False,False,True
1970_1989,1989_1970,0.12388098916279366,2573359.5277123298,4310845.350022505,-1737485.8223101753,False,False,True
1970_1990,1990_1970,0.11939245313681068,2186009.465808245,3401478.800525427,-1215469.334717182,False,False,True
1970_1991,1991_1970,0.11701012428822999,2346652.0733214715,3824236.467404079,-1477584.3940826077,False,False,True
1970_1992,1992_1970,0.10105386604804223,1626281.949488788,2183692.856400309,-557410.9069115212,False,False,True
1970_1993,1993_1970,0.09091375425941095,1388936.757533922,1668566.1481688898,-279629.3906349677,False,False,True
1970_1994,1994_1970,0.09692202989574183,1548609.6590119926,2022488.841451969,-473879.1824399764,False,False,True
1970_1995,1995_1970,0.10166062766346484,1830608.5145721398,2684911.4232512824,-854302.9086791426,False,False,True
1970_1996,1996_1970,0.09044902534767396,1317933.7657814124,1495770.3976896526,-177836.63190824026,False,False,True
1970_1997,1997_1970,0.0894804569138532,1219678.0292031774,1258696.0032597587,-39017.97405658127,False,False,True
1970_1998,1998_1970,0.08208484771596947,904029.036074974,521360.9020604824,382668.1340144916,False,False,True
1970_1999,1999_1970,0.05527219369129388,409177.64615177456,0.0,409177.64615177456,False,True,True
1970_2000,2000_1970,0.059163336044087966,322805.87723733205,0.0,322805.87723733205,False,True,True
1970_2001,2001_1970,0.06959541410462577,507768.6768429453,0.0,507768.6768429453,False,True,True
1970_2002,2002_1970,0.07591956880371464,724928.0025462457,110639.64682162003,614288.3557246256,False,False,True
1970_2003,2003_1970,0.08927852918655566,1196599.5793679717,1202833.6661868324,-6234.086818860611,False,False,True
1970_2004,2004_1970,0.08747809778362448,979087.7869548189,675484.0284174635,303603.75853735534,False,False,True
1970_2005,2005_1970,0.08825182035729617,962853.6329706126,630477.5302928775,332376.10267773515,False,False,True
1970_2006,2006_1970,0.08477247639479524,913461.5450664324,529272.9006446963,384188.6444217361,False,False,True
1970_2007,2007_1970,0.08310963721522913,791185.4855873534,236118.4407969111,555067.0447904422,False,False,True
1970_2008,2008_1970,0.08802816701121552,849836.8078531246,352005.5282761543,497831.27957697026,False,False,True
1970_2009,2009_1970,0.10280557882624519,1777532.9802456307,2544354.3590883836,-766821.3788427529,False,False,True
1970_2010,2010_1970,0.1039099613461032,1663786.4382905166,2253706.566917925,-589920.1286274085,False,False,True
1970_2011,2011_1970,0.10485336557730673,1639211.4300840006,2185049.195618421,-545837.7655344203,False,False,True
1970_2012,2012_1970,0.11261359155916795,2009778.5487954244,3033499.385525186,-1023720.8367297617,False,False,True
1970_2013,2013_1970,0.09659352840794622,1472584.1921801919,1836605.6727024515,-364021.4805222596,False,False,True
1970_2014,2014_1970,0.09718803812177357,1368147.5355151964,1573665.4998690109,-205517.9643538145,False,False,True
1970_2015,2015_1970,0.10171336419932264,1467992.538084134,1786535.9012135845,-318543.3631294505,False,False,True
1971_1972,1972_1971,0.10582111574952235,2132581.988478324,1745789.6170726896,386792.37140563433,False,False,True
1971_1973,1973_1971,0.10615196097933954,1991553.519499795,1304874.014378651,686679.505121144,False,False,True
1971_1974,1974_1971,0.11612452440592658,2591908.5356980325,2499139.840491655,92768.69520637766,False,False,True
1971_1975,1975_1971,0.12638034069448656,3577370.7901645573,4713303.7567160055,-1135932.9665514482,False,False,True
1971_1976,1976_1971,0.12678337546545415,3431507.5153452205,4244517.428727198,-813009.9133819779,False,False,True
1971_1977,1977_1971,0.12618382235148395,3282727.297963976,3845834.867027643,-563107.5690636672,False,False,True
1971_1978,1978_1971,0.13075362599448548,3825582.6305915555,5100994.425302055,-1275411.7947104992,False,False,True
1971_1979,1979_1971,0.13262381722259575,4053467.77449029,5623387.504968277,-1569919.7304779873,False,False,True
1971_1980,1980_1971,0.13218530212255097,3856860.340982992,5072350.609009903,-1215490.2680269107,False,False,True
1971_1981,1981_1971,0.11921673128161192,2905344.489326423,3228964.891871432,-323620.4025450088,False,False,True
1971_1982,1982_1971,0.1341561742965618,4153696.1086126342,5788450.754950509,-1634754.6463378752,False,False,True
1971_1983,1983_1971,0.12703175323100457,3575738.349861168,4657026.597892532,-1081288.2480313643,False,False,True
1971_1984,1984_1971,0.12420539749930803,3354684.6385497167,4213586.71429948,-858902.0757497638,False,False,True
1971_1985,1985_1971,0.12180639162262552,3335291.3234525975,4333264.612439206,-997973.2889866084,False,False,True
1971_1986,1986_1971,0.12326643931763037,3254408.2419634243,3983567.36705231,-729159.1250888859,False,False,True
1971_1987,1987_1971,0.12228438583750334,3112801.969207988,3631754.401015021,-518952.4318070328,False,False,True
1971_1988,1988_1971,0.13035555515635444,3700159.6150596878,4758683.824632999,-1058524.2095733108,False,False,True
1971_1989,1989_1971,0.13464394949618774,4018349.2582379263,5339113.015779884,-1320763.7575419573,False,False,True
1971_1990,1990_1971,0.13011242854949812,3519855.653516914,4238779.083408184,-718923.4298912701,False,False,True
1971_1991,1991_1971,0.12770728508696316,3624856.8882938614,4750316.049765851,-1125459.16147199,False,False,True
1971_1992,1992_1971,0.1115982201206498,2584864.6413197825,2765257.545336175,-180392.9040163923,False,False,True
1971_1993,1993_1971,0.10136100052255337,2185585.009438752,2141953.997551799,43631.011886953376,False,False,True
1971_1994,1994_1971,0.10742681502017803,2437756.384184566,2570200.6150143924,-132444.23082982656,False,False,True
1971_1995,1995_1971,0.11221079245025112,2799811.690047277,3371732.2358180797,-571920.5457708025,False,False,True
1971_1996,1996_1971,0.10089182108723693,2107821.97831449,1932871.062043461,174950.91627102904,False,False,True
1971_1997,1997_1971,0.09991397705952854,1995651.9856898354,1646010.9385520576,349641.0471377778,False,False,True
1971_1998,1998_1971,0.0924475430597258,1581178.5548947968,753835.135706683,827343.4191881138,False,False,True
1971_1999,1999_1971,0.06537811493309165,819143.9415014066,0.0,819143.9415014066,False,True,True
1971_2000,2000_1971,0.0693065212054631,764088.7142557945,0.0,764088.7142557945,False,True,True
1971_2001,2001_1971,0.079838503120095,1044613.6665430871,0.0,1044613.6665430871,False,True,True
1971_2002,2002_1971,0.08622322172837427,1328952.274285087,256862.23282658964,1072090.0414584973,False,False,True
1971_2003,2003_1971,0.09971011555086084,1969702.1659564537,1578417.485662328,391284.6802941256,False,False,True
1971_2004,2004_1971,0.09789244213390913,1727031.0196957444,940324.1876600304,786706.832035714,False,False,True
1971_2005,2005_1971,0.09867357434031754,1721512.093960547,885866.3047622123,835645.7891983346,False,False,True
1971_2006,2006_1971,0.0951609100873092,1625054.1214182312,763408.657538888,861645.4638793431,False,False,True
1971_2007,2007_1971,0.09348214655961096,1481276.959304232,408691.62976278504,1072585.3295414469,False,False,True
1971_2008,2008_1971,0.0984477791552738,1605383.0179598238,548915.0575407913,1056467.9604190325,False,False,True
1971_2009,2009_1971,0.1133667083540204,2767082.0810264642,3201658.125198421,-434576.04417195683,False,False,True
1971_2010,2010_1971,0.11448166710514185,2673344.511097929,2849974.1664351034,-176629.65533717442,False,False,True
1971_2011,2011_1971,0.11543410594269332,2666165.7332110964,2766898.7163978573,-100732.98318676092,False,False,True
1971_2012,2012_1971,0.1232686485161032,3191038.495454805,3793523.826369118,-602485.330914313,False,False,True
1971_2013,2013_1971,0.10709516760455129,2356420.4847950097,2345281.8975346414,11138.58726036828,False,False,True
1971_2014,2014_1971,0.10769537070097823,2261616.6468459005,2027124.170584687,234492.47626121342,False,False,True
1971_2015,2015_1971,0.11226403402289575,2438124.0515168523,2284697.4515972286,153426.5999196237,False,False,True
1972_1973,1973_1972,0.09607469606191077,1247577.036462428,1025877.1391470375,221699.89731539052,False,False,True
1972_1974,1974_1972,0.10595640744727652,1701649.573651648,2020384.8816808267,-318735.30802917876,False,False,True
1972_1975,1975_1972,0.11611879120456603,2508403.111835617,3864198.134791271,-1355795.0229556537,False,False,True
1972_1976,1976_1972,0.11651815424840994,2354863.943314306,3473823.041922511,-1118959.098608205,False,False,True
1972_1977,1977_1972,0.11592406318285153,2217483.4761177707,3141825.8552376307,-924342.37911986,False,False,True
1972_1978,1978_1972,0.12045223500350333,2670473.231997254,4187041.980094808,-1516568.7480975543,False,False,True
1972_1979,1979_1972,0.12230538841663252,2859542.533539767,4622057.326774392,-1762514.7932346254,False,False,True
1972_1980,1980_1972,0.12187086827658367,2672146.1553609655,4163189.2527912287,-1491043.0974302632,False,False,True
1972_1981,1981_1972,0.10902044370177699,1964436.3771235754,2628136.2285100617,-663699.8513864863,False,False,True
1972_1982,1982_1972,0.12382378541212202,2927046.3884017165,4759511.381412634,-1832464.9930109172,False,False,True
1972_1983,1983_1972,0.11676426924299288,2494338.3168769185,3817334.1377196084,-1322995.8208426898,False,False,True
1972_1984,1984_1972,0.11396366217555198,2326250.089848878,3448065.9329875726,-1121815.8431386948,False,False,True
1972_1985,1985_1972,0.11158651172073797,2349870.9466329953,3547725.986643721,-1197855.0400107256,False,False,True
1972_1986,1986_1972,0.11303325809012588,2243017.432953358,3256520.6197348125,-1013503.1867814544,False,False,True
1972_1987,1987_1972,0.11206015131301217,2118949.891821471,2963553.416790873,-844603.5249694018,False,False,True
1972_1988,1988_1972,0.12005779067007816,2553155.9753265157,3901987.7356601544,-1348831.7603336386,False,False,True
1972_1989,1989_1972,0.12430711688242302,2781105.225496555,4385331.82201567,-1604226.596519115,False,False,True
1972_1990,1990_1972,0.11981687899508664,2377776.093036505,3469044.517138237,-1091268.4241017322,False,False,True
1972_1991,1991_1972,0.11743364686905089,2530419.1587117645,3895019.591122149,-1364600.4324103845,False,False,True
1972_1992,1992_1972,0.10147133869652736,1764097.067472966,2241990.584620999,-477893.51714803325,False,False,True
1972_1993,1993_1972,0.09132738221014369,1503470.614408014,1722943.4925360852,-219472.87812807108,False,False,True
1972_1994,1994_1972,0.09733793592824691,1676441.9909319892,2079559.7227489348,-403117.7318169456,False,False,True
1972_1995,1995_1972,0.10207833037006653,1969950.5359929642,2747023.6870904025,-777073.1510974383,False,False,True
1972_1996,1996_1972,0.0908624770930313,1431495.7340208197,1548832.675958922,-117336.94193810225,False,False,True
1972_1997,1997_1972,0.08989354141938533,1331239.549432161,1309954.021308876,21285.528123284923,False,False,True
1972_1998,1998_1972,0.08249512812203452,1001382.5994392672,567007.4140875558,434375.18535171135,False,False,True
1972_1999,1999_1972,0.05567230788294042,468118.365449789,0.0,468118.365449789,False,True,True
1972_2000,2000_1972,0.059564925590895434,386248.9654198735,0.0,386248.9654198735,False,True,True
1972_2001,2001_1972,0.0700009590503392,584950.704251994,0.0,584950.704251994,False,True,True
1972_2002,2002_1972,0.07632751159906359,811768.3732147285,153160.3551355573,658608.0180791712,False,False,True
1972_2003,2003_1972,0.0896915371297089,1307748.2836921152,1253666.5426139375,54081.7410781777,False,False,True
1972_2004,2004_1972,0.08789042308000705,1086619.3392602003,722303.498100129,364315.8411600713,False,False,True
1972_2005,2005_1972,0.08866443901626697,1071925.710113287,676954.4769695902,394971.2331436968,False,False,True
1972_2006,2006_1972,0.08518377583498493,1015766.9754714688,574979.6271219287,440787.34834954,False,False,True
1972_2007,2007_1972,0.08352030617774875,890399.7095459619,279594.10840532125,610805.6011406407,False,False,True
1972_2008,2008_1972,0.08844070087038003,958461.4377110472,396363.15727255377,562098.2804384935,False,False,True
1972_2009,2009_1972,0.10322371564947752,1919800.1286486103,2605396.9101053304,-685596.7814567201,False,False,True
1972_2010,2010_1972,0.1043285169040673,1808930.270013657,2312537.1361189997,-503606.86610534275,False,False,True
1972_2011,2011_1972,0.10527227883390422,1786856.3121123654,2243357.2462904328,-456500.9341780674,False,False,True
1972_2012,2012_1972,0.11303544716236025,2179607.9023881634,3098264.586199038,-918656.6838108748,False,False,True
1972_2013,2013_1972,0.09700930988670287,1599653.044959858,1892261.8857988403,-292608.84083898226,False,False,True
1972_2014,2014_1972,0.09760404501324849,1496601.2954699702,1627320.600634125,-130719.30516415485,False,False,True
1972_2015,2015_1972,0.10213108690136874,1607468.0263474581,1841811.0571437343,-234343.03079627617,False,False,True
1973_1974,1974_1973,0.10628729315435748,1259653.8395879667,1878683.1469998986,-619029.3074119319,False,False,True
1973_1975,1975_1973,0.11645271734571128,1977682.0814207268,3733560.6446383824,-1755878.5632176555,False,False,True
1973_1976,1976_1973,0.11685219987303808,1820331.9854995934,3340843.0122104394,-1520511.026710846,False,False,True
1973_1977,1977_1973,0.1162579310642693,1688611.2658213016,3006853.596621733,-1318242.3308004315,False,False,True
1973_1978,1978_1973,0.1207874576465775,2096984.5637315996,4058341.7920210655,-1961357.228289466,False,False,True
1973_1979,1979_1973,0.1226411654956443,2266782.577405132,4495967.552830711,-2229184.975425579,False,False,True
1973_1980,1980_1973,0.12220651535363247,2083959.3036094196,4034345.930695044,-1950386.6270856243,False,False,True
1973_1981,1981_1973,0.1093522461229306,1497294.3550049588,2490081.4518397804,-992787.0968348216,False,False,True
1973_1982,1982_1973,0.12416001677292998,2318039.3841056093,4634246.433556585,-2316207.0494509754,False,False,True
1973_1983,1983_1973,0.1170983885015664,1957444.8715172994,3686415.4288899973,-1728970.5573726979,False,False,True
1973_1984,1984_1973,0.11429694353414743,1815652.9460194034,3314931.3415534217,-1499278.3955340183,False,False,True
1973_1985,1985_1973,0.11191908187127497,1860629.4771480823,3415189.429311705,-1554559.9521636225,False,False,True
1973_1986,1986_1973,0.11336626108565784,1740882.1643275865,3122236.6146165757,-1381354.450288989,False,False,True
1973_1987,1987_1973,0.11239286316947039,1625522.2519744942,2827511.3915658817,-1201989.1395913875,False,False,True
1973_1988,1988_1973,0.12039289530127473,1983691.6538978026,3771577.0110888267,-1787885.357191024,False,False,True
1973_1989,1989_1973,0.12464349284881782,2166838.3573367526,4257821.519791124,-2090983.1624543718,False,False,True
1973_1990,1990_1973,0.12015191154909344,1810756.478279329,3336035.812739828,-1525279.3344604992,False,False,True
1973_1991,1991_1973,0.11776796639545384,1987052.7582638669,3764567.052524945,-1777514.294261078,False,False,True
1973_1992,1992_1973,0.101800882537749,1356602.4150583486,2101618.648216552,-745016.2331582035,False,False,True
1973_1993,1993_1973,0.09165389113046607,1164814.4866965972,1579456.8893188755,-414642.4026222783,False,False,True
1973_1994,1994_1973,0.09766624311684069,1298464.6512538455,1938213.0809226562,-639748.4296688107,False,False,True
1973_1995,1995_1973,0.10240805581416867,1557941.1032386592,2609682.323186207,-1051741.219947548,False,False,True
1973_1996,1996_1973,0.09118884692065765,1095713.307157099,1404301.278944762,-308587.97178766294,False,False,True
1973_1997,1997_1973,0.09021962135587014,1001372.08950824,1163989.1755204867,-162617.08601224667,False,False,True
1973_1998,1998_1973,0.0828189945633051,713525.526538082,416584.33863859624,296941.1878994858,False,False,True
1973_1999,1999_1973,0.05598814933535867,293841.2014149304,0.0,293841.2014149304,False,True,True
1973_2000,2000_1973,0.059881931656633025,198659.10194769016,0.0,198659.10194769016,False,True,True
1973_2001,2001_1973,0.07032108742206211,356737.255018387,0.0,356737.255018387,False,True,True
1973_2002,2002_1973,0.07664953278120779,554996.9305840844,253.89095418130455,554743.039629903,False,False,True
1973_2003,2003_1973,0.09001755662951494,979101.4465570064,1107363.9302827076,-128262.48372570111,False,False,True
1973_2004,2004_1973,0.08821590371327925,768667.773632136,572812.3141238352,195855.45950830088,False,False,True
1973_2005,2005_1973,0.08899015122359466,749419.0881003303,527191.1652937861,222227.92280654423,False,False,True
1973_2006,2006_1973,0.08550844667966029,713268.1174883104,424604.3908531533,288663.72663515713,False,False,True
1973_2007,2007_1973,0.08384447933704497,597040.9960901497,127446.34034483196,469594.6557453178,False,False,True
1973_2008,2008_1973,0.08876634613858214,637277.837282664,244916.0899515746,392361.74733108946,False,False,True
1973_2009,2009_1973,0.1035537837758187,1499141.6186356044,2467205.6806902783,-968064.0620546739,False,False,True
1973_2010,2010_1973,0.10465891557051088,1379765.9219851834,2172588.5312504703,-792822.6092652869,False,False,True
1973_2011,2011_1973,0.10560295985987977,1350296.8057028216,2102993.510867769,-752696.7051649473,False,False,True
1973_2012,2012_1973,0.11336845081283009,1677452.881775565,2963030.9277196885,-1285578.0459441235,False,False,True
1973_2013,2013_1973,0.09733751875527297,1223933.1765335284,1749791.318290776,-525858.1417572477,False,False,True
1973_2014,2014_1973,0.09793243181772238,1116786.5042499618,1483260.1892740917,-366473.6850241299,False,False,True
1973_2015,2015_1973,0.10246082812944013,1195063.9560135542,1699037.7473140485,-503973.7913004942,False,False,True
1974_1975,1975_1974,0.12651814771086478,3415195.2607032647,4676433.370101161,-1261238.1093978966,False,False,True
1974_1976,1976_1974,0.12692123179112635,3268167.4585081767,4206498.634536334,-938331.1760281576,False,False,True
1974_1977,1977_1974,0.12632160532482328,3121116.7232800527,3806839.401703371,-685722.6784233185,False,False,True
1974_1978,1978_1974,0.13089196806050651,3650338.343883478,5065073.782471052,-1414735.4385875743,False,False,True
1974_1979,1979_1974,0.1327623880971851,3872334.647629956,5588746.592655279,-1716411.945025323,False,False,True
1974_1980,1980_1974,0.1323238193470051,3677124.6443771743,5036359.796095705,-1359235.1517185303,False,False,True
1974_1981,1981_1974,0.11935366186611018,2762597.1693050535,3188458.2516032793,-425861.0822982257,False,False,True
1974_1982,1982_1974,0.1342949326473959,3967598.2762163053,5754214.205724664,-1786615.9295083587,False,False,True
1974_1983,1983_1974,0.1271696399444575,3411676.679462641,4620018.346515661,-1208341.66705302,False,False,True
1974_1984,1984_1974,0.12434293842223498,3198658.4828173253,4175492.1477051573,-976833.664887832,False,False,True
1974_1985,1985_1974,0.12194363903914929,3185790.94603942,4295463.226333945,-1109672.280294525,False,False,True
1974_1986,1986_1974,0.12340386536370707,3100967.8309306977,3944909.311411402,-843941.4804807045,False,False,True
1974_1987,1987_1974,0.12242169173423534,2962022.3992322846,3592234.4928596136,-630212.093627329,False,False,True
1974_1988,1988_1974,0.13049384852039414,3526145.0715530533,4721924.607671971,-1195779.536118918,False,False,True
1974_1989,1989_1974,0.13478276752388463,3830644.1384757254,5303775.703086663,-1473131.5646109376,False,False,True
1974_1990,1990_1974,0.13025069216821006,3346588.1533270376,4200746.231727065,-854158.078400027,False,False,True
1974_1991,1991_1974,0.12784525444836903,3458817.2391485726,4713536.333879242,-1254719.0947306692,False,False,True
1974_1992,1992_1974,0.11173421861830812,2460344.116937464,2723614.939708065,-263270.8227706007,False,False,True
1974_1993,1993_1974,0.10149574654745641,2082099.8756878334,2098784.456359019,-16684.580671185628,False,False,True
1974_1994,1994_1974,0.10756230316722881,2322255.6377024576,2528080.169391463,-205824.53168900544,False,False,True
1974_1995,1995_1974,0.11234686589307841,2673911.5578295253,3331575.339323601,-657663.7814940759,False,False,True
1974_1996,1996_1974,0.10102650971037619,2005214.978139932,1889189.3207014478,116025.65743848425,False,False,True
1974_1997,1997_1974,0.10004854604832847,1894852.4565598269,1601626.4626817363,293225.9938780905,False,False,True
1974_1998,1998_1974,0.09258119856756797,1493216.38544688,707265.0554576555,785951.3299892246,False,False,True
1974_1999,1999_1974,0.06550845863142274,765889.0491368234,0.0,765889.0491368234,False,True,True
1974_2000,2000_1974,0.06943734552470704,706765.7824579155,0.0,706765.7824579155,False,True,True
1974_2001,2001_1974,0.07997061597479349,974877.1480359625,0.0,974877.1480359625,False,True,True
1974_2002,2002_1974,0.086356115721548,1250489.1226993827,209074.69504377825,1041414.4276556044,False,False,True
1974_2003,2003_1974,0.09984465959822209,1869275.6296714696,1533867.4229803756,335408.206691094,False,False,True
1974_2004,2004_1974,0.09802676379799413,1629872.700082013,894210.9582774247,735661.7418045882,False,False,True
1974_2005,2005_1974,0.09880799157203168,1622961.8591246728,839619.6673820602,783342.1917426126,False,False,True
1974_2006,2006_1974,0.09529489756207288,1532617.7760627354,716862.0299896195,815755.7460731158,False,False,True
1974_2007,2007_1974,0.09361592864603074,1391633.621372837,361276.0354844958,1030357.5858883413,False,False,True
1974_2008,2008_1974,0.0985821687620736,1507237.0665679267,501842.9750869343,1005394.0914809924,False,False,True
1974_2009,2009_1974,0.11350292321739297,2638538.9996821526,3161084.590279441,-522545.5905972882,False,False,True
1974_2010,2010_1974,0.11461801837815622,2542202.2510804236,2808539.0950367176,-266336.843956294,False,False,True
1974_2011,2011_1974,0.11557057374184887,2532763.691392665,2725260.1312224944,-192496.43982982961,False,False,True
1974_2012,2012_1974,0.12340607483246435,3037592.0486919344,3754400.212266147,-716808.1635742127,False,False,True
1974_2013,2013_1974,0.10723061517619503,2241609.56700731,2302610.458114066,-61000.89110675594,False,False,True
1974_2014,2014_1974,0.10783089170447724,2145554.419548855,1983673.3254472984,161881.0941015568,False,False,True
1974_2015,2015_1974,0.11240011397956384,2312103.32758566,2241877.595653924,70225.73193173576,False,False,True
1975_1976,1976_1975,0.1372762565864818,5952448.45430541,5516070.318042099,436378.13626331184,False,False,True
1975_1977,1977_1975,0.13667112028794604,5776975.933471921,5036184.329293222,740791.6041786987,False,False,True
1975_1978,1978_1975,0.14128347905504368,6530249.845945951,6546994.039887072,-16744.19394112099,False,False,True
1975_1979,1979_1975,0.14317108595918993,6849021.5642115725,7175787.831324868,-326766.2671132954,False,False,True
1975_1980,1980_1975,0.14272848729977206,6630846.615630712,6512516.06812853,118330.54750218242,False,False,True
1975_1981,1981_1975,0.12963914996981085,5108463.368657637,4293670.64448245,814792.7241751878,False,False,True
1975_1982,1982_1975,0.1447177127152992,7025873.659081463,7374471.065891621,-348597.40681015793,False,False,True
1975_1983,1983_1975,0.13752694730625548,6107816.453852871,6012599.109441967,95217.34441090468,False,False,True
1975_1984,1984_1975,0.13467427186187564,5762745.044251511,5478839.654095879,283905.39015563205,False,False,True
1975_1985,1985_1975,0.1322529258584031,5642634.844135207,5622893.475349915,19741.36878529191,False,False,True
1975_1986,1986_1975,0.13372656987300968,5622561.0475497935,5201970.103006094,420590.94454369973,False,False,True
1975_1987,1987_1975,0.13273537127178336,5439888.160256514,4778500.081288143,661388.0789683713,False,False,True
1975_1988,1988_1975,0.14088170128435284,6385847.346502038,6134961.819663992,250885.52683804557,False,False,True
1975_1989,1989_1975,0.14521003019633882,6915333.194842312,6833612.4832516825,81720.71159062907,False,False,True
1975_1990,1990_1975,0.14063631062334148,6194013.744791018,5509163.1899614055,684850.5548296124,False,False,True
1975_1991,1991_1975,0.13820876987932285,6187462.516860161,6124889.701388665,62572.81547149643,False,False,True
1975_1992,1992_1975,0.12194969337810146,4506676.68017163,3735515.661396218,771161.0187754123,False,False,True
1975_1993,1993_1975,0.11161714229873576,3782743.203810692,2985258.017710764,797485.1860999279,False,False,True
1975_1994,1994_1975,0.1177394431377563,4220359.904261078,3500729.6515171854,719630.2527438924,False,False,True
1975_1995,1995_1975,0.1225679701303739,4742916.178157475,4465516.756132846,277399.4220246291,False,False,True
1975_1996,1996_1975,0.11114359375029026,3691427.3251768094,2733589.1942507876,957838.1309260218,False,False,True
1975_1997,1997_1975,0.11015664380092849,3551361.3721832056,2388301.5714175696,1163059.800765636,False,False,True
1975_1998,1998_1975,0.10262068054992812,2938760.0222640303,1314407.9316728693,1624352.090591161,False,False,True
1975_1999,1999_1975,0.07529917531820729,1641063.811994254,0.0,1641063.811994254,False,True,True
1975_2000,2000_1975,0.07926416386620394,1648793.4725911361,0.0,1648793.4725911361,False,True,True
1975_2001,2001_1975,0.08989422216056009,2120905.9603590164,0.0,2120905.9603590164,False,True,True
1975_2002,2002_1975,0.09633839682295453,2539928.778533386,716211.8835102728,1823716.8950231131,False,False,True
1975_2003,2003_1975,0.10995088388425955,3519654.893910778,2306940.7242446668,1212714.1696661115,False,False,True
1975_2004,2004_1975,0.10811628384991501,3226543.08194014,1538880.9628131548,1687662.1191269853,False,False,True
1975_2005,2005_1975,0.10890469014960535,3242506.553940143,1473331.1307156966,1769175.4232244464,False,False,True
1975_2006,2006_1975,0.10535931511187346,3051688.663899203,1325931.3827379772,1725757.2811612256,False,False,True
1975_2007,2007_1975,0.10366491852949067,2864805.071589338,898965.8017134463,1965839.269875892,False,False,True
1975_2008,2008_1975,0.10867679230482619,3120137.8897783747,1067749.8538629757,2052388.035915399,False,False,True
1975_2009,2009_1975,0.1237346502044605,4750977.045041647,4260802.05181426,490174.99322738685,False,False,True
1975_2010,2010_1975,0.12485999172292228,4697354.411104999,3837487.313495112,859867.0976098864,False,False,True
1975_2011,2011_1975,0.12582129990281143,4725052.420733646,3737491.105203651,987561.3155299947,False,False,True
1975_2012,2012_1975,0.13372879964407658,5559284.454671164,4973218.606985513,586065.8476856509,False,False,True
1975_2013,2013_1975,0.11740470734065167,4128377.3978464035,3229999.623432236,898377.7744141677,False,False,True
1975_2014,2014_1975,0.1180104996744391,4052885.891670053,2847039.7198823728,1205846.1717876801,False,False,True
1975_2015,2015_1975,0.12262170750150525,4383089.7155884,3157075.373579071,1226014.3420093292,False,False,True
1976_1977,1977_1976,0.13707783724498057,5214673.170935646,4900796.2988468995,313876.87208874617,False,False,True
1976_1978,1978_1976,0.14169184637909193,5920510.373591637,6422454.620654666,-501944.2470630286,False,False,True
1976_1979,1979_1976,0.1435801286956091,6218792.646211617,7055763.566667651,-836970.9204560341,False,False,True
1976_1980,1980_1976,0.143137371668149,6005479.872609731,6387729.074295279,-382249.2016855478,False,False,True
1976_1981,1981_1976,0.13004335078869533,4611792.822502766,4152950.8755444856,458841.94695828017,False,False,True
1976_1982,1982_1976,0.14512730885658343,6378370.70042217,7255873.478036537,-877502.7776143672,False,False,True
1976_1983,1983_1976,0.13793397049026668,5536985.42579772,5884222.381781878,-347236.9559841575,False,False,True
1976_1984,1984_1976,0.13508027431838232,5219872.5337872105,5346630.1811388815,-126757.64735167101,False,False,True
1976_1985,1985_1976,0.1326580619231621,5122467.921988812,5491718.403939127,-369250.4819503147,False,False,True
1976_1986,1986_1976,0.13413223322837964,5088685.296057971,5067772.523872867,20912.772185103968,False,False,True
1976_1987,1987_1976,0.13314067996231516,4915270.455646593,4641261.7078085765,274008.7478380166,False,False,True
1976_1988,1988_1976,0.14128992484664882,5780386.604055935,6007463.737051634,-227077.13299569953,False,False,True
1976_1989,1989_1976,0.14561980249576068,6262237.890955685,6711131.173678619,-448893.28272293415,False,False,True
1976_1990,1990_1976,0.14104444638139824,5591152.241420506,5377171.460012633,213980.78140787221,False,False,True
1976_1991,1991_1976,0.13861603702906633,5609749.371618569,5997319.294317109,-387569.9226985397,False,False,True
1976_1992,1992_1976,0.12235114280097514,4073423.8748426232,3590787.971165356,482635.903677267,False,False,True
1976_1993,1993_1976,0.11201489458911573,3422680.2765957783,2835142.9822506914,587537.2943450869,False,False,True
1976_1994,1994_1976,0.11813938607371766,3818490.231135331,3354316.042721077,464174.1884142542,False,False,True
1976_1995,1995_1976,0.12296964078138872,4304863.208615209,4326030.955735623,-21167.74712041393,False,False,True
1976_1996,1996_1976,0.11154117659832119,3334419.748373399,2581667.010477308,752752.7378960908,False,False,True
1976_1997,1997_1976,0.11055387350434875,3200642.653417346,2233899.9945406253,966742.6588767208,False,False,True
1976_1998,1998_1976,0.10301521377941936,2632707.2099651806,1152295.0894386845,1480412.120526496,False,False,True
1976_1999,1999_1976,0.07568393252781802,1455770.41053371,0.0,1455770.41053371,False,True,True
1976_2000,2000_1976,0.07965033980463465,1449345.8623733826,0.0,1449345.8623733826,False,True,True
1976_2001,2001_1976,0.0902842016837615,1878266.9060588195,0.0,1878266.9060588195,False,True,True
1976_2002,2002_1976,0.09673068216273095,2266926.550923999,549803.5986993642,1717122.9522246346,False,False,True
1976_2003,2003_1976,0.11034803996387987,3170233.954746118,2151954.922767612,1018279.0319785057,False,False,True
1976_2004,2004_1976,0.10851278348377025,2888493.4733112934,1378379.9851478657,1510113.4881634277,False,False,True
1976_2005,2005_1976,0.1093014718863532,2899613.9591629053,1312359.4619775508,1587254.4971853546,False,False,True
1976_2006,2006_1976,0.1057548282634333,2730068.5443382813,1163901.286490644,1566167.2578476372,False,False,True
1976_2007,2007_1976,0.1040598254020575,2552902.854420804,733869.810696059,1819033.043724745,False,False,True
1976_2008,2008_1976,0.1090734924965111,2778651.946130499,903865.8437774288,1874786.10235307,False,False,True
1976_2009,2009_1976,0.12413673831005934,4303728.281238928,4119846.26467989,183882.0165590383,False,False,True
1976_2010,2010_1976,0.1252624824915869,4241062.14658383,3693491.847051735,547570.299532095,False,False,True
1976_2011,2011_1976,0.12622413464109994,4260897.542321802,3592777.599963585,668119.9423582172,False,False,True
1976_2012,2012_1976,0.13413446379728988,5025387.702649269,4837378.441080749,188009.26156852022,False,False,True
1976_2013,2013_1976,0.11780453050342432,3728907.893034526,3081641.9942886075,647265.8987459186,False,False,True
1976_2014,2014_1976,0.11841053959825198,3649062.6198149705,2695932.185787116,953130.4340278544,False,False,True
1976_2015,2015_1976,0.12302339738050927,3944617.163022316,3008194.1001742394,936423.0628480767,False,False,True
1977_1978,1978_1977,0.14108436057783202,5401953.239362764,6242005.566248836,-840052.3268860718,False,False,True
1977_1979,1979_1977,0.14297163815327174,5682810.121799426,6868608.891235663,-1185798.7694362365,False,False,True
1977_1980,1980_1977,0.1425291167135565,5473632.4183997065,6207647.701974597,-734015.2835748903,False,False,True
1977_1981,1981_1977,0.1294420630659272,4189395.935393745,3996531.849654705,192864.08573904028,False,False,True
1977_1982,1982_1977,0.14451799507110663,5827697.349145396,7066599.99276037,-1238902.6436149739,False,False,True
1977_1983,1983_1977,0.13732848422701927,5051518.246029518,5709472.2543226285,-657954.0082931109,False,False,True
1977_1984,1984_1977,0.13447630648579634,4758182.86788607,5177572.203753978,-419389.33586790785,False,False,True
1977_1985,1985_1977,0.13205538293190622,4680088.380071691,5321124.19902486,-641035.8189531686,False,False,True
1977_1986,1986_1977,0.13352876984145734,4634646.985795825,4901667.155608109,-267020.1698122844,False,False,True
1977_1987,1987_1977,0.132537744173564,4469105.715125792,4479672.3343266025,-10566.61920081079,False,False,True
1977_1988,1988_1977,0.1406826529048686,5265468.345149946,5831408.701729656,-565940.3565797098,False,False,True
1977_1989,1989_1977,0.14501022665805485,5706808.491159521,6527625.545422216,-820817.0542626949,False,False,True
1977_1990,1990_1977,0.14043730505689656,5078444.523290254,5207790.104530716,-129345.58124046214,False,False,True
1977_1991,1991_1977,0.1380101878432498,5118429.247884233,5821371.6706919465,-702942.422807714,False,False,True
1977_1992,1992_1977,0.12175394804527828,3704961.042248636,3440321.2556218347,264639.78662680136,False,False,True
1977_1993,1993_1977,0.1114231996747701,3116462.279985369,2692677.209940137,423785.0700452323,False,False,True
1977_1994,1994_1977,0.11754443236267598,3476717.3994947276,3206353.1464358424,270364.2530588852,False,False,True
1977_1995,1995_1977,0.1223721169274834,3932318.043301901,4167779.3180814795,-235461.27477957867,False,False,True
1977_1996,1996_1977,0.11094973374582051,3030800.1955661057,2441885.1001533093,588915.0954127964,False,False,True
1977_1997,1997_1977,0.10996295598853423,2902371.503246564,2097800.3215021566,804571.1817444074,False,False,True
1977_1998,1998_1977,0.1024283075287793,2372422.487613867,1027647.6983225086,1344774.7892913586,False,False,True
1977_1999,1999_1977,0.07511156905011918,1298186.3609364321,0.0,1298186.3609364321,False,True,True
1977_2000,2000_1977,0.07907586583091142,1279724.2684424971,0.0,1279724.2684424971,False,True,True
1977_2001,2001_1977,0.08970406951065235,1671912.8509997104,0.0,1671912.8509997104,False,True,True
1977_2002,2002_1977,0.09614711986495927,2034749.9259785842,431535.52629298787,1603214.3996855963,False,False,True
1977_2003,2003_1977,0.10975723197057219,2873066.5101764523,2016722.9030281082,856343.6071483442,False,False,True
1977_2004,2004_1977,0.10792295201688429,2600996.8551230202,1251338.755069033,1349658.1000539872,False,False,True
1977_2005,2005_1977,0.10871122076419182,2607998.5900456123,1186017.2724082768,1421981.3176373355,False,False,True
1977_2006,2006_1977,0.10516646428415544,2456544.498296293,1039131.0062861714,1417413.4920101217,False,False,True
1977_2007,2007_1977,0.1034723633212864,2287643.4654066027,613652.8028307083,1673990.6625758945,False,False,True
1977_2008,2008_1977,0.10848336268049974,2488232.873155367,781848.8787490362,1706383.9944063309,False,False,True
1977_2009,2009_1977,0.12353859345217688,3923362.4893549876,3963777.7580367974,-40415.26868180977,False,False,True
1977_2010,2010_1977,0.12466373863353786,3853005.247221072,3541937.6792087522,311067.56801231997,False,False,True
1977_2011,2011_1977,0.12562487909504294,3866153.828817004,3442289.817771966,423864.01104503777,False,False,True
1977_2012,2012_1977,0.13353099922349854,4571331.532341666,4673712.53844426,-102381.00610259455,False,False,True
1977_2013,2013_1977,0.11720975496655894,3389176.3010691283,2936566.233648572,452610.0674205562,False,False,True
1977_2014,2014_1977,0.11781544160842228,3305628.336678359,2554940.409461792,750687.9272165671,False,False,True
1977_2015,2015_1977,0.12242584492311459,3571715.1604362633,2863896.022758484,707819.1376777794,False,False,True
1978_1979,1979_1978,0.14760956302149975,7370226.761534434,7713974.607796995,-343747.84626256116,False,False,True
1978_1980,1980_1978,0.14716524592813784,7148030.748865659,6997253.73491898,150777.01394667942,False,False,True
1978_1981,1981_1978,0.134025087925564,5519214.545919741,4599604.811718455,919609.734201286,False,False,True
1978_1982,1982_1978,0.14916219471201053,7561364.649253987,7928668.5375048965,-367303.88825090975,False,False,True
1978_1983,1983_1978,0.1419435104308744,6579899.041811042,6457051.454529888,122847.58728115447,False,False,True
1978_1984,1984_1978,0.1390797591863091,6211705.677215866,5880279.512816302,331426.16439956427,False,False,True
1978_1985,1985_1978,0.13664901206271707,6072817.743641823,6035941.771093448,36875.972548374906,False,False,True
1978_1986,1986_1978,0.13812837764886887,6064081.276874157,5581098.6983427135,482982.57853144314,False,False,True
1978_1987,1987_1978,0.13713333061908295,5873751.898401107,5123503.756955889,750248.1414452177,False,False,True
1978_1988,1988_1978,0.1453112895797135,6886569.031472215,6589274.644697699,297294.38677451666,False,False,True
1978_1989,1989_1978,0.14965642366533438,7455449.106713067,7344225.392231857,111223.7144812094,False,False,True
1978_1990,1990_1978,0.14506494616470622,6692585.8347861115,5913046.641315117,779539.193470995,False,False,True
1978_1991,1991_1978,0.1426279802488628,6665236.679964619,6578390.874571201,86845.80539341737,False,False,True
1978_1992,1992_1978,0.1263057762429387,4864980.7938717995,3996471.4523983514,868509.3414734481,False,False,True
1978_1993,1993_1978,0.11593310799167789,4080518.6052049347,3185755.026488225,894763.5787167097,False,False,True
1978_1994,1994_1978,0.12207917928131273,4552709.874719895,3742765.4403571975,809944.4343626979,False,False,True
1978_1995,1995_1978,0.12692645351707244,5105190.072463545,4785298.97507199,319891.0973915551,False,False,True
1978_1996,1996_1978,0.11545772084322237,3986675.9232641314,2913805.7157604834,1072870.207503648,False,False,True
1978_1997,1997_1978,0.11446693896112015,3841409.0259774644,2540693.4258019812,1300715.6001754832,False,False,True
1978_1998,1998_1978,0.1069017165725834,3191868.554528254,1380261.111984131,1811607.4425441232,False,False,True
1978_1999,1999_1978,0.07947413284065541,1794303.1844073008,0.0,1794303.1844073008,False,True,True
1978_2000,2000_1978,0.08345451585667063,1813738.5077523512,0.0,1813738.5077523512,False,True,True
1978_2001,2001_1978,0.09412584642469612,2321570.7228965797,0.0,2321570.7228965797,False,True,True
1978_2002,2002_1978,0.10059504124529428,2765704.1687872848,733860.0173179583,2031844.1514693266,False,False,True
1978_2003,2003_1978,0.11426038016081819,3808629.271862231,2452776.193922783,1355853.0779394484,False,False,True
1978_2004,2004_1978,0.11241865710676913,3506113.2634060546,1622823.0839292803,1883290.1794767743,False,False,True
1978_2005,2005_1978,0.11321012447345113,3526081.9301519804,1551990.9823914524,1974090.947760528,False,False,True
1978_2006,2006_1978,0.10965098415948393,3317671.5045640343,1392713.16914114,1924958.3354228942,False,False,True
1978_2007,2007_1978,0.10795000891144246,3122751.116275237,931340.9822021559,2191410.134073081,False,False,True
1978_2008,2008_1978,0.11298134179229957,3402549.9523774884,1113726.3329692895,2288823.6194081986,False,False,True
1978_2009,2009_1978,0.12809766334423944,5120855.947028525,4564087.535490852,556768.4115376733,False,False,True
1978_2010,2010_1978,0.129227374114669,5074712.372592047,4106660.3908644365,968051.9817276103,False,False,True
1978_2011,2011_1978,0.13019241467054155,5108912.8372926805,3998606.085422923,1110306.7518697577,False,False,True
1978_2012,2012_1978,0.13813061607724686,6000822.051629904,5333913.485587784,666908.5660421196,False,False,True
1978_2013,2013_1978,0.12174314383870843,4458742.4067080775,3450218.896376105,1008523.5103319725,False,False,True
1978_2014,2014_1978,0.12235128822234298,4386851.506511622,3036398.5416140854,1350452.9648975367,False,False,True
1978_2015,2015_1978,0.12698039952896822,4745710.608971272,3371418.116802947,1374292.4921683245,False,False,True
1979_1980,1980_1979,0.14906258088316915,7844909.559749766,7331718.46837102,513191.09137874655,False,False,True
1979_1981,1981_1979,0.13590068993394144,6072680.465667175,4853499.892857249,1219180.5728099262,False,False,True
1979_1982,1982_1979,0.15106283248740238,8282911.00091102,8294432.168004632,-11521.167093612254,False,False,True
1979_1983,1983_1979,0.1438322089829811,7216005.858309083,6773363.442812018,442642.4154970646,False,False,True
1979_1984,1984_1979,0.14096372128448453,6816656.857904629,6177209.8833985925,639446.9745060364,False,False,True
1979_1985,1985_1979,0.1385289538669543,6652466.901854997,6338102.955038917,314363.9468160793,False,False,True
1979_1986,1986_1979,0.14001076622531072,6659006.899337255,5867975.514391776,791031.3849454792,False,False,True
1979_1987,1987_1979,0.13901407345397332,6458360.79587976,5395003.732396185,1063357.0634835744,False,False,True
1979_1988,1988_1979,0.1472055582143541,7561265.5466636075,6910029.809108109,651235.7375554983,False,False,True
1979_1989,1989_1979,0.15155787886251626,8183227.300621978,7690349.624921566,492877.67570041213,False,False,True
1979_1990,1990_1979,0.14695880736373645,7364385.882174547,6211078.105608379,1153307.7765661683,False,False,True
1979_1991,1991_1979,0.14451781086848636,7309012.598944966,6898780.305046816,410232.2938981494,False,False,True
1979_1992,1992_1979,0.12816861102363353,5347777.0141046895,4230099.077118179,1117677.9369865106,False,False,True
1979_1993,1993_1979,0.11777878706954814,4481755.523159431,3392139.6549844737,1089615.8681749576,False,False,True
1979_1994,1994_1979,0.12393502355197916,5000534.23228868,3967867.6279364405,1032666.6043522395,False,False,True
1979_1995,1995_1979,0.12879031485666292,5593335.366286156,5045434.049911786,547901.3163743699,False,False,True
1979_1996,1996_1979,0.11730261366239336,4384508.104741408,3111051.866475374,1273456.2382660336,False,False,True
1979_1997,1997_1979,0.11631019309301016,4232233.204614909,2725401.6577311526,1506831.5468837568,False,False,True
1979_1998,1998_1979,0.10873245833022627,3532919.181672657,1525974.6324054317,2006944.5492672252,False,False,True
1979_1999,1999_1979,0.08125951120053898,2000785.2954494015,0.0,2000785.2954494015,False,True,True
1979_2000,2000_1979,0.08524647750510628,2035993.392575291,0.0,2035993.392575291,False,True,True
1979_2001,2001_1979,0.09593545774354761,2591956.0887987316,32082.961658205983,2559873.1271405257,False,False,True
1979_2002,2002_1979,0.10241535218175324,3069924.8039078796,857852.1293428028,2212072.674565077,False,False,True
1979_2003,2003_1979,0.11610329265820218,4198007.2669356065,2634530.0897369757,1563477.1771986308,False,False,True
1979_2004,2004_1979,0.1142585235168172,3882819.591189149,1776687.5615465788,2106132.02964257,False,False,True
1979_2005,2005_1979,0.11505129991783902,3908185.050242761,1703475.2459005471,2204709.804342214,False,False,True
1979_2006,2006_1979,0.11148627302270886,3676069.594928267,1538845.1235983896,2137224.471329877,False,False,True
1979_2007,2007_1979,0.10978248447483341,3470320.040651556,1061969.1669752852,2408350.873676271,False,False,True
1979_2008,2008_1979,0.11482213884536208,3783085.567676404,1250483.3234053946,2532602.244271009,False,False,True
1979_2009,2009_1979,0.12996346178692186,5619248.594489423,4816789.108035,802459.4864544226,False,False,True
1979_2010,2010_1979,0.1310950410237659,5583182.665046434,4343990.761376224,1239191.9036702095,False,False,True
1979_2011,2011_1979,0.13206167769247945,5626144.850896656,4232305.441512152,1393839.409384504,False,False,True
1979_2012,2012_1979,0.14001300835590014,6595771.0760800615,5612483.986873276,983287.0892067859,False,False,True
1979_2013,2013_1979,0.12359843232912104,4903892.131416771,3665490.464840961,1238401.6665758095,False,False,True
1979_2014,2014_1979,0.12420758254308462,4836852.8611379545,3237764.2534788786,1599088.6076590759,False,False,True
1979_2015,2015_1979,0.1288443500916714,5234323.466062904,3584041.694834014,1650281.7712288904,False,False,True
1980_1981,1981_1980,0.1354609061353731,5488866.946102106,4650720.263760063,838146.6823420431,False,False,True
1980_1982,1982_1980,0.1506171784004311,7521800.876402437,8065105.970930751,-543305.0945283147,False,False,True
1980_1983,1983_1980,0.1433893543582332,6545020.082837089,6555772.191700948,-10752.108863859437,False,False,True
1980_1984,1984_1980,0.14052197724486737,6178535.041616249,5964217.91809847,214317.1235177787,False,False,True
1980_1985,1985_1980,0.138088152490083,6041034.4665502375,6123869.710189609,-82835.24363937136,False,False,True
1980_1986,1986_1980,0.13956939113889466,6031460.361895314,5657369.272070529,374091.0898247855,False,False,True
1980_1987,1987_1980,0.13857308425457804,5841696.669275876,5188046.436510907,653650.2327649696,False,False,True
1980_1988,1988_1980,0.14676139753851225,6849574.125172066,6691384.185898753,158189.9392733127,False,False,True
1980_1989,1989_1980,0.15111203310969157,7415543.629976889,7465683.885250266,-50140.25527337659,False,False,True
1980_1990,1990_1980,0.1465147422217974,6655749.747380918,5997824.849183861,657924.8981970567,False,False,True
1980_1991,1991_1980,0.14407469080098956,6629937.20936603,6680221.471027248,-50284.26166121755,False,False,True
1980_1992,1992_1980,0.12773182083451018,4838508.149464388,4032128.9446365703,806379.2048278181,False,False,True
1980_1993,1993_1980,0.1173460194822995,4058518.014050741,3200634.3247664985,857883.6892842427,False,False,True
1980_1994,1994_1980,0.12349987247021454,4528154.80473783,3771920.5939742657,756234.2107635639,False,False,True
1980_1995,1995_1980,0.12835328396403822,5078424.1280734185,4841173.661316921,237250.4667564975,False,False,True
1980_1996,1996_1980,0.1168700304339989,3964862.020352896,2921715.110204342,1043146.910148554,False,False,True
1980_1997,1997_1980,0.11587799409757893,3819979.385327219,2539040.1676563183,1280939.2176709007,False,False,True
1980_1998,1998_1980,0.10830319318720649,3173168.0933420355,1348866.6435665463,1824301.4497754893,False,False,True
1980_1999,1999_1980,0.08084088268900791,1782981.3735209769,0.0,1782981.3735209769,False,True,True
1980_2000,2000_1980,0.0848263053699101,1801551.8453735758,0.0,1801551.8453735758,False,True,True
1980_2001,2001_1980,0.09551114718289444,2306744.973761588,0.0,2306744.973761588,False,True,True
1980_2002,2002_1980,0.10198853281675158,2749023.166829441,685898.6620190367,2063124.5048104045,False,False,True
1980_2003,2003_1980,0.11567117376788905,3787278.928235526,2448869.667879708,1338409.260355818,False,False,True
1980_2004,2004_1980,0.11382711886110908,3485457.731644409,1597645.3388187683,1887812.3928256405,False,False,True
1980_2005,2005_1980,0.11461958832489594,3505130.481898624,1524997.8514107317,1980132.6304878923,False,False,True
1980_2006,2006_1980,0.11105594169221633,3298019.8486377927,1361637.8397597705,1936382.0088780222,False,False,True
1980_2007,2007_1980,0.10935281279584586,3103693.244327438,888440.950025132,2215252.294302306,False,False,True
1980_2008,2008_1980,0.11439051597613203,3381684.4534236975,1075500.7320392178,2306183.7213844797,False,False,True
1980_2009,2009_1980,0.12952597668996568,5093528.1205489915,4614292.700247285,479235.42030170653,False,False,True
1980_2010,2010_1980,0.1306571178161373,5046831.969474175,4145141.961982169,901690.0074920058,False,False,True
1980_2011,2011_1980,0.13162338023457543,5080552.012169275,4034318.287073211,1046233.7250960646,False,False,True
1980_2012,2012_1980,0.13957163240140424,5968199.853475149,5403848.845015623,564351.0084595261,False,False,True
1980_2013,2013_1980,0.12316341156452926,4434333.991984811,3471876.2509615,962457.7410233105,False,False,True
1980_2014,2014_1980,0.12377232593534448,4362177.067597977,3047449.91941029,1314727.1481876867,False,False,True
1980_2015,2015_1980,0.12840729827836128,4718919.027188721,3391055.8529005004,1327863.1742882207,False,False,True
1981_1982,1982_1981,0.13743748037669556,4975656.429489413,6247561.962042065,-1271905.532552652,False,False,True
1981_1983,1983_1981,0.13029244715322785,4300368.946079832,5048838.747502804,-748469.8014229722,False,False,True
1981_1984,1984_1981,0.1274579142952612,4043823.8261456313,4579022.295909804,-535198.469764173,False,False,True
1981_1985,1985_1981,0.12505196768788585,3995607.333625317,4705818.841548702,-710211.5079233847,False,False,True
1981_1986,1986_1981,0.12651623954838698,3932126.664923481,4335321.001732625,-403194.3368091439,False,False,True
1981_1987,1987_1981,0.12553134482105954,3778767.9405630482,3962581.594558025,-183813.65399497654,False,False,True
1981_1988,1988_1981,0.1336258654010154,4468750.243849627,5156542.721171128,-687792.4773215009,False,False,True
1981_1989,1989_1981,0.13792666679266397,4847408.675444754,5771496.840264032,-924088.1648192778,False,False,True
1981_1990,1990_1981,0.13338203538766935,4285146.727677738,4605713.150521192,-320566.4228434535,False,False,True
1981_1991,1991_1981,0.13096993343736507,4358223.857335581,5147677.216643303,-789453.3593077213,False,False,True
1981_1992,1992_1981,0.11481426221521418,3134849.1782651646,3044544.0135606416,90305.16470452305,False,False,True
1981_1993,1993_1981,0.10454742460535527,2642660.0470605204,2384165.29725617,258494.74980435055,False,False,True
1981_1994,1994_1981,0.11063078853262898,2947902.2005944867,2837884.7610823433,110017.43951214338,False,False,True
1981_1995,1995_1981,0.11542860682041112,3355889.7041949276,3687092.8631464285,-331203.1589515009,False,False,True
1981_1996,1996_1981,0.1040768877543945,2561018.459443125,2162645.748646233,398372.7107968917,False,False,True
1981_1997,1997_1981,0.10309621465814511,2440865.1955432356,1858722.6909585714,582142.5045846642,False,False,True
1981_1998,1998_1981,0.09560817899903329,1969691.478948895,913478.734791076,1056212.7441578188,False,False,True
1981_1999,1999_1981,0.06846043442788208,1054361.127282635,0.0,1054361.127282635,False,True,True
1981_2000,2000_1981,0.07240020624556287,1017273.6912513258,0.0,1017273.6912513258,False,True,True
1981_2001,2001_1981,0.08296265896930888,1352627.201095553,0.0,1352627.201095553,False,True,True
1981_2002,2002_1981,0.08936584965089156,1675509.7619458677,386945.0277254522,1288564.7342204154,False,False,True
1981_2003,2003_1981,0.10289176334357308,2413267.93416783,1787108.663076689,626159.2710911408,False,False,True
1981_2004,2004_1981,0.10106883108928488,2156161.6685443204,1111060.4767393717,1045101.1918049487,False,False,True
1981_2005,2005_1981,0.10185222324358789,2156790.5795028345,1053363.3451755361,1103427.2343272984,False,False,True
1981_2006,2006_1981,0.098329396257411,2033328.667718527,923621.7061900636,1109706.9615284633,False,False,True
1981_2007,2007_1981,0.09664577578223477,1877215.2991642738,547805.4986828426,1329409.8004814312,False,False,True
1981_2008,2008_1981,0.10162577479479595,2038875.8569684732,696369.6574478856,1342506.1995205875,False,False,True
1981_2009,2009_1981,0.11658786698484702,3334833.521372333,3506902.4515133356,-172068.9301410024,False,False,True
1981_2010,2010_1981,0.11770605150064894,3252576.051500446,3134299.7251875475,118276.32631289866,False,False,True
1981_2011,2011_1981,0.11866124590521965,3255378.3193371613,3046282.8043036126,209095.5150335487,False,False,True
1981_2012,2012_1981,0.1265184551384455,3868783.577138514,4133973.34394304,-265189.7668045261,False,False,True
1981_2013,2013_1981,0.11029818160480609,2863519.4531696523,2599587.4909158205,263931.9622538318,False,False,True
1981_2014,2014_1981,0.11090012119054071,2774242.4220219613,2262505.1944129257,511737.22760903556,False,False,True
1981_2015,2015_1981,0.11548200242995121,2994734.6973571875,2535399.377791191,459335.3195659965,False,False,True
1982_1983,1983_1982,0.1453797301901225,7416999.827322044,6948141.812678286,468858.01464375854,False,False,True
1982_1984,1984_1982,0.14250736163785116,7007806.41912944,6335648.189312861,672158.2298165783,False,False,True
1982_1985,1985_1982,0.14006930015832153,6835621.651847596,6500951.2037246805,334670.4481229158,False,False,True
1982_1986,1986_1982,0.14155311730027442,6846988.632947136,6017937.968260979,829050.6646861564,False,False,True
1982_1987,1987_1982,0.140555076076613,6643082.700404248,5532002.430462436,1111080.2699418124,False,False,True
1982_1988,1988_1982,0.1487576433159492,7774452.902859706,7088554.088279293,685898.8145804135,False,False,True
1982_1989,1989_1982,0.1531158523351943,8413187.150070133,7890261.8090915,522925.3409786327,False,False,True
1982_1990,1990_1982,0.14851055862950213,7576658.026420801,6370444.710797406,1206213.3156233951,False,False,True
1982_1991,1991_1982,0.14606625964476683,7512429.8140334375,7076996.244843206,435433.56919023115,False,False,True
1982_1992,1992_1982,0.1296949405299015,5500328.639102664,4335168.725588632,1165159.913514032,False,False,True
1982_1993,1993_1982,0.1192910599049326,4608536.432532773,3474241.5456840666,1134294.8868487068,False,False,True
1982_1994,1994_1982,0.12545562532445587,5142035.616512108,4065749.734569401,1076285.8819427066,False,False,True
1982_1995,1995_1982,0.13031748548268474,5747577.1658011405,5172851.339166027,574725.8266351139,False,False,True
1982_1996,1996_1982,0.11881424227003179,4510213.201876535,3185449.379053192,1324763.8228233429,False,False,True
1982_1997,1997_1982,0.11782047902830084,4355723.94675635,2789228.8248426407,1566495.1219137092,False,False,True
1982_1998,1998_1982,0.11023249214535857,3640682.7166737383,1556926.5210083753,2083756.195665363,False,False,True
1982_1999,1999_1982,0.08272237613025957,2066028.5186819485,0.0,2066028.5186819485,False,True,True
1982_2000,2000_1982,0.0867147365082408,2106220.4209209606,0.0,2106220.4209209606,False,True,True
1982_2001,2001_1982,0.0974181781541088,2677391.154806805,22088.545316860895,2655302.609489944,False,False,True
1982_2002,2002_1982,0.10390683941491696,3166050.975366258,870491.3462264783,2295559.6291397796,False,False,True
1982_2003,2003_1982,0.11761329867235748,4321041.050957865,2695866.5441637924,1625174.5067940727,False,False,True
1982_2004,2004_1982,0.11576603369343075,4001849.442795298,1814511.279112162,2187338.163683136,False,False,True
1982_2005,2005_1982,0.11655988266286199,4028920.154296653,1739292.2759259157,2289627.878370737,False,False,True
1982_2006,2006_1982,0.11299003254743711,3789314.4978292463,1570149.7814599695,2219164.716369277,False,False,True
1982_2007,2007_1982,0.1112839388984379,3580143.1958262776,1080203.0589153152,2499940.1369109624,False,False,True
1982_2008,2008_1982,0.11633041155223722,3903325.379113726,1273884.2286480973,2629441.1504656286,False,False,True
1982_2009,2009_1982,0.1314922195948216,5776728.3034658665,4937939.433159659,838788.8703062078,False,False,True
1982_2010,2010_1982,0.1326253297754989,5743846.659763905,4452182.084413559,1291664.575350346,False,False,True
1982_2011,2011_1982,0.13359327423283096,5789577.332075152,4337435.564561226,1452141.7675139252,False,False,True
1982_2012,2012_1982,0.14155536246430245,6783760.204137133,5755443.634447145,1028316.5696899882,False,False,True
1982_2013,2013_1982,0.12511857871832444,5044548.398027464,3755084.6696328865,1289463.7283945773,False,False,True
1982_2014,2014_1982,0.12572855306791486,4979042.12240935,3315634.845223051,1663407.2771862992,False,False,True
1982_2015,2015_1982,0.13037159382340868,5388713.003968308,3671403.457850307,1717309.5461180005,False,False,True
1983_1984,1984_1983,0.13533048097601874,5697573.940342894,5499321.76015499,198252.18018790428,False,False,True
1983_1985,1985_1983,0.13290773465057248,5580189.515113051,5645050.9624627195,-64861.44734966848,False,False,True
1983_1986,1986_1983,0.13438223090855628,5558469.99227605,5219232.148700254,339237.8435757961,False,False,True
1983_1987,1987_1983,0.13339045907360791,5376908.520874535,4790837.067410695,586071.4534638394,False,False,True
1983_1988,1988_1983,0.14154150030254464,6313162.61077137,6163074.786435659,150087.82433571108,False,False,True
1983_1989,1989_1983,0.14587233239006858,6836929.995027645,6869850.927534016,-32920.93250637129,False,False,True
1983_1990,1990_1983,0.14129596772627862,6121641.0441636415,5529997.966133865,591643.0780297769,False,False,True
1983_1991,1991_1983,0.13886702307772025,6118108.8423008965,6152885.526969753,-34776.68466885667,False,False,True
1983_1992,1992_1983,0.12259854356591515,4454665.272243372,3735722.4844923965,718942.7877509757,False,False,True
1983_1993,1993_1983,0.11226001692655063,3739518.1408523675,2976739.1615387565,762778.979313611,False,False,True
1983_1994,1994_1983,0.11838585843773552,4172115.998518642,3498205.856090374,673910.1424282682,False,False,True
1983_1995,1995_1983,0.12321717788233588,4690328.517067214,4474213.669895484,216114.84717172943,False,False,True
1983_1996,1996_1983,0.1117861945137184,3648569.0528651034,2722143.368318732,926425.6845463715,False,False,True
1983_1997,1997_1983,0.1107986737877309,3509258.0686951783,2372839.9662695676,1136418.1024256106,False,False,True
1983_1998,1998_1983,0.10325835230997638,2902018.799882383,1286456.6817376118,1615562.1181447713,False,False,True
1983_1999,1999_1983,0.07592104640207054,1618819.5920579047,0.0,1618819.5920579047,False,True,True
1983_2000,2000_1983,0.07988832799723244,1624850.0592127189,0.0,1624850.0592127189,False,True,True
1983_2001,2001_1983,0.09052453390708459,2091777.4730709759,0.0,2091777.4730709759,False,True,True
1983_2002,2002_1983,0.09697243538892986,2507155.233732605,681303.4677271319,1825851.766005473,False,False,True
1983_2003,2003_1983,0.11059279487520923,3477707.38709252,2290532.872612682,1187174.5144798378,False,False,True
1983_2004,2004_1983,0.10875713384803798,3185960.6878318544,1513540.3889444089,1672420.2988874456,False,False,True
1983_2005,2005_1983,0.10954599610183968,3201342.765954985,1447228.196322164,1754114.5696328208,False,False,True
1983_2006,2006_1983,0.10599857068941398,3013078.6075287317,1298114.153347398,1714964.4541813338,False,False,True
1983_2007,2007_1983,0.10430319419719458,2827361.636137002,866182.858544501,1961178.7775925011,False,False,True
1983_2008,2008_1983,0.10931796645831726,3079142.968341345,1036929.9103609273,2042213.0579804177,False,False,True
1983_2009,2009_1983,0.12438453267525329,4697285.441401859,4267118.08366733,430167.35773452837,False,False,True
1983_2010,2010_1983,0.125510525005476,4642577.147547534,3838880.091760358,803697.0557871759,False,False,True
1983_2011,2011_1983,0.12647238913274572,4669331.26111037,3737720.9031928154,931610.3579175547,False,False,True
1983_2012,2012_1983,0.13438446196915277,5495190.87831245,4987820.217023742,507370.6612887075,False,False,True
1983_2013,2013_1983,0.1180509290549594,4080421.629034031,3224327.1717895,856094.4572445313,False,False,True
1983_2014,2014_1983,0.11865707173285922,4004407.459066649,2836913.351216497,1167494.107850152,False,False,True
1983_2015,2015_1983,0.12327094633106706,4330451.684128822,3150554.7951355656,1179896.8889932563,False,False,True
1984_1985,1985_1984,0.13006664320826533,5088147.094859146,5322645.169297018,-234498.0744378725,False,False,True
1984_1986,1986_1984,0.13153744174350246,5053459.954738567,4917682.374583926,135777.5801546406,False,False,True
1984_1987,1987_1984,0.13054815706120282,4880655.964062269,4510269.494379122,370386.46968314704,False,False,True
1984_1988,1988_1984,0.1386787572138073,5740438.055637002,5815296.8998076,-74858.84417059831,False,False,True
1984_1989,1989_1984,0.14299872849633743,6219146.394611783,6487456.118905381,-268309.724293598,False,False,True
1984_1990,1990_1984,0.13843384038097728,5551375.191863156,5213227.310274381,338147.88158877473,False,False,True
1984_1991,1991_1984,0.13601098700856062,5571631.621057738,5805606.696237421,-233975.07517968304,False,False,True
1984_1992,1992_1984,0.11978330538038406,4044837.6768318303,3506832.9706010055,538004.7062308248,False,False,True
1984_1993,1993_1984,0.10947070556512273,3398923.1767983665,2785023.6055141278,613899.5712842387,False,False,True
1984_1994,1994_1984,0.11558118476977364,3791974.70507479,3280949.579544056,511025.1255307337,False,False,True
1984_1995,1995_1984,0.1204003882936251,4275960.293798441,4209153.874812255,66806.41898618639,False,False,True
1984_1996,1996_1984,0.10899807139804163,3310864.2418508166,2542897.5636100927,767966.6782407239,False,False,True
1984_1997,1997_1984,0.10801302716382666,3177502.0883305995,2210702.561123597,966799.5272070025,False,False,True
1984_1998,1998_1984,0.10049161520726901,2612513.719729173,1177528.8336727952,1434984.8860563778,False,False,True
1984_1999,1999_1984,0.07322286544342971,1443544.675814643,0.0,1443544.675814643,False,True,True
1984_2000,2000_1984,0.07718019794084574,1436186.2271480917,0.0,1436186.2271480917,False,True,True
1984_2001,2001_1984,0.08778973051034988,1862257.4816164111,0.0,1862257.4816164111,False,True,True
1984_2002,2002_1984,0.0942214620278099,2248913.751838018,602015.190651855,1646898.5611861632,False,False,True
1984_2003,2003_1984,0.10780766455179314,3147179.0176903913,2132426.755558563,1014752.2621318283,False,False,True
1984_2004,2004_1984,0.10597660697173028,2866188.8213139554,1393490.2936461717,1472698.5276677837,False,False,True
1984_2005,2005_1984,0.10676349092692061,2876989.764950725,1330425.980891693,1546563.7840590319,False,False,True
1984_2006,2006_1984,0.1032249617023071,2708847.916776411,1188615.3383781067,1520232.578398304,False,False,True
1984_2007,2007_1984,0.10153383685344419,2532323.418049439,777839.4435276795,1754483.9745217594,False,False,True
1984_2008,2008_1984,0.10653603313320481,2756120.5633374746,940223.5399034031,1815897.0234340713,False,False,True
1984_2009,2009_1984,0.1215648156092104,4274218.624140605,4012201.545180147,262017.07896045828,False,False,True
1984_2010,2010_1984,0.1226879841903532,4210955.795594394,3604938.060336313,606017.735258081,False,False,True
1984_2011,2011_1984,0.12364743616713847,4230272.412839076,3508733.5095057506,721538.9033333249,False,False,True
1984_2012,2012_1984,0.13153966720907384,4990160.975706264,4697604.680614419,292556.2950918451,False,False,True
1984_2013,2013_1984,0.1152470953185949,3702550.731064964,3020485.096007414,682065.6350575499,False,False,True
1984_2014,2014_1984,0.11585171791968496,3622418.194508023,2652046.2708097217,970371.9236983014,False,False,True
1984_2015,2015_1984,0.12045402190253207,3915686.563945337,2950325.988760762,965360.5751845753,False,False,True
1985_1986,1986_1985,0.12912278960033774,5189754.731253108,4832916.835894465,356837.89535864256,False,False,True
1985_1987,1987_1985,0.1281356160089222,5014587.22541958,4442543.95855411,572043.2668654704,False,False,True
1985_1988,1988_1985,0.1362488658111456,5895007.983844882,5692988.72360189,202019.26024299208,False,False,True
1985_1989,1989_1985,0.14055961846110465,6385877.095972901,6337034.950756377,48842.1452165246,False,False,True
1985_1990,1990_1985,0.13600447162028328,5705281.552362775,5116100.634283111,589180.918079664,False,False,True
1985_1991,1991_1985,0.13358678851256367,5719117.780150358,5683703.811824424,35413.96832593344,False,False,True
1985_1992,1992_1985,0.11739373605773706,4155444.1130889766,3481076.0667713173,674368.0463176593,False,False,True
1985_1993,1993_1985,0.10710314288611533,3490844.7448014044,2789456.3060054486,701388.4387959559,False,False,True
1985_1994,1994_1985,0.11320058259144195,3894569.245346742,3264640.225896647,629929.019450095,False,False,True
1985_1995,1995_1985,0.11800950214263084,4387792.17868638,4154022.469583628,233769.70910275262,False,False,True
1985_1996,1996_1985,0.10663151729998144,3402005.800085016,2557457.161526768,844548.638558248,False,False,True
1985_1997,1997_1985,0.10564857510771697,3267038.1447259076,2239156.181711031,1027881.9630148765,False,False,True
1985_1998,1998_1985,0.09814321352017985,2690646.8799960664,1249194.8418174998,1441452.0381785666,False,False,True
1985_1999,1999_1985,0.0709326540933366,1490848.7960544461,0.0,1490848.7960544461,False,True,True
1985_2000,2000_1985,0.07488154181372297,1487103.8187132243,0.0,1487103.8187132243,False,True,True
1985_2001,2001_1985,0.08546843409788463,1924201.5492897145,16193.609727456686,1908007.9395622578,False,False,True
1985_2002,2002_1985,0.09188644057742734,2318609.3270650655,697751.9992108119,1620857.3278542536,False,False,True
1985_2003,2003_1985,0.10544365073064843,3236383.759954618,2164154.2538652658,1072229.506089352,False,False,True
1985_2004,2004_1985,0.10361650054856186,2952490.541761363,1456123.7353813248,1496366.8063800381,False,False,True
1985_2005,2005_1985,0.10440170532729831,2964527.8661719617,1395697.0811845253,1568830.7849874364,False,False,True
1985_2006,2006_1985,0.1008707271715763,2790955.3026159937,1259817.654575124,1531137.6480408697,False,False,True
1985_2007,2007_1985,0.09918321111027106,2611949.8908094154,866222.4203394974,1745727.470469918,False,False,True
1985_2008,2008_1985,0.10417473291871326,2843299.5562815997,1021814.8181660933,1821484.7381155062,False,False,True
1985_2009,2009_1985,0.11917144462049967,4388398.13152329,3965307.651390538,423090.48013275163,False,False,True
1985_2010,2010_1985,0.12029221640828713,4327444.045986826,3575077.920965161,752366.1250216644,False,False,True
1985_2011,2011_1985,0.12124962095589642,4348767.934024488,3482897.1158269327,865870.8181975549,False,False,True
1985_2012,2012_1985,0.12912501031686152,5126461.11351048,4622043.869408677,504417.2441018028,False,False,True
1985_2013,2013_1985,0.11286720607275602,3804532.5250134068,3015069.6432679007,789462.8817455061,False,False,True
1985_2014,2014_1985,0.11347053843526855,3725511.474985855,2662040.7349917996,1063470.7399940556,False,False,True
1985_2015,2015_1985,0.11806302129972757,4027625.565469124,2947844.933647186,1079780.6318219379,False,False,True
1986_1987,1987_1986,0.12960390128355348,4623241.840048894,4390842.158631716,232399.68141717836,False,False,True
1986_1988,1988_1986,0.13772771060100264,5443356.685199578,5674241.987064119,-230885.30186454114,False,False,True
1986_1989,1989_1986,0.14204407375961758,5898692.178008046,6335261.842188254,-436569.664180208,False,False,True
1986_1990,1990_1986,0.1374829983274679,5255569.189839468,5082150.2005643565,173418.98927511182,False,False,True
1986_1991,1991_1986,0.13506216856924325,5288165.161754863,5664712.374469235,-376547.2127143713,False,False,True
1986_1992,1992_1986,0.11884804061592757,3832253.5600929055,3404035.0945786666,428218.4655142389,False,False,True
1986_1993,1993_1986,0.10854405408431722,3222251.1312606856,2694187.920902458,528063.2103582276,False,False,True
1986_1994,1994_1986,0.11464942969806224,3594789.3471156615,3181895.1578062023,412894.1893094592,False,False,True
1986_1995,1995_1986,0.11946460812953452,4061020.8808977217,4094716.7800512174,-33695.89915349567,False,False,True
1986_1996,1996_1986,0.108071814670472,3135691.3648368428,2456074.514742509,679616.8500943338,False,False,True
1986_1997,1997_1986,0.10708759316433225,3005414.964749184,2129384.8165615797,876030.1481876043,False,False,True
1986_1998,1998_1986,0.09957246323711733,2462342.812633471,1113333.3688788598,1349009.4437546113,False,False,True
1986_1999,1999_1986,0.07232648886267912,1352626.778451859,0.0,1352626.778451859,False,True,True
1986_2000,2000_1986,0.07628051611913622,1338323.2853914131,0.0,1338323.2853914131,False,True,True
1986_2001,2001_1986,0.08688118740098605,1743201.797705478,0.0,1743201.797705478,False,True,True
1986_2002,2002_1986,0.09330754701136912,2114959.772290145,547357.4302578052,1567602.34203234,False,False,True
1986_2003,2003_1986,0.10688240207514066,2975728.675514313,2052406.2374032452,923322.4381110677,False,False,True
1986_2004,2004_1986,0.10505287382993056,2700318.0489141545,1325715.8058490953,1374602.2430650592,False,False,True
1986_2005,2005_1986,0.10583910056435908,2708742.684953902,1263696.6269164262,1445046.0580374757,False,False,True
1986_2006,2006_1986,0.10230352678807719,2551038.6003649337,1124236.1423972752,1426802.4579676585,False,False,True
1986_2007,2007_1986,0.1006138143995321,2379282.38396927,720267.8343125003,1659014.5496567697,False,False,True
1986_2008,2008_1986,0.10561183274781016,2588563.6847293493,879960.8189669721,1708602.8657623772,False,False,True
1986_2009,2009_1986,0.12062806289281136,4054767.111660782,3901028.4444593517,153738.66720143007,False,False,True
1986_2010,2010_1986,0.12175029338174137,3987066.9093946274,3500514.3369385637,486552.5724560637,False,False,True
1986_2011,2011_1986,0.12270894400560195,4002525.5785576124,3405904.136787386,596621.4417702262,False,False,True
1986_2012,2012_1986,0.13059458330289253,4728193.90229709,4575072.731011763,153121.1712853266,False,False,True
1986_2013,2013_1986,0.11431561928488154,3506543.0634860303,2925747.2239826145,580795.8395034159,False,False,True
1986_2014,2014_1986,0.11491973689343271,3424274.264428343,2563414.35412897,860859.9102993733,False,False,True
1986_2015,2015_1986,0.11951819694260979,3700541.2742784005,2856750.8290955946,843790.4451828059,False,False,True
1987_1988,1988_1987,0.13673301386786485,4988972.828629023,5490672.890194764,-501700.06156574097,False,False,True
1987_1989,1989_1987,0.1410456033007519,5408559.718405116,6140229.866940351,-731670.1485352349,False,False,True
1987_1990,1990_1987,0.13648851554226926,4803136.000244521,4908848.686559521,-105712.68631500006,False,False,True
1987_1991,1991_1987,0.13406980227591658,4854605.215546218,5481308.532530307,-626703.3169840891,False,False,True
1987_1992,1992_1987,0.11786985006953543,3507107.6559008905,3259834.112450439,247273.54345045146,False,False,True
1987_1993,1993_1987,0.10757487214485795,2952032.4861756004,2562296.54151328,389735.9446623204,False,False,True
1987_1994,1994_1987,0.11367490992853946,3293195.7356522726,3041546.349040847,251649.38661142578,False,False,True
1987_1995,1995_1987,0.11848587852824743,3732272.567871435,3938538.547773108,-206265.9799016728,False,False,True
1987_1996,1996_1987,0.10710304560220996,2867765.6874139477,2328312.3078644956,539453.3795494521,False,False,True
1987_1997,1997_1987,0.10611968458483911,2742208.925393955,2007287.8015060837,734921.1238878712,False,False,True
1987_1998,1998_1987,0.09861112501283142,2232657.4715083283,1008855.9065203731,1223801.5649879551,False,False,True
1987_1999,1999_1987,0.07138897134825961,1213568.496964331,0.0,1213568.496964331,False,True,True
1987_2000,2000_1987,0.07533954166334311,1188642.6075849726,0.0,1188642.6075849726,False,True,True
1987_2001,2001_1987,0.08593094495163434,1561106.9705460279,0.0,1561106.9705460279,False,True,True
1987_2002,2002_1987,0.09235168610089484,1910078.1072422285,452694.67058835784,1457383.4366538706,False,False,True
1987_2003,2003_1987,0.10591467289086154,2713496.5888183257,1931644.1233855984,781852.4654327272,False,False,True
1987_2004,2004_1987,0.10408674417227948,2446619.874759429,1217555.3768961004,1229064.4978633288,False,False,True
1987_2005,2005_1987,0.10487228352153055,2451409.965123212,1156611.6850304718,1294798.2800927402,False,False,True
1987_2006,2006_1987,0.10133980083958716,2309670.366172965,1019569.6128483535,1290100.7533246116,False,False,True
1987_2007,2007_1987,0.09965156573895317,2145207.203904957,622606.600517504,1522600.6033874531,False,False,True
1987_2008,2008_1987,0.10464521440151708,2332286.6230449267,779530.3169770632,1552756.3060678635,False,False,True
1987_2009,2009_1987,0.11964831610204962,3719117.5742158615,3748209.0006004144,-29091.426384552848,False,False,True
1987_2010,2010_1987,0.12076956544321393,3644630.44020456,3354640.288846201,289990.151358359,False,False,True
1987_2011,2011_1987,0.12172737793451005,3654188.4050412234,3261670.7432219577,392517.6618192657,False,False,True
1987_2012,2012_1987,0.1296061229463097,4327517.114873838,4410564.549486916,-83047.4346130779,False,False,True
1987_2013,2013_1987,0.11334139136034449,3206750.72113626,2789840.3281031954,416910.39303306444,False,False,True
1987_2014,2014_1987,0.11394498079874915,3121214.523680931,2433790.7454874218,687423.7781935092,False,False,True
1987_2015,2015_1987,0.11853942048949961,3371478.0741931396,2722040.413589672,649437.6606034674,False,False,True
1988_1989,1989_1988,0.14925169828076723,6978554.981565049,7194110.975366894,-215555.99380184524,False,False,True
1988_1990,1990_1988,0.14466183716522507,6252372.733383678,5772975.247090453,479397.4862932246,False,False,True
1988_1991,1991_1988,0.14222572915957743,6243387.06116178,6433650.554683758,-190263.49352197815,False,False,True
1988_1992,1992_1988,0.1259092712271388,4548616.9855030775,3869849.2573053837,678767.7281976938,False,False,True
1988_1993,1993_1988,0.11554025457305128,3817598.486731389,3064821.878563588,752776.608167801,False,False,True
1988_1994,1994_1988,0.12168416219794675,4259262.2185381735,3617923.578588265,641338.6399499085,False,False,True
1988_1995,1995_1988,0.12652972999786294,4785321.155270085,4653141.333994772,132179.82127531245,False,False,True
1988_1996,1996_1988,0.11506503478002683,3725986.840066514,2794780.920012613,931205.9200539012,False,False,True
1988_1997,1997_1988,0.11407460169306916,3585312.1048029824,2424286.8740526503,1161025.2307503321,False,False,True
1988_1998,1998_1988,0.10651204256764069,2968386.94732367,1271997.67163353,1696389.2756901402,False,False,True
1988_1999,1999_1988,0.07909411445033387,1659000.826452258,0.0,1659000.826452258,False,True,True
1988_2000,2000_1988,0.08307309621114478,1668100.6612977565,0.0,1668100.6612977565,False,True,True
1988_2001,2001_1988,0.09374067004082742,2144394.2237874684,0.0,2144394.2237874684,False,True,True
1988_2002,2002_1988,0.10020758744418345,2566356.297619865,630132.572784993,1936223.724834872,False,False,True
1988_2003,2003_1988,0.11386811560978782,3553479.99717038,2336986.5845013545,1216493.4126690254,False,False,True
1988_2004,2004_1988,0.11202704091646298,3259267.402772416,1512857.5114205806,1746409.8913518353,False,False,True
1988_2005,2005_1988,0.11281822965474086,3275699.69185861,1442522.4605823595,1833177.2312762507,False,False,True
1988_2006,2006_1988,0.10926034230157389,3082822.555819136,1284362.3488655188,1798460.2069536173,False,False,True
1988_2007,2007_1988,0.10755996586535743,2894998.2383979615,826227.752839665,2068770.4855582966,False,False,True
1988_2008,2008_1988,0.11258952751431162,3153194.859212452,1007333.2493566979,2145861.6098557543,False,False,True
1988_2009,2009_1988,0.1277005275119787,4794272.205470564,4433482.203302081,360790.0021684831,False,False,True
1988_2010,2010_1988,0.1288298405786974,4741525.012331372,3979264.9660103233,762260.0463210489,False,False,True
1988_2011,2011_1988,0.12979454140140967,4769984.149004601,3871968.9109517457,898015.2380528552,False,False,True
1988_2012,2012_1988,0.13772994824136364,5610967.427106303,5197906.047309219,413061.37979708426,False,False,True
1988_2013,2013_1988,0.12134824505335828,4167047.36788777,3327429.9239214263,839617.4439663435,False,False,True
1988_2014,2014_1988,0.12195617534566572,4091977.3207692467,2916513.4742021766,1175463.84656707,False,False,True
1988_2015,2015_1988,0.12658365701858876,4425535.30972625,3249182.1137190196,1176353.1960072308,False,False,True
1989_1990,1990_1989,0.1490045073287236,6998807.503092444,6254243.44624565,744564.0568467937,False,False,True
1989_1991,1991_1989,0.1465591571056737,6958684.316195013,6966897.315495392,-8212.999300379306,False,False,True
1989_1992,1992_1989,0.1301807970526816,5085050.239514789,4201389.215578729,883661.0239360593,False,False,True
1989_1993,1993_1989,0.11977244195138947,4263411.474712392,3333026.390877129,930385.0838352633,False,False,True
1989_1994,1994_1989,0.12593965861259915,4756838.35374579,3929643.3100822284,827195.0436635618,False,False,True
1989_1995,1995_1989,0.13080360974812288,5327697.746929092,5046306.7155816015,281391.03134749085,False,False,True
1989_1996,1996_1989,0.11929541924789033,4168016.8368164636,3041739.987774974,1126276.8490414894,False,False,True
1989_1997,1997_1989,0.1183012286108196,4019555.5332039096,2642097.3609766797,1377458.17222723,False,False,True
1989_1998,1998_1989,0.11070997830446117,3347327.1503218524,1399151.924450404,1948175.2258714484,False,False,True
1989_1999,1999_1989,0.08318803080386217,1888422.4045004277,0.0,1888422.4045004277,False,True,True
1989_2000,2000_1989,0.08718210820673322,1915047.315163555,0.0,1915047.315163555,False,True,True
1989_2001,2001_1989,0.09789015316341843,2444818.4930538535,0.0,2444818.4930538535,False,True,True
1989_2002,2002_1989,0.10438160505228433,2904374.8205414605,706788.1551775831,2197586.6653638775,False,False,True
1989_2003,2003_1989,0.11809395915123955,3986116.5758847063,2547928.7301525767,1438187.8457321296,False,False,True
1989_2004,2004_1989,0.11624589970496846,3677824.53464476,1658961.3872807901,2018863.14736397,False,False,True
1989_2005,2005_1989,0.1170400900910833,3700253.181485041,1583092.73357504,2117160.447910001,False,False,True
1989_2006,2006_1989,0.11346870466298098,3481037.466766299,1412489.3913878328,2068548.0753784664,False,False,True
1989_2007,2007_1989,0.1117618772612683,3281180.899493776,918311.10328996,2362869.796203816,False,False,True
1989_2008,2008_1989,0.11681052029006689,3576006.6995447516,1113665.0560590117,2462341.64348574,False,False,True
1989_2009,2009_1989,0.13197884908712276,5348034.597239072,4809365.925446085,538668.6717929877,False,False,True
1989_2010,2010_1989,0.13311244659314125,5306484.641505809,4319413.1938765235,987071.447629285,False,False,True
1989_2011,2011_1989,0.13408080734173144,5344678.89703467,4203675.632757014,1141003.2642776566,False,False,True
1989_2012,2012_1989,0.14204631988924032,6272013.284099422,5633930.736507253,638082.5475921696,False,False,True
1989_2013,2013_1989,0.125602467050262,4661651.727533986,3616295.0971076046,1045356.6304263812,False,False,True
1989_2014,2014_1989,0.12621270373617532,4591972.310074335,3173049.8381050397,1418922.4719692953,False,False,True
1989_2015,2015_1989,0.13085774135963368,4968431.409358489,3531891.1485111294,1436540.26084736,False,False,True
1990_1991,1991_1990,0.14198004941347664,5602677.668958314,6241611.734107276,-638934.0651489627,False,False,True
1990_1992,1992_1990,0.1256671009653192,4068120.490210916,3688816.8192191664,379303.6709917495,False,False,True
1990_1993,1993_1990,0.11530031456862644,3418272.7986264466,2887245.4178398233,531027.3807866233,False,False,True
1990_1994,1994_1990,0.12144290070896169,3813571.002864472,3437972.655821475,375598.3470429969,False,False,True
1990_1995,1995_1990,0.12628742628242762,4299501.065870907,4468746.228058104,-169245.16218719725,False,False,True
1990_1996,1996_1990,0.1148251969899674,3330049.6705044652,2618363.74338816,711685.9271163051,False,False,True
1990_1997,1997_1990,0.11383497693388711,3196349.5565457814,2249460.2259860747,946889.3305597068,False,False,True
1990_1998,1998_1990,0.1062740444288004,2628960.8619640325,1102117.7937063528,1526843.0682576797,False,False,True
1990_1999,1999_1990,0.07886201359558243,1453502.2609324255,0.0,1453502.2609324255,False,True,True
1990_2000,2000_1990,0.08284013952273117,1446904.4531595265,0.0,1446904.4531595265,False,True,True
1990_2001,2001_1990,0.09350541887877051,1875296.7966543348,0.0,1875296.7966543348,False,True,True
1990_2002,2002_1990,0.09997094532184181,2263584.770327275,463008.2176014463,1800576.5527258287,False,False,True
1990_2003,2003_1990,0.11362853526341055,3165956.743806066,2162534.71601668,1003422.027789386,False,False,True
1990_2004,2004_1990,0.11178785656428514,2884355.4571758993,1341943.623749376,1542411.8334265233,False,False,True
1990_2005,2005_1990,0.11257887512687592,2895416.660737829,1271910.5208323093,1623506.1399055196,False,False,True
1990_2006,2006_1990,0.1090217530347597,2726131.6391911088,1114429.3894584612,1611702.2497326476,False,False,True
1990_2007,2007_1990,0.1073217423301498,2549084.904704656,658261.562308588,1890823.342396068,False,False,True
1990_2008,2008_1990,0.11235022217767243,2774471.8663174897,838589.574093168,1935882.2922243215,False,False,True
1990_2009,2009_1990,0.12745797197133202,4298253.574113374,4250030.092601572,48223.48151180148,False,False,True
1990_2010,2010_1990,0.12858704213567118,4235476.739280146,3797762.806989929,437713.93229021644,False,False,True
1990_2011,2011_1990,0.12955153546222298,4255215.889904037,3690927.3732060487,564288.5166979884,False,False,True
1990_2012,2012_1990,0.1374852354865379,5018852.350091215,5011172.269959886,7680.080131329596,False,False,True
1990_2013,2013_1990,0.1211070558163252,3724018.044875217,3148726.0885469094,575291.9563283077,False,False,True
1990_2014,2014_1990,0.12171485534975024,3644119.477825954,2739573.700505051,904545.7773209033,False,False,True
1990_2015,2015_1990,0.12634134170406552,3939249.8842231943,3070814.195690747,868435.6885324474,False,False,True
1991_1992,1992_1991,0.1232714181991783,4540883.47938504,3786769.8416269305,754113.6377581093,False,False,True
1991_1993,1993_1991,0.11292669474764017,3811171.4104003306,3018635.978645853,792535.4317544773,False,False,True
1991_1994,1994_1991,0.11905620802856309,4252088.897240435,3546389.638559109,705699.2586813257,False,False,True
1991_1995,1995_1991,0.12389042331898326,4777501.966846349,4534164.5074459575,243337.4594003912,False,False,True
1991_1996,1996_1991,0.1124525883302685,3719614.3013421595,2760970.6990139107,958643.6023282488,False,False,True
1991_1997,1997_1991,0.11146447569397622,3579051.821375099,2407455.9860366858,1171595.8353384132,False,False,True
1991_1998,1998_1991,0.1039196346209681,2962923.9445058177,1307974.9252695898,1654949.019236228,False,False,True
1991_1999,1999_1991,0.07656594299815755,1655693.3633817341,0.0,1655693.3633817341,False,True,True
1991_2000,2000_1991,0.08053560254326775,1664540.5474453487,0.0,1664540.5474453487,False,True,True
1991_2001,2001_1991,0.091178183691349,2140063.1482864567,0.0,2140063.1482864567,False,True,True
1991_2002,2002_1991,0.09762994998254193,2561483.2434319034,695525.7950774658,1865957.4483544375,False,False,True
1991_2003,2003_1991,0.11125847337963934,3547242.878939266,2324156.5723481593,1223086.3065911066,False,False,True
1991_2004,2004_1991,0.10942171207512708,3253233.261309568,1537796.4245852954,1715436.8367242725,False,False,True
1991_2005,2005_1991,0.11021104716528063,3269579.103724102,1470684.751454657,1798894.352269445,False,False,True
1991_2006,2006_1991,0.10666149546061332,3077081.678595227,1319772.9429985848,1757308.7355966424,False,False,True
1991_2007,2007_1991,0.10496510277623705,2889430.8244654206,882634.1495818626,2006796.674883558,False,False,True
1991_2008,2008_1991,0.109982880843011,3147099.3796173027,1055439.781191759,2091659.5984255436,False,False,True
1991_2009,2009_1991,0.12505847781299373,4786288.873317584,4324572.112139164,461716.76117842086,False,False,True
1991_2010,2010_1991,0.12618514505205236,4733380.254869022,3891171.1492317677,842209.1056372547,False,False,True
1991_2011,2011_1991,0.12714758571131157,4761699.044908881,3788792.3538874537,972906.6910214275,False,False,True
1991_2012,2012_1991,0.1350644009671158,5601437.439654694,5053963.25554322,547474.1841114741,False,False,True
1991_2013,2013_1991,0.11872107789237707,4159916.8892816706,3269208.987287993,890707.9019936775,False,False,True
1991_2014,2014_1991,0.11932758388629461,4084769.127988763,2877124.3846765384,1207644.7433122247,False,False,True
1991_2015,2015_1991,0.12394422399599869,4417708.631800217,3194547.187816619,1223161.4439835977,False,False,True
1992_1993,1993_1992,0.09702876745256961,2286498.1570991483,2130232.594399216,156265.56269993214,False,False,True
1992_1994,1994_1992,0.10307072190598476,2550386.5124181453,2526018.5576638235,24367.954754321836,False,False,True
1992_1995,1995_1992,0.1078358814323741,2922582.7410422293,3266794.90402817,-344212.16298594046,False,False,True
1992_1996,1996_1992,0.09656143354716051,2207878.8172468105,1936997.9308712827,270880.8863755278,False,False,True
1992_1997,1997_1992,0.09558743589519292,2093946.2758791698,1671881.5104055307,422064.7654736391,False,False,True
1992_1998,1998_1992,0.0881503713140217,1666954.540993356,847331.7179921101,819622.8230012459,False,False,True
1992_1999,1999_1992,0.06118742150980849,871075.2539714741,0.0,871075.2539714741,False,True,True
1992_2000,2000_1992,0.06510037529061963,819986.9604209824,0.0,819986.9604209824,False,True,True
1992_2001,2001_1992,0.07559092937157907,1112616.9761428004,0.0,1112616.9761428004,False,True,True
1992_2002,2002_1992,0.08195053351776638,1405465.3280433796,388028.8512275233,1017436.4768158563,False,False,True
1992_2003,2003_1992,0.09538437628124363,2067632.7335444656,1609411.571890069,458221.1616543967,False,False,True
1992_2004,2004_1992,0.09357385273148688,1821774.5978140763,1019685.0911558949,802089.5066581814,False,False,True
1992_2005,2005_1992,0.0943519123333858,1817612.993089654,969355.0599048085,848257.9331848455,False,False,True
1992_2006,2006_1992,0.09085306523954095,1715193.083701436,856179.5766924178,859013.5070090181,False,False,True
1992_2007,2007_1992,0.08918090517325816,1568692.3306677667,528349.7356616557,1040342.5950061111,False,False,True
1992_2008,2008_1992,0.09412700531976581,1701089.6815750948,657944.3714913974,1043145.3100836974,False,False,True
1992_2009,2009_1992,0.10898725050989677,2892430.394144004,3109612.236487653,-217181.8423436489,False,False,True
1992_2010,2010_1992,0.1100978235408312,2801227.4037414063,2784585.5609506117,16641.84279079456,False,False,True
1992_2011,2011_1992,0.11104651593463943,2796252.2437684857,2707807.144785994,88445.09898249153,False,False,True
1992_2012,2012_1992,0.11885024112445897,3340671.233790105,3656615.124797887,-315943.89100778196,False,False,True
1992_2013,2013_1992,0.10274037903437283,2468377.9291137485,2318148.4481894877,150229.4809242608,False,False,True
1992_2014,2014_1992,0.10333822121580316,2374794.301031589,2024106.7504941989,350687.55053739017,False,False,True
1992_2015,2015_1992,0.10788891357786312,2561012.6970777484,2262156.241091001,298856.4559867475,False,False,True
1993_1994,1994_1993,0.09291203596354336,2016056.097790082,2136679.860122505,-120623.76233242312,False,False,True
1993_1995,1995_1993,0.09763331094279293,2340142.6105790026,2752316.0346672153,-412173.42408821266,False,False,True
1993_1996,1996_1993,0.08646269463697465,1733197.5479313317,1647163.1427135328,86034.40521779889,False,False,True
1993_1997,1997_1993,0.08549766697764527,1627626.742587722,1426833.1339253657,200793.60866235616,False,False,True
1993_1998,1998_1993,0.0781290937469501,1260023.296787331,741575.4547157192,518447.8420716119,False,False,True
1993_1999,1999_1993,0.05141445815659762,624707.0738095519,0.0,624707.0738095519,False,True,True
1993_2000,2000_1993,0.055291375745189164,554799.1858986632,0.0,554799.1858986632,False,True,True
1993_2001,2001_1993,0.06568531748556672,790001.3742219807,0.0,790001.3742219807,False,True,True
1993_2002,2002_1993,0.07198635311030155,1042478.5111026933,359863.13190716493,682615.3791955283,False,False,True
1993_2003,2003_1993,0.08529647743313484,1603038.7425339555,1374916.311580195,228122.4309537604,False,False,True
1993_2004,2004_1993,0.083502627828002,1372300.0551381821,884812.9809207501,487487.07421743206,False,False,True
1993_2005,2005_1993,0.08427352192094206,1361699.1618340085,842985.2578080914,518713.9040259172,False,False,True
1993_2006,2006_1993,0.08080689732025292,1287563.3735492562,748928.6348083393,538634.738740917,False,False,True
1993_2007,2007_1993,0.07915013694559603,1153983.652287533,476479.45331879763,677504.1989687354,False,False,True
1993_2008,2008_1993,0.08405068617951894,1247046.1494025865,584181.523228703,662864.6261738836,False,False,True
1993_2009,2009_1993,0.09877407653258796,2297763.4327238575,2621686.4099170463,-323922.97719318885,False,False,True
1993_2010,2010_1993,0.09987442178536332,2194536.1025620727,2351566.852057686,-157030.7494956134,False,False,True
1993_2011,2011_1993,0.10081437723430198,2179106.723171229,2287758.699101438,-108651.9759302088,False,False,True
1993_2012,2012_1993,0.10854623432735289,2630796.137574096,3076283.492122731,-445487.35454863496,False,False,True
1993_2013,2013_1993,0.0925847353714695,1937238.805135595,1963925.4793609628,-26686.67422536784,False,False,True
1993_2014,2014_1993,0.09317707174910694,1837866.3596706828,1719556.5725860635,118309.78708461928,False,False,True
1993_2015,2015_1993,0.09768585469084723,1978014.68433059,1917392.098062268,60622.58626832208,False,False,True
1994_1995,1995_1994,0.1036785949572383,2740313.629389943,3070290.2960217083,-329976.6666317652,False,False,True
1994_1996,1996_1994,0.09244645578443711,2059331.818592545,1836818.5946201659,222513.22397237923,False,False,True
1994_1997,1997_1994,0.0914761131750017,1948016.0031633428,1590906.1667665653,357109.83639677754,False,False,True
1994_1998,1998_1994,0.0840669570670225,1539609.2697703694,826083.524010798,713525.7457595714,False,False,True
1994_1999,1999_1994,0.057205188952651254,793976.6699474143,0.0,793976.6699474143,False,True,True
1994_2000,2000_1994,0.061103458907000974,736998.9629339487,0.0,736998.9629339487,False,True,True
1994_2001,2001_1994,0.07155464593068372,1011657.4850436758,0.0,1011657.4850436758,False,True,True
1994_2002,2002_1994,0.07789038490266287,1291872.048314097,400050.7536234631,891821.294690634,False,False,True
1994_2003,2003_1994,0.09127381556650915,1922242.4529105974,1532961.3053309203,389281.14757967717,False,False,True
1994_2004,2004_1994,0.0894700862226383,1681115.8050576516,985952.295507504,695163.5095501476,False,False,True
1994_2005,2005_1994,0.0902452260629425,1674939.0860790473,939267.9741170789,735671.1119619684,False,False,True
1994_2006,2006_1994,0.08675950881075156,1581370.4239826214,834290.4785648612,747079.9454177602,False,False,True
1994_2007,2007_1994,0.08509362372485563,1438913.1852254,530207.3441097904,908705.8411156095,False,False,True
1994_2008,2008_1994,0.09002116303975605,1559001.0669139975,650414.6533277867,908586.4135862108,False,False,True
1994_2009,2009_1994,0.10482564338476741,2706335.011772584,2924493.3237953614,-218158.31202277727,False,False,True
1994_2010,2010_1994,0.10593204885774621,2611369.118349604,2623010.3045312893,-11641.186181685422,False,False,True
1994_2011,2011_1994,0.1068771811700262,2603122.4096171437,2551793.415390188,51328.99422695581,False,False,True
1994_2012,2012_1994,0.11465162194892242,3118522.5589237846,3431873.470490869,-313350.9115670845,False,False,True
1994_2013,2013_1994,0.09860221404063885,2302162.9806103283,2190360.0649172994,111802.91569302883,False,False,True
1994_2014,2014_1994,0.09919781274787143,2206767.7970623155,1917617.5933517427,289150.2037105728,False,False,True
1994_2015,2015_1994,0.10373142809326663,2378569.0014588363,2138423.7134673186,240145.2879915177,False,False,True
1995_1996,1996_1995,0.09716571950204966,2669743.9500685018,2144767.0304656066,524976.9196028952,False,False,True
1995_1997,1997_1995,0.09619118510578017,2547675.435008601,1876713.2894834843,670962.1455251165,False,False,True
1995_1998,1998_1995,0.08875002215534811,2062898.8625916033,1043028.0122978728,1019870.8502937305,False,False,True
1995_1999,1999_1995,0.06177221378382569,1110791.627060337,0.0,1110791.627060337,False,True,True
1995_2000,2000_1995,0.0656873238897997,1078014.8090425753,0.0,1078014.8090425753,False,True,True
1995_2001,2001_1995,0.0761836590371876,1426522.1320095633,4669.308254196527,1421852.8237553667,False,False,True
1995_2002,2002_1995,0.08254676779273495,1758651.6980482386,578636.363286588,1180015.3347616508,False,False,True
1995_2003,2003_1995,0.09598801359105735,2519682.939097481,1813551.223970626,706131.7151268548,False,False,True
1995_2004,2004_1995,0.09417649230973835,2259113.5719268294,1217290.9506940562,1041822.6212327732,False,False,True
1995_2005,2005_1995,0.09495498067967079,2261217.3984873877,1166403.2948600657,1094814.103627322,False,False,True
1995_2006,2006_1995,0.09145420546388738,2131277.0239056824,1051973.8996183653,1079303.124287317,False,False,True
1995_2007,2007_1995,0.08978112391449256,1972204.0999410872,720511.913448325,1251692.186492762,False,False,True
1995_2008,2008_1995,0.0947299497257541,2142874.2849492603,851542.3750257331,1291331.9099235272,False,False,True
1995_2009,2009_1995,0.10959838400331767,3471041.6705422895,3330373.153230166,140668.51731212344,False,False,True
1995_2010,2010_1995,0.1107095690416271,3391538.3692552513,3001745.389836155,389792.9794190964,False,False,True
1995_2011,2011_1995,0.11165878423468012,3396735.1704531778,2924116.3178856075,472618.8525675703,False,False,True
1995_2012,2012_1995,0.1194668098507079,4031380.0879090433,3883436.4839812093,147943.60392783396,False,False,True
1995_2013,2013_1995,0.10334807004242164,2985176.585181907,2530140.4519418245,455036.1332400823,False,False,True
1995_2014,2014_1995,0.10394624167883948,2897225.4795568055,2232840.9601431363,664384.5194136691,False,False,True
1995_2015,2015_1995,0.10849944180689897,3128270.080080341,2473527.8869704544,654742.1931098867,False,False,True
1996_1997,1997_1996,0.08503524531736462,1471203.026964684,1355508.568635425,115694.45832925895,False,False,True
1996_1998,1998_1996,0.07766981109651794,1123520.9787897933,676065.7128188851,447455.2659709082,False,False,True
1996_1999,1999_1996,0.05096655593241528,542064.5435252205,0.0,542064.5435252205,False,True,True
1996_2000,2000_1996,0.05484182195534926,465843.7506935507,0.0,465843.7506935507,False,True,True
1996_2001,2001_1996,0.06523133587985708,681782.1649295469,0.0,681782.1649295469,False,True,True
1996_2002,2002_1996,0.07152968726542341,920717.0523294136,297592.44855931913,623124.6037700945,False,False,True
1996_2003,2003_1996,0.08483414147953594,1447193.848332238,1304032.2917408606,143161.55659137736,False,False,True
1996_2004,2004_1996,0.08304105605376333,1221526.877040608,818087.7824979725,403439.0945426356,False,False,True
1996_2005,2005_1996,0.08381162174606538,1208765.968181211,776614.9927632464,432150.9754179646,False,False,True
1996_2006,2006_1996,0.08034647392635175,1144117.895937234,683356.4967576,460761.39917963394,False,False,True
1996_2007,2007_1996,0.07869041933108645,1014872.4468969317,413219.21037266403,601653.2365242677,False,False,True
1996_2008,2008_1996,0.08358888093259709,1094740.3348557982,520007.36346762686,574732.9713881713,False,False,True
1996_2009,2009_1996,0.09830599912606686,2098286.445330614,2540222.7962204106,-441936.3508897964,False,False,True
1996_2010,2010_1996,0.099405875632115,1991025.632183954,2272395.365208557,-281369.733024603,False,False,True
1996_2011,2011_1996,0.10034543066033197,1972089.4559970433,2209128.662792358,-237039.2067953148,False,False,True
1996_2012,2012_1996,0.10807399398472461,2392673.364988095,2990962.3488744437,-598288.9838863485,False,False,True
1996_2013,2013_1996,0.09211929462231105,1759071.7987076186,1888043.362613738,-128971.56390611944,False,False,True
1996_2014,2014_1996,0.09271137866484036,1657757.5338261316,1645748.072930298,12009.46089583356,False,False,True
1996_2015,2015_1996,0.0972182408664839,1782451.9663996608,1841904.84503178,-59452.87863211916,False,False,True
1997_1998,1998_1997,0.07671259353123383,936240.8848766543,589116.7868693296,347124.0980073246,False,False,True
1997_1999,1999_1997,0.050033056972431655,428679.64970130543,0.0,428679.64970130543,False,True,True
1997_2000,2000_1997,0.05390488087174927,343797.601560771,0.0,343797.601560771,False,True,True
1997_2001,2001_1997,0.06428516652882221,533306.2710633464,0.0,533306.2710633464,False,True,True
1997_2002,2002_1997,0.0705779235361137,753661.2999540428,217310.5089276686,536350.7910263742,False,False,True
1997_2003,2003_1997,0.08387056034832896,1233375.8938085092,1206021.4362307999,27354.45757770934,False,False,True
1997_2004,2004_1997,0.08207906759300876,1014667.2766475537,728637.0703330992,286030.20631445444,False,False,True
1997_2005,2005_1997,0.08284894884652605,998942.8436372833,687894.8434883776,311048.0001489057,False,False,True
1997_2006,2006_1997,0.07938687887155216,947311.8422914696,596279.1401859736,351032.70210549596,False,False,True
1997_2007,2007_1997,0.07773229523198366,824012.9802438339,330900.4504110456,493112.5298327883,False,False,True
1997_2008,2008_1997,0.08262640587790515,885777.9694521994,435807.47946679476,449970.48998540465,False,False,True
1997_2009,2009_1997,0.09733045190038148,1824605.6062023696,2420435.857805755,-595830.2516033854,False,False,True
1997_2010,2010_1997,0.09842935146423404,1711810.886501697,2157326.334204374,-445515.447702677,False,False,True
1997_2011,2011_1997,0.09936807195243946,1688063.413020086,2095174.1048017791,-407110.69178169314,False,False,True
1997_2012,2012_1997,0.10708977054285485,2065970.8161451663,2863235.419146633,-797264.6030014665,False,False,True
1997_2013,2013_1997,0.09114924260690338,1514628.0838642104,1779744.8746955297,-265116.7908313193,False,False,True
1997_2014,2014_1997,0.09174080074322322,1410649.6581975203,1541717.731625754,-131068.07342823362,False,False,True
1997_2015,2015_1997,0.09624365981921601,1514141.473821257,1734419.1090157416,-220277.6351944846,False,False,True
1998_1999,1999_1998,0.04290522454097645,76036.49579525072,0.0,76036.49579525072,False,True,True
1998_2000,2000_1998,0.04675076573254966,0.0,0.0,0.0,True,True,False
1998_2001,2001_1998,0.057060587953959185,71525.11374877306,0.0,71525.11374877306,False,True,True
1998_2002,2002_1998,0.0633106284799152,234094.13885331116,29318.38585117503,204775.75300213613,False,False,True
1998_2003,2003_1998,0.07651303223980843,568371.6299946137,892111.6833305169,-323740.0533359032,False,False,True
1998_2004,2004_1998,0.07473370049225592,371304.4843196863,475524.77218810446,-104220.28786841815,False,False,True
1998_2005,2005_1998,0.07549835563928942,346363.0695052631,439971.28605248325,-93608.21654722013,False,False,True
1998_2006,2006_1998,0.07205978688123782,335217.0109180141,360023.3330458555,-24806.322127841413,False,False,True
1998_2007,2007_1998,0.07041643488323368,230412.88058770096,128442.04016361586,101970.8404240851,False,False,True
1998_2008,2008_1998,0.07527732333643145,235875.27872840312,219988.59743153266,15886.681296870462,False,False,True
1998_2009,2009_1998,0.08988155538122711,973419.2530738701,1951863.92674421,-978444.67367034,False,False,True
1998_2010,2010_1998,0.0909729953971179,843413.2965424871,1722262.8095749475,-878849.5130324604,False,False,True
1998_2011,2011_1998,0.09190534366466263,804702.003850381,1668025.9993292806,-863323.9954788996,False,False,True
1998_2012,2012_1998,0.0995746258351633,1049879.4010750442,2338270.5933457315,-1288391.1922706873,False,False,True
1998_2013,2013_1998,0.08374230536110261,754373.3475607892,1392768.3703809744,-638395.0228201852,False,False,True
1998_2014,2014_1998,0.08432984788358877,642109.0027551167,1185055.2582998385,-542946.2555447218,False,False,True
1998_2015,2015_1998,0.08880214066003256,679657.6626367151,1353215.0836196865,-673557.4209829714,False,False,True
1999_2000,2000_1999,0.020813644266619802,0.0,0.0,0.0,True,True,False
1999_2001,2001_1999,0.030868002513219972,0.0,0.0,0.0,True,True,False
1999_2002,2002_1999,0.03696317517034253,0.0,0.0,0.0,True,True,False
1999_2003,2003_1999,0.0498384405500476,0.0,401962.5292252576,-401962.5292252576,True,False,True
1999_2004,2004_1999,0.04810319832712229,0.0,149748.5234472451,-149748.5234472451,True,False,True
1999_2005,2005_1999,0.048848906314929996,0.0,128223.39407376715,-128223.39407376715,True,False,True
1999_2006,2006_1999,0.04549554081487095,0.0,79820.54477094609,-79820.54477094609,True,False,True
1999_2007,2007_1999,0.04389290894029907,0.0,0.0,0.0,True,True,False
1999_2008,2008_1999,0.0486333509048289,0.0,0.0,0.0,True,True,False
1999_2009,2009_1999,0.06287570908923401,0.0,1043567.8012455065,-1043567.8012455065,True,False,True
1999_2010,2010_1999,0.0639401046422099,0.0,904560.5114255681,-904560.5114255681,True,False,True
1999_2011,2011_1999,0.06484935053328122,0.0,871723.946457243,-871723.946457243,True,False,True
1999_2012,2012_1999,0.07232859787436019,0.0,1277509.7966280319,-1277509.7966280319,True,False,True
1999_2013,2013_1999,0.05688858169341948,0.0,705074.857488921,-705074.857488921,True,False,True
1999_2014,2014_1999,0.057461565676976356,0.0,579319.2116695751,-579319.2116695751,True,False,True
1999_2015,2015_1999,0.06182304085980439,0.0,681128.1308181431,-681128.1308181431,True,False,True
2000_2001,2001_2000,0.03466915843175933,0.0,0.0,0.0,True,True,False
2000_2002,2002_2000,0.04078680603384455,0.0,0.0,0.0,True,True,False
2000_2003,2003_2000,0.053709546833371924,0.0,315039.6113201837,-315039.6113201837,True,False,True
2000_2004,2004_2000,0.05196790619063951,0.0,43559.45973700499,-43559.45973700499,True,False,True
2000_2005,2005_2000,0.05271636385379308,0.0,20390.066875045493,-20390.066875045493,True,False,True
2000_2006,2006_2000,0.04935063337093637,0.0,0.0,0.0,True,True,False
2000_2007,2007_2000,0.047742092055368834,0.0,0.0,0.0,True,True,False
2000_2008,2008_2000,0.0525000136186311,0.0,0.0,0.0,True,True,False
2000_2009,2009_2000,0.06679488815234036,0.0,1005655.8836691991,-1005655.8836691991,True,False,True
2000_2010,2010_2000,0.06786320848855332,0.0,856030.092686366,-856030.092686366,True,False,True
2000_2011,2011_2000,0.06877580707404518,0.0,820685.2052857914,-820685.2052857914,True,False,True
2000_2012,2012_2000,0.07628263290745041,0.0,1257468.260908941,-1257468.260908941,True,False,True
2000_2013,2013_2000,0.06078568421066333,0.0,641306.1109537398,-641306.1109537398,True,False,True
2000_2014,2014_2000,0.0613607809782577,0.0,505944.2317267584,-505944.2317267584,True,False,True
2000_2015,2015_2000,0.06573833838224719,0.0,615530.1396057184,-615530.1396057184,True,False,True
2001_2002,2002_2001,0.05103788708568224,0.0,0.0,0.0,True,True,False
2001_2003,2003_2001,0.06408790857572177,0.0,498320.5846069773,-498320.5846069773,True,False,True
2001_2004,2004_2001,0.06232911389213469,0.0,168049.95780177801,-168049.95780177801,True,False,True
2001_2005,2005_2001,0.0630849433821834,0.0,139863.1093025765,-139863.1093025765,True,False,True
2001_2006,2006_2001,0.059686062617464675,0.0,76480.27166400984,-76480.27166400984,True,False,True
2001_2007,2007_2001,0.05806167820386254,0.0,0.0,0.0,True,True,False
2001_2008,2008_2001,0.06286646223626868,0.0,0.0,0.0,True,True,False
2001_2009,2009_2001,0.07730213209580383,0.0,1338493.49529837,-1338493.49529837,True,False,True
2001_2010,2010_2001,0.0783809747006432,0.0,1156465.4409970115,-1156465.4409970115,True,False,True
2001_2011,2011_2001,0.07930256179561024,0.0,1113466.4296583473,-1113466.4296583473,True,False,True
2001_2012,2012_2001,0.08688332503830454,0.0,1644837.1862948574,-1644837.1862948574,True,False,True
2001_2013,2013_2001,0.07123374135784344,0.0,895241.8354281364,-895241.8354281364,True,False,True
2001_2014,2014_2001,0.07181450245894316,0.0,730566.6190739579,-730566.6190739579,True,False,True
2001_2015,2015_2001,0.07623517598959495,0.0,863883.9399651397,-863883.9399651397,True,False,True
2002_2003,2003_2002,0.07037949926367926,197941.1628588571,714297.6024463217,-516356.4395874647,False,False,True
2002_2004,2004_2002,0.06861030542400348,12929.068299086706,342697.83219575475,-329768.76389666804,False,False,True
2002_2005,2005_2002,0.06937060387732386,0.0,310983.7602308607,-310983.7602308607,True,False,True
2002_2006,2006_2002,0.0659516266841087,0.0,239669.37138509555,-239669.37138509555,True,False,True
2002_2007,2007_2002,0.06431763783672984,0.0,33096.49804786476,-33096.49804786476,True,False,True
2002_2008,2008_2002,0.06915083092653851,0.0,114756.96009814463,-114756.96009814463,True,False,True
2002_2009,2009_2002,0.08367185400297505,499278.8970396839,1659607.4036955228,-1160328.5066558388,False,False,True
2002_2010,2010_2002,0.08475707543801403,359685.6839355107,1454800.867274592,-1095115.1833390812,False,False,True
2002_2011,2011_2002,0.085684111564718,312639.024326373,1406421.0797984467,-1093782.0554720736,False,False,True
2002_2012,2012_2002,0.0933096972878118,483881.1992313437,2004286.0882433585,-1520404.889012015,False,False,True
2002_2013,2013_2002,0.07756758292998756,330885.0596874029,1160888.469576952,-830003.4098895491,False,False,True
2002_2014,2014_2002,0.07815177787438743,214005.17019379252,975606.2567591943,-761601.0865654018,False,False,True
2002_2015,2015_2002,0.08259858934739883,214821.20245903198,1125606.534691281,-910785.332232249,False,False,True
2003_2004,2004_2003,0.08187851166243765,965924.5149009031,707375.6405361108,258548.87436479225,False,False,True
2003_2005,2005_2003,0.08264825022374711,949501.7804758463,666784.1739105546,282717.60656529164,False,False,True
2003_2006,2006_2003,0.07918682191968829,900938.0188627933,575507.4801463748,325430.53871641855,False,False,True
2003_2007,2007_2003,0.0775325449458446,779040.3635874742,311110.7825827417,467929.5810047325,False,False,True
2003_2008,2008_2003,0.0824257485019384,836539.7287733486,415629.61963433947,420910.10913900915,False,False,True
2003_2009,2009_2003,0.09712706923037517,1760117.6157445693,2392914.1919898763,-632796.576245307,False,False,True
2003_2010,2010_2003,0.09822576512073389,1646018.9300293736,2130778.2639063294,-484759.3338769558,False,False,True
2003_2011,2011_2003,0.09916431162353767,1621137.7604694464,2068856.0190787567,-447718.25860931026,False,False,True
2003_2012,2012_2003,0.10688457905010118,1988989.2089583771,2834075.2430164167,-845086.0340580395,False,False,True
2003_2013,2013_2003,0.09094700558162794,1457029.2983573312,1754593.9853568203,-297564.6869994891,False,False,True
2003_2014,2014_2003,0.09153845407670591,1352423.1108939361,1517447.624390421,-165024.51349648484,False,False,True
2003_2015,2015_2003,0.09604047857866527,1450918.9093909594,1709435.940562633,-258517.03117167368,False,False,True
2004_2005,2005_2004,0.0808587777832257,482770.023172557,466514.35363800975,16255.669534547254,False,False,True
2004_2006,2006_2004,0.07740307075618702,463161.50845351117,378208.1099490026,84953.39850450854,False,False,True
2004_2007,2007_2004,0.07575152808044328,354491.4752673985,122415.7686319096,232075.70663548892,False,False,True
2004_2008,2008_2004,0.08063664382693925,371722.6490207532,223533.21180547078,148189.43721528244,False,False,True
2004_2009,2009_2004,0.09531366524276219,1151340.3931948072,2136470.305474212,-985129.9122794047,False,False,True
2004_2010,2010_2004,0.09641054513608216,1024932.0541164716,1882865.1606078248,-857933.1064913532,False,False,True
2004_2011,2011_2004,0.09734754034731874,989348.6073592891,1822958.0735299203,-833609.4661706312,False,False,True
2004_2012,2012_2004,0.10505504720664316,1262270.1923182397,2563274.4947089483,-1301004.3023907086,False,False,True
2004_2013,2013_2004,0.08914381641085667,913287.3021469787,1518923.1815152096,-605635.8793682309,False,False,True
2004_2014,2014_2004,0.08973428732084954,802754.9402082063,1289494.3593498925,-486739.4191416862,False,False,True
2004_2015,2015_2004,0.09422887057975404,854087.5163963697,1475234.7311160616,-621147.2147196919,False,False,True
2005_2006,2006_2005,0.07816962511575176,425799.60226530605,353365.5982613483,72434.00400395773,False,False,True
2005_2007,2007_2005,0.07651690739487171,318258.47655558574,93908.70968775201,224349.76686783374,False,False,True
2005_2008,2008_2005,0.0814054988199453,332052.9734775041,196474.78751182035,135578.18596568375,False,False,True
2005_2009,2009_2005,0.09609296269231682,1099384.482044719,2136817.112871128,-1037432.6308264092,False,False,True
2005_2010,2010_2005,0.09719062299743153,971925.5792581275,1879578.7550904285,-907653.175832301,False,False,True
2005_2011,2011_2005,0.09812828486517167,935428.7498339071,1818813.4235847737,-883384.6737508666,False,False,True
2005_2012,2012_2005,0.10584127548739297,1200248.573799902,2569735.80933728,-1369487.2355373781,False,False,True
2005_2013,2013_2005,0.0899187241156183,866881.8030625132,1510422.8490516697,-643541.0459891565,False,False,True
2005_2014,2014_2005,0.09050961513583955,755843.6735242018,1277707.170225596,-521863.4967013942,False,False,True
2005_2015,2015_2005,0.09500739621595433,803151.1185197632,1466108.5066096766,-662957.3880899134,False,False,True
2006_2007,2007_2006,0.07307508213695968,236782.52600459408,98424.49155511468,138358.0344494794,False,False,True
2006_2008,2008_2006,0.07794804382382203,242849.08095281865,194627.54380855316,48221.53714426549,False,False,True
2006_2009,2009_2006,0.09258854913587444,982552.9362660857,2014594.3210922629,-1032041.3848261771,False,False,True
2006_2010,2010_2006,0.09368270001634671,852731.6654782892,1773314.5948886927,-920582.9294104035,False,False,True
2006_2011,2011_2006,0.09461736400427889,814180.9425409868,1716319.0415239306,-902138.0989829438,False,False,True
2006_2012,2012_2006,0.10230569475747675,1060782.6034648265,2420655.4756297576,-1359872.8721649311,False,False,True
2006_2013,2013_2006,0.08643405075102573,762531.2860442421,1427060.495368291,-664529.2093240488,False,False,True
2006_2014,2014_2006,0.08702305258249021,650355.8535667497,1208782.1026944364,-558426.2491276867,False,False,True
2006_2015,2015_2006,0.09150645341792885,688612.1186525787,1385495.339597819,-696883.2209452402,False,False,True
2007_2008,2008_2007,0.07629566576315816,0.0,94071.39000605405,-94071.39000605405,True,False,True
2007_2009,2009_2007,0.09091372876000503,644132.75909653,1859047.019586762,-1214914.260490232,False,False,True
2007_2010,2010_2007,0.09200620242521595,507468.53341860033,1625057.6732005647,-1117589.1397819645,False,False,True
2007_2011,2011_2007,0.09293943367408741,462968.39842865267,1569784.2671478412,-1106815.8687191885,False,False,True
2007_2012,2012_2007,0.10061597904566844,656798.4048875928,2252838.8463517204,-1596040.4414641275,False,False,True
2007_2013,2013_2007,0.08476866455722454,460264.2893893318,1289265.803302792,-829001.5139134601,False,False,True
2007_2014,2014_2007,0.08535676351242372,344794.48757342086,1077582.7943918298,-732788.3068184089,False,False,True
2007_2015,2015_2007,0.0898332917780571,356832.6461689952,1248956.558161459,-892123.9119924637,False,False,True
2008_2009,2009_2008,0.09586769786469551,777913.867856577,2018984.32765423,-1241070.459797653,False,False,True
2008_2010,2010_2008,0.09696513258286821,643954.7352970706,1762801.240917579,-1118846.5056205085,False,False,True
2008_2011,2011_2008,0.09790260174593257,601806.4664030814,1702285.1875342599,-1100478.7211311786,False,False,True
2008_2012,2012_2008,0.10561400722386227,816497.6712233684,2450127.0581690012,-1633629.3869456328,False,False,True
2008_2013,2013_2008,0.0896947281938616,579753.6599471731,1395159.7262073269,-815406.0662601538,False,False,True
2008_2014,2014_2008,0.09028549777642358,465586.15749900334,1163398.7188364742,-697812.5613374709,False,False,True
2008_2015,2015_2008,0.09478235448979722,487988.6134753979,1351027.1748590816,-863038.5613836837,False,False,True
2009_2010,2010_2009,0.11186392473035012,3225997.063040108,2973254.858932883,252742.20410722494,False,False,True
2009_2011,2011_2009,0.11281412643867994,3228341.3342371285,2893996.1644847794,334345.16975234915,False,False,True
2009_2012,2012_2009,0.12063026690222389,3837684.1333951633,3873454.7875494882,-35770.654154324904,False,False,True
2009_2013,2013_2009,0.10449477495682524,2840250.3859857176,2491749.789587278,348500.5963984397,False,False,True
2009_2014,2014_2009,0.10509356827045768,2750719.748250765,2188209.2604017775,562510.4878489873,False,False,True
2009_2015,2015_2009,0.10965150051987127,2969193.7057143445,2433948.7895721328,535244.9161422118,False,False,True
2010_2011,2011_2010,0.11392853181772944,2880131.893446694,2802824.8344160886,77307.05903060548,False,False,True
2010_2012,2012_2010,0.12175249959831502,3437154.271256306,3802088.3970988807,-364934.1258425745,False,False,True
2010_2013,2013_2010,0.1056008490882554,2540567.975322886,2392444.9202563455,148123.05506654037,False,False,True
2010_2014,2014_2010,0.10620024205143763,2447771.1373216882,2082766.712856986,365004.42446470214,False,False,True
2010_2015,2015_2010,0.11076273875065046,2640251.170728172,2333475.167127789,306776.0036003832,False,False,True
2011_2012,2012_2011,0.12271115210761385,3342540.3495194465,3814359.6034593172,-471819.25393987074,False,False,True
2011_2013,2013_2011,0.10654569835637906,2469776.429351872,2380425.8126147357,89350.61673713615,False,False,True
2011_2014,2014_2011,0.10714560356229597,2376208.043344947,2065411.3758631363,310796.6674818108,False,False,True
2011_2015,2015_2011,0.11171199938267051,2562547.7428366547,2320439.920410132,242107.82242652262,False,False,True
2012_2013,2013_2012,0.114317810879216,3344600.202619955,2862364.549268185,482235.6533517698,False,False,True
2012_2014,2014_2012,0.11492192967592296,3260566.4090332016,2500017.426693173,760548.9823400285,False,False,True
2012_2015,2015_2012,0.11952039876917953,3522786.7805849635,2793365.4403398153,729421.3402451482,False,False,True
2013_2014,2014_2013,0.09886862971842336,2013017.6662003705,1839388.2250792563,173629.44112111419,False,False,True
2013_2015,2015_2013,0.10340088735620978,2168194.5125177004,2058875.579713257,109318.93280444341,False,False,True
2014_2015,2015_2014,0.1039990876271264,1870610.2564817606,1960828.8378978581,-90218.58141609747,False,False,True
