path_id,block_one_start_year,block_one_end_year,block_two_start_year,block_two_end_year,twenty_year_cagr,exhausted,exhaustion_year,final_remainder
1970_1970,1970,1979,1970,1979,0.0949164163137961,False,,1217919.6218058523
1970_1971,1970,1979,1971,1980,0.10540199447625431,False,,1596671.4987212445
1970_1972,1970,1979,1972,1981,0.09533156190320224,False,,1268867.3102508131
1970_1973,1970,1979,1973,1982,0.09565926881453057,False,,1122655.913778817
1970_1974,1970,1979,1974,1983,0.10553723489661127,False,,1552166.1537403804
1970_1975,1970,1979,1975,1984,0.11569576697196116,False,,2328912.7038267953
1970_1976,1970,1979,1976,1985,0.11609497865176888,False,,2174084.6756698457
1970_1977,1970,1979,1977,1986,0.11550111275482067,False,,2038618.341008218
1970_1978,1970,1979,1978,1987,0.12002756833664141,False,,2476518.764101063
1970_1979,1970,1979,1979,1988,0.12188001937937187,False,,2659070.495914421
1970_1980,1970,1979,1980,1989,0.12144566392837786,False,,2473220.746424793
1970_1981,1970,1979,1981,1990,0.10860010983961366,False,,1806448.4562707145
1970_1982,1970,1979,1982,1991,0.12339784088170691,False,,2721079.5820818604
1970_1983,1970,1979,1983,1992,0.11634100036541462,False,,2312760.3916729284
1970_1984,1970,1979,1984,1993,0.11354145476621991,False,,2153565.6013475535
1970_1985,1970,1979,1985,1994,0.11116520528382456,False,,2184408.9695486627
1970_1986,1970,1979,1986,1995,0.1126114033166219,False,,2073194.7595032402
1970_1987,1970,1979,1987,1996,0.11163866536023836,False,,1952072.1475388906
1970_1988,1970,1979,1988,1997,0.11963327350299413,False,,2360562.545742989
1970_1989,1970,1979,1989,1998,0.12388098916279366,False,,2573359.5277123298
1970_1990,1970,1979,1990,1999,0.11939245313681068,False,,2186009.465808245
1970_1991,1970,1979,1991,2000,0.11701012428822999,False,,2346652.0733214715
1970_1992,1970,1979,1992,2001,0.10105386604804223,False,,1626281.949488788
1970_1993,1970,1979,1993,2002,0.09091375425941095,False,,1388936.757533922
1970_1994,1970,1979,1994,2003,0.09692202989574183,False,,1548609.6590119926
1970_1995,1970,1979,1995,2004,0.10166062766346484,False,,1830608.5145721398
1970_1996,1970,1979,1996,2005,0.09044902534767396,False,,1317933.7657814124
1970_1997,1970,1979,1997,2006,0.0894804569138532,False,,1219678.0292031774
1970_1998,1970,1979,1998,2007,0.08208484771596947,False,,904029.036074974
1970_1999,1970,1979,1999,2008,0.05527219369129388,False,,409177.64615177456
1970_2000,1970,1979,2000,2009,0.059163336044087966,False,,322805.87723733205
1970_2001,1970,1979,2001,2010,0.06959541410462577,False,,507768.6768429453
1970_2002,1970,1979,2002,2011,0.07591956880371464,False,,724928.0025462457
1970_2003,1970,1979,2003,2012,0.08927852918655566,False,,1196599.5793679717
1970_2004,1970,1979,2004,2013,0.08747809778362448,False,,979087.7869548189
1970_2005,1970,1979,2005,2014,0.08825182035729617,False,,962853.6329706126
1970_2006,1970,1979,2006,2015,0.08477247639479524,False,,913461.5450664324
1970_2007,1970,1979,2007,2016,0.08310963721522913,False,,791185.4855873534
1970_2008,1970,1979,2008,2017,0.08802816701121552,False,,849836.8078531246
1970_2009,1970,1979,2009,2018,0.10280557882624519,False,,1777532.9802456307
1970_2010,1970,1979,2010,2019,0.1039099613461032,False,,1663786.4382905166
1970_2011,1970,1979,2011,2020,0.10485336557730673,False,,1639211.4300840006
1970_2012,1970,1979,2012,2021,0.11261359155916795,False,,2009778.5487954244
1970_2013,1970,1979,2013,2022,0.09659352840794622,False,,1472584.1921801919
1970_2014,1970,1979,2014,2023,0.09718803812177357,False,,1368147.5355151964
1970_2015,1970,1979,2015,2024,0.10171336419932264,False,,1467992.538084134
1971_1970,1971,1980,1970,1979,0.10540199447625431,False,,2075110.627846032
1971_1971,1971,1980,1971,1980,0.11598798884196104,False,,2633873.000130629
1971_1972,1971,1980,1972,1981,0.10582111574952235,False,,2132581.988478324
1971_1973,1971,1980,1973,1982,0.10615196097933954,False,,1991553.519499795
1971_1974,1971,1980,1974,1983,0.11612452440592658,False,,2591908.5356980325
1971_1975,1971,1980,1975,1984,0.12638034069448656,False,,3577370.7901645573
1971_1976,1971,1980,1976,1985,0.12678337546545415,False,,3431507.5153452205
1971_1977,1971,1980,1977,1986,0.12618382235148395,False,,3282727.297963976
1971_1978,1971,1980,1978,1987,0.13075362599448548,False,,3825582.6305915555
1971_1979,1971,1980,1979,1988,0.13262381722259575,False,,4053467.77449029
1971_1980,1971,1980,1980,1989,0.13218530212255097,False,,3856860.340982992
1971_1981,1971,1980,1981,1990,0.11921673128161192,False,,2905344.489326423
1971_1982,1971,1980,1982,1991,0.1341561742965618,False,,4153696.1086126342
1971_1983,1971,1980,1983,1992,0.12703175323100457,False,,3575738.349861168
1971_1984,1971,1980,1984,1993,0.12420539749930803,False,,3354684.6385497167
1971_1985,1971,1980,1985,1994,0.12180639162262552,False,,3335291.3234525975
1971_1986,1971,1980,1986,1995,0.12326643931763037,False,,3254408.2419634243
1971_1987,1971,1980,1987,1996,0.12228438583750334,False,,3112801.969207988
1971_1988,1971,1980,1988,1997,0.13035555515635444,False,,3700159.6150596878
1971_1989,1971,1980,1989,1998,0.13464394949618774,False,,4018349.2582379263
1971_1990,1971,1980,1990,1999,0.13011242854949812,False,,3519855.653516914
1971_1991,1971,1980,1991,2000,0.12770728508696316,False,,3624856.8882938614
1971_1992,1971,1980,1992,2001,0.1115982201206498,False,,2584864.6413197825
1971_1993,1971,1980,1993,2002,0.10136100052255337,False,,2185585.009438752
1971_1994,1971,1980,1994,2003,0.10742681502017803,False,,2437756.384184566
1971_1995,1971,1980,1995,2004,0.11221079245025112,False,,2799811.690047277
1971_1996,1971,1980,1996,2005,0.10089182108723693,False,,2107821.97831449
1971_1997,1971,1980,1997,2006,0.09991397705952854,False,,1995651.9856898354
1971_1998,1971,1980,1998,2007,0.0924475430597258,False,,1581178.5548947968
1971_1999,1971,1980,1999,2008,0.06537811493309165,False,,819143.9415014066
1971_2000,1971,1980,2000,2009,0.0693065212054631,False,,764088.7142557945
1971_2001,1971,1980,2001,2010,0.079838503120095,False,,1044613.6665430871
1971_2002,1971,1980,2002,2011,0.08622322172837427,False,,1328952.274285087
1971_2003,1971,1980,2003,2012,0.09971011555086084,False,,1969702.1659564537
1971_2004,1971,1980,2004,2013,0.09789244213390913,False,,1727031.0196957444
1971_2005,1971,1980,2005,2014,0.09867357434031754,False,,1721512.093960547
1971_2006,1971,1980,2006,2015,0.0951609100873092,False,,1625054.1214182312
1971_2007,1971,1980,2007,2016,0.09348214655961096,False,,1481276.959304232
1971_2008,1971,1980,2008,2017,0.0984477791552738,False,,1605383.0179598238
1971_2009,1971,1980,2009,2018,0.1133667083540204,False,,2767082.0810264642
1971_2010,1971,1980,2010,2019,0.11448166710514185,False,,2673344.511097929
1971_2011,1971,1980,2011,2020,0.11543410594269332,False,,2666165.7332110964
1971_2012,1971,1980,2012,2021,0.1232686485161032,False,,3191038.495454805
1971_2013,1971,1980,2013,2022,0.10709516760455129,False,,2356420.4847950097
1971_2014,1971,1980,2014,2023,0.10769537070097823,False,,2261616.6468459005
1971_2015,1971,1980,2015,2024,0.11226403402289575,False,,2438124.0515168523
1972_1970,1972,1981,1970,1979,0.09533156190320224,False,,1341157.69050784
1972_1971,1972,1981,1971,1980,0.10582111574952235,False,,1745789.6170726896
1972_1972,1972,1981,1972,1981,0.09574686489810347,False,,1393043.2851552058
1972_1973,1972,1981,1973,1982,0.09607469606191077,False,,1247577.036462428
1972_1974,1972,1981,1974,1983,0.10595640744727652,False,,1701649.573651648
1972_1975,1972,1981,1975,1984,0.11611879120456603,False,,2508403.111835617
1972_1976,1972,1981,1976,1985,0.11651815424840994,False,,2354863.943314306
1972_1977,1972,1981,1977,1986,0.11592406318285153,False,,2217483.4761177707
1972_1978,1972,1981,1978,1987,0.12045223500350333,False,,2670473.231997254
1972_1979,1972,1981,1979,1988,0.12230538841663252,False,,2859542.533539767
1972_1980,1972,1981,1980,1989,0.12187086827658367,False,,2672146.1553609655
1972_1981,1972,1981,1981,1990,0.10902044370177699,False,,1964436.3771235754
1972_1982,1972,1981,1982,1991,0.12382378541212202,False,,2927046.3884017165
1972_1983,1972,1981,1983,1992,0.11676426924299288,False,,2494338.3168769185
1972_1984,1972,1981,1984,1993,0.11396366217555198,False,,2326250.089848878
1972_1985,1972,1981,1985,1994,0.11158651172073797,False,,2349870.9466329953
1972_1986,1972,1981,1986,1995,0.11303325809012588,False,,2243017.432953358
1972_1987,1972,1981,1987,1996,0.11206015131301217,False,,2118949.891821471
1972_1988,1972,1981,1988,1997,0.12005779067007816,False,,2553155.9753265157
1972_1989,1972,1981,1989,1998,0.12430711688242302,False,,2781105.225496555
1972_1990,1972,1981,1990,1999,0.11981687899508664,False,,2377776.093036505
1972_1991,1972,1981,1991,2000,0.11743364686905089,False,,2530419.1587117645
1972_1992,1972,1981,1992,2001,0.10147133869652736,False,,1764097.067472966
1972_1993,1972,1981,1993,2002,0.09132738221014369,False,,1503470.614408014
1972_1994,1972,1981,1994,2003,0.09733793592824691,False,,1676441.9909319892
1972_1995,1972,1981,1995,2004,0.10207833037006653,False,,1969950.5359929642
1972_1996,1972,1981,1996,2005,0.0908624770930313,False,,1431495.7340208197
1972_1997,1972,1981,1997,2006,0.08989354141938533,False,,1331239.549432161
1972_1998,1972,1981,1998,2007,0.08249512812203452,False,,1001382.5994392672
1972_1999,1972,1981,1999,2008,0.05567230788294042,False,,468118.365449789
1972_2000,1972,1981,2000,2009,0.059564925590895434,False,,386248.9654198735
1972_2001,1972,1981,2001,2010,0.0700009590503392,False,,584950.704251994
1972_2002,1972,1981,2002,2011,0.07632751159906359,False,,811768.3732147285
1972_2003,1972,1981,2003,2012,0.0896915371297089,False,,1307748.2836921152
1972_2004,1972,1981,2004,2013,0.08789042308000705,False,,1086619.3392602003
1972_2005,1972,1981,2005,2014,0.08866443901626697,False,,1071925.710113287
1972_2006,1972,1981,2006,2015,0.08518377583498493,False,,1015766.9754714688
1972_2007,1972,1981,2007,2016,0.08352030617774875,False,,890399.7095459619
1972_2008,1972,1981,2008,2017,0.08844070087038003,False,,958461.4377110472
1972_2009,1972,1981,2009,2018,0.10322371564947752,False,,1919800.1286486103
1972_2010,1972,1981,2010,2019,0.1043285169040673,False,,1808930.270013657
1972_2011,1972,1981,2011,2020,0.10527227883390422,False,,1786856.3121123654
1972_2012,1972,1981,2012,2021,0.11303544716236025,False,,2179607.9023881634
1972_2013,1972,1981,2013,2022,0.09700930988670287,False,,1599653.044959858
1972_2014,1972,1981,2014,2023,0.09760404501324849,False,,1496601.2954699702
1972_2015,1972,1981,2015,2024,0.10213108690136874,False,,1607468.0263474581
1973_1970,1973,1982,1970,1979,0.09565926881453057,False,,976764.7653736727
1973_1971,1973,1982,1971,1980,0.10615196097933954,False,,1304874.014378651
1973_1972,1973,1982,1972,1981,0.09607469606191055,False,,1025877.1391470375
1973_1973,1973,1982,1973,1982,0.09640262530792576,False,,878207.6217582581
1973_1974,1973,1982,1974,1983,0.10628729315435748,False,,1259653.8395879667
1973_1975,1973,1982,1975,1984,0.11645271734571128,False,,1977682.0814207268
1973_1976,1973,1982,1976,1985,0.11685219987303808,False,,1820331.9854995934
1973_1977,1973,1982,1977,1986,0.1162579310642693,False,,1688611.2658213016
1973_1978,1973,1982,1978,1987,0.1207874576465775,False,,2096984.5637315996
1973_1979,1973,1982,1979,1988,0.1226411654956443,False,,2266782.577405132
1973_1980,1973,1982,1980,1989,0.12220651535363247,False,,2083959.3036094196
1973_1981,1973,1982,1981,1990,0.1093522461229306,False,,1497294.3550049588
1973_1982,1973,1982,1982,1991,0.12416001677292998,False,,2318039.3841056093
1973_1983,1973,1982,1983,1992,0.1170983885015664,False,,1957444.8715172994
1973_1984,1973,1982,1984,1993,0.11429694353414743,False,,1815652.9460194034
1973_1985,1973,1982,1985,1994,0.11191908187127497,False,,1860629.4771480823
1973_1986,1973,1982,1986,1995,0.11336626108565784,False,,1740882.1643275865
1973_1987,1973,1982,1987,1996,0.11239286316947039,False,,1625522.2519744942
1973_1988,1973,1982,1988,1997,0.12039289530127473,False,,1983691.6538978026
1973_1989,1973,1982,1989,1998,0.12464349284881782,False,,2166838.3573367526
1973_1990,1973,1982,1990,1999,0.12015191154909344,False,,1810756.478279329
1973_1991,1973,1982,1991,2000,0.11776796639545384,False,,1987052.7582638669
1973_1992,1973,1982,1992,2001,0.101800882537749,False,,1356602.4150583486
1973_1993,1973,1982,1993,2002,0.09165389113046607,False,,1164814.4866965972
1973_1994,1973,1982,1994,2003,0.09766624311684069,False,,1298464.6512538455
1973_1995,1973,1982,1995,2004,0.10240805581416867,False,,1557941.1032386592
1973_1996,1973,1982,1996,2005,0.09118884692065765,False,,1095713.307157099
1973_1997,1973,1982,1997,2006,0.09021962135587014,False,,1001372.08950824
1973_1998,1973,1982,1998,2007,0.0828189945633051,False,,713525.526538082
1973_1999,1973,1982,1999,2008,0.05598814933535867,False,,293841.2014149304
1973_2000,1973,1982,2000,2009,0.059881931656633025,False,,198659.10194769016
1973_2001,1973,1982,2001,2010,0.07032108742206211,False,,356737.255018387
1973_2002,1973,1982,2002,2011,0.07664953278120779,False,,554996.9305840844
1973_2003,1973,1982,2003,2012,0.09001755662951494,False,,979101.4465570064
1973_2004,1973,1982,2004,2013,0.08821590371327925,False,,768667.773632136
1973_2005,1973,1982,2005,2014,0.08899015122359466,False,,749419.0881003303
1973_2006,1973,1982,2006,2015,0.08550844667966029,False,,713268.1174883104
1973_2007,1973,1982,2007,2016,0.08384447933704497,False,,597040.9960901497
1973_2008,1973,1982,2008,2017,0.08876634613858214,False,,637277.837282664
1973_2009,1973,1982,2009,2018,0.1035537837758187,False,,1499141.6186356044
1973_2010,1973,1982,2010,2019,0.10465891557051088,False,,1379765.9219851834
1973_2011,1973,1982,2011,2020,0.10560295985987977,False,,1350296.8057028216
1973_2012,1973,1982,2012,2021,0.11336845081283009,False,,1677452.881775565
1973_2013,1973,1982,2013,2022,0.09733751875527297,False,,1223933.1765335284
1973_2014,1973,1982,2014,2023,0.09793243181772238,False,,1116786.5042499618
1973_2015,1973,1982,2015,2024,0.10246082812944013,False,,1195063.9560135542
1974_1970,1974,1983,1970,1979,0.10553723489661127,False,,1963760.9503716254
1974_1971,1974,1983,1971,1980,0.11612452440592658,False,,2499139.840491655
1974_1972,1974,1983,1972,1981,0.10595640744727652,False,,2020384.8816808267
1974_1973,1974,1983,1973,1982,0.10628729315435748,False,,1878683.1469998986
1974_1974,1974,1983,1974,1983,0.11626107667433727,False,,2456845.3139987267
1974_1975,1974,1983,1975,1984,0.12651814771086478,False,,3415195.2607032647
1974_1976,1974,1983,1976,1985,0.12692123179112635,False,,3268167.4585081767
1974_1977,1974,1983,1977,1986,0.12632160532482328,False,,3121116.7232800527
1974_1978,1974,1983,1978,1987,0.13089196806050651,False,,3650338.343883478
1974_1979,1974,1983,1979,1988,0.1327623880971851,False,,3872334.647629956
1974_1980,1974,1983,1980,1989,0.1323238193470051,False,,3677124.6443771743
1974_1981,1974,1983,1981,1990,0.11935366186611018,False,,2762597.1693050535
1974_1982,1974,1983,1982,1991,0.1342949326473959,False,,3967598.2762163053
1974_1983,1974,1983,1983,1992,0.1271696399444575,False,,3411676.679462641
1974_1984,1974,1983,1984,1993,0.12434293842223498,False,,3198658.4828173253
1974_1985,1974,1983,1985,1994,0.12194363903914929,False,,3185790.94603942
1974_1986,1974,1983,1986,1995,0.12340386536370707,False,,3100967.8309306977
1974_1987,1974,1983,1987,1996,0.12242169173423534,False,,2962022.3992322846
1974_1988,1974,1983,1988,1997,0.13049384852039414,False,,3526145.0715530533
1974_1989,1974,1983,1989,1998,0.13478276752388463,False,,3830644.1384757254
1974_1990,1974,1983,1990,1999,0.13025069216821006,False,,3346588.1533270376
1974_1991,1974,1983,1991,2000,0.12784525444836903,False,,3458817.2391485726
1974_1992,1974,1983,1992,2001,0.11173421861830812,False,,2460344.116937464
1974_1993,1974,1983,1993,2002,0.10149574654745641,False,,2082099.8756878334
1974_1994,1974,1983,1994,2003,0.10756230316722881,False,,2322255.6377024576
1974_1995,1974,1983,1995,2004,0.11234686589307841,False,,2673911.5578295253
1974_1996,1974,1983,1996,2005,0.10102650971037619,False,,2005214.978139932
1974_1997,1974,1983,1997,2006,0.10004854604832847,False,,1894852.4565598269
1974_1998,1974,1983,1998,2007,0.09258119856756797,False,,1493216.38544688
1974_1999,1974,1983,1999,2008,0.06550845863142274,False,,765889.0491368234
1974_2000,1974,1983,2000,2009,0.06943734552470704,False,,706765.7824579155
1974_2001,1974,1983,2001,2010,0.07997061597479349,False,,974877.1480359625
1974_2002,1974,1983,2002,2011,0.086356115721548,False,,1250489.1226993827
1974_2003,1974,1983,2003,2012,0.09984465959822209,False,,1869275.6296714696
1974_2004,1974,1983,2004,2013,0.09802676379799413,False,,1629872.700082013
1974_2005,1974,1983,2005,2014,0.09880799157203168,False,,1622961.8591246728
1974_2006,1974,1983,2006,2015,0.09529489756207288,False,,1532617.7760627354
1974_2007,1974,1983,2007,2016,0.09361592864603074,False,,1391633.621372837
1974_2008,1974,1983,2008,2017,0.0985821687620736,False,,1507237.0665679267
1974_2009,1974,1983,2009,2018,0.11350292321739297,False,,2638538.9996821526
1974_2010,1974,1983,2010,2019,0.11461801837815622,False,,2542202.2510804236
1974_2011,1974,1983,2011,2020,0.11557057374184887,False,,2532763.691392665
1974_2012,1974,1983,2012,2021,0.12340607483246435,False,,3037592.0486919344
1974_2013,1974,1983,2013,2022,0.10723061517619503,False,,2241609.56700731
1974_2014,1974,1983,2014,2023,0.10783089170447724,False,,2145554.419548855
1974_2015,1974,1983,2015,2024,0.11240011397956384,False,,2312103.32758566
1975_1970,1975,1984,1970,1979,0.11569576697196116,False,,3793647.806789783
1975_1971,1975,1984,1971,1980,0.12638034069448656,False,,4713303.7567160055
1975_1972,1975,1984,1972,1981,0.11611879120456603,False,,3864198.134791271
1975_1973,1975,1984,1973,1982,0.11645271734571128,False,,3733560.6446383824
1975_1974,1975,1984,1974,1983,0.12651814771086478,False,,4676433.370101161
1975_1975,1975,1984,1975,1984,0.1368694686576033,False,,6080338.766503598
1975_1976,1975,1984,1976,1985,0.1372762565864818,False,,5952448.45430541
1975_1977,1975,1984,1977,1986,0.13667112028794604,False,,5776975.933471921
1975_1978,1975,1984,1978,1987,0.14128347905504368,False,,6530249.845945951
1975_1979,1975,1984,1979,1988,0.14317108595918993,False,,6849021.5642115725
1975_1980,1975,1984,1980,1989,0.14272848729977206,False,,6630846.615630712
1975_1981,1975,1984,1981,1990,0.12963914996981085,False,,5108463.368657637
1975_1982,1975,1984,1982,1991,0.1447177127152992,False,,7025873.659081463
1975_1983,1975,1984,1983,1992,0.13752694730625548,False,,6107816.453852871
1975_1984,1975,1984,1984,1993,0.13467427186187564,False,,5762745.044251511
1975_1985,1975,1984,1985,1994,0.1322529258584031,False,,5642634.844135207
1975_1986,1975,1984,1986,1995,0.13372656987300968,False,,5622561.0475497935
1975_1987,1975,1984,1987,1996,0.13273537127178336,False,,5439888.160256514
1975_1988,1975,1984,1988,1997,0.14088170128435284,False,,6385847.346502038
1975_1989,1975,1984,1989,1998,0.14521003019633882,False,,6915333.194842312
1975_1990,1975,1984,1990,1999,0.14063631062334148,False,,6194013.744791018
1975_1991,1975,1984,1991,2000,0.13820876987932285,False,,6187462.516860161
1975_1992,1975,1984,1992,2001,0.12194969337810146,False,,4506676.68017163
1975_1993,1975,1984,1993,2002,0.11161714229873576,False,,3782743.203810692
1975_1994,1975,1984,1994,2003,0.1177394431377563,False,,4220359.904261078
1975_1995,1975,1984,1995,2004,0.1225679701303739,False,,4742916.178157475
1975_1996,1975,1984,1996,2005,0.11114359375029026,False,,3691427.3251768094
1975_1997,1975,1984,1997,2006,0.11015664380092849,False,,3551361.3721832056
1975_1998,1975,1984,1998,2007,0.10262068054992812,False,,2938760.0222640303
1975_1999,1975,1984,1999,2008,0.07529917531820729,False,,1641063.811994254
1975_2000,1975,1984,2000,2009,0.07926416386620394,False,,1648793.4725911361
1975_2001,1975,1984,2001,2010,0.08989422216056009,False,,2120905.9603590164
1975_2002,1975,1984,2002,2011,0.09633839682295453,False,,2539928.778533386
1975_2003,1975,1984,2003,2012,0.10995088388425955,False,,3519654.893910778
1975_2004,1975,1984,2004,2013,0.10811628384991501,False,,3226543.08194014
1975_2005,1975,1984,2005,2014,0.10890469014960535,False,,3242506.553940143
1975_2006,1975,1984,2006,2015,0.10535931511187346,False,,3051688.663899203
1975_2007,1975,1984,2007,2016,0.10366491852949067,False,,2864805.071589338
1975_2008,1975,1984,2008,2017,0.10867679230482619,False,,3120137.8897783747
1975_2009,1975,1984,2009,2018,0.1237346502044605,False,,4750977.045041647
1975_2010,1975,1984,2010,2019,0.12485999172292228,False,,4697354.411104999
1975_2011,1975,1984,2011,2020,0.12582129990281143,False,,4725052.420733646
1975_2012,1975,1984,2012,2021,0.13372879964407658,False,,5559284.454671164
1975_2013,1975,1984,2013,2022,0.11740470734065167,False,,4128377.3978464035
1975_2014,1975,1984,2014,2023,0.1180104996744391,False,,4052885.891670053
1975_2015,1975,1984,2015,2024,0.12262170750150525,False,,4383089.7155884
1976_1970,1976,1985,1970,1979,0.11609497865176888,False,,3406221.232917133
1976_1971,1976,1985,1971,1980,0.12678337546545415,False,,4244517.428727198
1976_1972,1976,1985,1972,1981,0.11651815424840994,False,,3473823.041922511
1976_1973,1976,1985,1973,1982,0.11685219987303808,False,,3340843.0122104394
1976_1974,1976,1985,1974,1983,0.12692123179112635,False,,4206498.634536334
1976_1975,1976,1985,1975,1984,0.1372762565864818,False,,5516070.318042099
1976_1976,1976,1985,1976,1985,0.1376831900698181,False,,5384128.185833281
1976_1977,1976,1985,1977,1986,0.13707783724498057,False,,5214673.170935646
1976_1978,1976,1985,1978,1987,0.14169184637909193,False,,5920510.373591637
1976_1979,1976,1985,1979,1988,0.1435801286956091,False,,6218792.646211617
1976_1980,1976,1985,1980,1989,0.143137371668149,False,,6005479.872609731
1976_1981,1976,1985,1981,1990,0.13004335078869533,False,,4611792.822502766
1976_1982,1976,1985,1982,1991,0.14512730885658343,False,,6378370.70042217
1976_1983,1976,1985,1983,1992,0.13793397049026668,False,,5536985.42579772
1976_1984,1976,1985,1984,1993,0.13508027431838232,False,,5219872.5337872105
1976_1985,1976,1985,1985,1994,0.1326580619231621,False,,5122467.921988812
1976_1986,1976,1985,1986,1995,0.13413223322837964,False,,5088685.296057971
1976_1987,1976,1985,1987,1996,0.13314067996231516,False,,4915270.455646593
1976_1988,1976,1985,1988,1997,0.14128992484664882,False,,5780386.604055935
1976_1989,1976,1985,1989,1998,0.14561980249576068,False,,6262237.890955685
1976_1990,1976,1985,1990,1999,0.14104444638139824,False,,5591152.241420506
1976_1991,1976,1985,1991,2000,0.13861603702906633,False,,5609749.371618569
1976_1992,1976,1985,1992,2001,0.12235114280097514,False,,4073423.8748426232
1976_1993,1976,1985,1993,2002,0.11201489458911573,False,,3422680.2765957783
1976_1994,1976,1985,1994,2003,0.11813938607371766,False,,3818490.231135331
1976_1995,1976,1985,1995,2004,0.12296964078138872,False,,4304863.208615209
1976_1996,1976,1985,1996,2005,0.11154117659832119,False,,3334419.748373399
1976_1997,1976,1985,1997,2006,0.11055387350434875,False,,3200642.653417346
1976_1998,1976,1985,1998,2007,0.10301521377941936,False,,2632707.2099651806
1976_1999,1976,1985,1999,2008,0.07568393252781802,False,,1455770.41053371
1976_2000,1976,1985,2000,2009,0.07965033980463465,False,,1449345.8623733826
1976_2001,1976,1985,2001,2010,0.0902842016837615,False,,1878266.9060588195
1976_2002,1976,1985,2002,2011,0.09673068216273095,False,,2266926.550923999
1976_2003,1976,1985,2003,2012,0.11034803996387987,False,,3170233.954746118
1976_2004,1976,1985,2004,2013,0.10851278348377025,False,,2888493.4733112934
1976_2005,1976,1985,2005,2014,0.1093014718863532,False,,2899613.9591629053
1976_2006,1976,1985,2006,2015,0.1057548282634333,False,,2730068.5443382813
1976_2007,1976,1985,2007,2016,0.1040598254020575,False,,2552902.854420804
1976_2008,1976,1985,2008,2017,0.1090734924965111,False,,2778651.946130499
1976_2009,1976,1985,2009,2018,0.12413673831005934,False,,4303728.281238928
1976_2010,1976,1985,2010,2019,0.1252624824915869,False,,4241062.14658383
1976_2011,1976,1985,2011,2020,0.12622413464109994,False,,4260897.542321802
1976_2012,1976,1985,2012,2021,0.13413446379728988,False,,5025387.702649269
1976_2013,1976,1985,2013,2022,0.11780453050342432,False,,3728907.893034526
1976_2014,1976,1985,2014,2023,0.11841053959825198,False,,3649062.6198149705
1976_2015,1976,1985,2015,2024,0.12302339738050927,False,,3944617.163022316
1977_1970,1977,1986,1970,1979,0.11550111275482067,False,,3076731.63452228
1977_1971,1977,1986,1971,1980,0.12618382235148395,False,,3845834.867027643
1977_1972,1977,1986,1972,1981,0.11592406318285153,False,,3141825.8552376307
1977_1973,1977,1986,1973,1982,0.1162579310642693,False,,3006853.596621733
1977_1974,1977,1986,1974,1983,0.12632160532482328,False,,3806839.401703371
1977_1975,1977,1986,1975,1984,0.1366711202879458,False,,5036184.329293222
1977_1976,1977,1986,1976,1985,0.13707783724498057,False,,4900796.2988468995
1977_1977,1977,1986,1977,1986,0.13647280652391114,False,,4736458.913321771
1977_1978,1977,1986,1978,1987,0.14108436057783202,False,,5401953.239362764
1977_1979,1977,1986,1979,1988,0.14297163815327174,False,,5682810.121799426
1977_1980,1977,1986,1980,1989,0.1425291167135565,False,,5473632.4183997065
1977_1981,1977,1986,1981,1990,0.1294420630659272,False,,4189395.935393745
1977_1982,1977,1986,1982,1991,0.14451799507110663,False,,5827697.349145396
1977_1983,1977,1986,1983,1992,0.13732848422701927,False,,5051518.246029518
1977_1984,1977,1986,1984,1993,0.13447630648579634,False,,4758182.86788607
1977_1985,1977,1986,1985,1994,0.13205538293190622,False,,4680088.380071691
1977_1986,1977,1986,1986,1995,0.13352876984145734,False,,4634646.985795825
1977_1987,1977,1986,1987,1996,0.132537744173564,False,,4469105.715125792
1977_1988,1977,1986,1988,1997,0.1406826529048686,False,,5265468.345149946
1977_1989,1977,1986,1989,1998,0.14501022665805485,False,,5706808.491159521
1977_1990,1977,1986,1990,1999,0.14043730505689656,False,,5078444.523290254
1977_1991,1977,1986,1991,2000,0.1380101878432498,False,,5118429.247884233
1977_1992,1977,1986,1992,2001,0.12175394804527828,False,,3704961.042248636
1977_1993,1977,1986,1993,2002,0.1114231996747701,False,,3116462.279985369
1977_1994,1977,1986,1994,2003,0.11754443236267598,False,,3476717.3994947276
1977_1995,1977,1986,1995,2004,0.1223721169274834,False,,3932318.043301901
1977_1996,1977,1986,1996,2005,0.11094973374582051,False,,3030800.1955661057
1977_1997,1977,1986,1997,2006,0.10996295598853423,False,,2902371.503246564
1977_1998,1977,1986,1998,2007,0.1024283075287793,False,,2372422.487613867
1977_1999,1977,1986,1999,2008,0.07511156905011918,False,,1298186.3609364321
1977_2000,1977,1986,2000,2009,0.07907586583091142,False,,1279724.2684424971
1977_2001,1977,1986,2001,2010,0.08970406951065235,False,,1671912.8509997104
1977_2002,1977,1986,2002,2011,0.09614711986495927,False,,2034749.9259785842
1977_2003,1977,1986,2003,2012,0.10975723197057219,False,,2873066.5101764523
1977_2004,1977,1986,2004,2013,0.10792295201688429,False,,2600996.8551230202
1977_2005,1977,1986,2005,2014,0.10871122076419182,False,,2607998.5900456123
1977_2006,1977,1986,2006,2015,0.10516646428415544,False,,2456544.498296293
1977_2007,1977,1986,2007,2016,0.1034723633212864,False,,2287643.4654066027
1977_2008,1977,1986,2008,2017,0.10848336268049974,False,,2488232.873155367
1977_2009,1977,1986,2009,2018,0.12353859345217688,False,,3923362.4893549876
1977_2010,1977,1986,2010,2019,0.12466373863353786,False,,3853005.247221072
1977_2011,1977,1986,2011,2020,0.12562487909504294,False,,3866153.828817004
1977_2012,1977,1986,2012,2021,0.13353099922349854,False,,4571331.532341666
1977_2013,1977,1986,2013,2022,0.11720975496655894,False,,3389176.3010691283
1977_2014,1977,1986,2014,2023,0.11781544160842228,False,,3305628.336678359
1977_2015,1977,1986,2015,2024,0.12242584492311459,False,,3571715.1604362633
1978_1970,1978,1987,1970,1979,0.12002756833664141,False,,4114053.1993640214
1978_1971,1978,1987,1971,1980,0.13075362599448548,False,,5100994.425302055
1978_1972,1978,1987,1972,1981,0.12045223500350333,False,,4187041.980094808
1978_1973,1978,1987,1973,1982,0.1207874576465775,False,,4058341.7920210655
1978_1974,1978,1987,1974,1983,0.13089196806050651,False,,5065073.782471052
1978_1975,1978,1987,1975,1984,0.14128347905504346,False,,6546994.039887072
1978_1976,1978,1987,1976,1985,0.14169184637909193,False,,6422454.620654666
1978_1977,1978,1987,1977,1986,0.14108436057783202,False,,6242005.566248836
1978_1978,1978,1987,1978,1987,0.14571462729312956,False,,7034510.080485027
1978_1979,1978,1987,1979,1988,0.14760956302149975,False,,7370226.761534434
1978_1980,1978,1987,1980,1989,0.14716524592813784,False,,7148030.748865659
1978_1981,1978,1987,1981,1990,0.134025087925564,False,,5519214.545919741
1978_1982,1978,1987,1982,1991,0.14916219471201053,False,,7561364.649253987
1978_1983,1978,1987,1983,1992,0.1419435104308744,False,,6579899.041811042
1978_1984,1978,1987,1984,1993,0.1390797591863091,False,,6211705.677215866
1978_1985,1978,1987,1985,1994,0.13664901206271707,False,,6072817.743641823
1978_1986,1978,1987,1986,1995,0.13812837764886887,False,,6064081.276874157
1978_1987,1978,1987,1987,1996,0.13713333061908295,False,,5873751.898401107
1978_1988,1978,1987,1988,1997,0.1453112895797135,False,,6886569.031472215
1978_1989,1978,1987,1989,1998,0.14965642366533438,False,,7455449.106713067
1978_1990,1978,1987,1990,1999,0.14506494616470622,False,,6692585.8347861115
1978_1991,1978,1987,1991,2000,0.1426279802488628,False,,6665236.679964619
1978_1992,1978,1987,1992,2001,0.1263057762429387,False,,4864980.7938717995
1978_1993,1978,1987,1993,2002,0.11593310799167789,False,,4080518.6052049347
1978_1994,1978,1987,1994,2003,0.12207917928131273,False,,4552709.874719895
1978_1995,1978,1987,1995,2004,0.12692645351707244,False,,5105190.072463545
1978_1996,1978,1987,1996,2005,0.11545772084322237,False,,3986675.9232641314
1978_1997,1978,1987,1997,2006,0.11446693896112015,False,,3841409.0259774644
1978_1998,1978,1987,1998,2007,0.1069017165725834,False,,3191868.554528254
1978_1999,1978,1987,1999,2008,0.07947413284065541,False,,1794303.1844073008
1978_2000,1978,1987,2000,2009,0.08345451585667063,False,,1813738.5077523512
1978_2001,1978,1987,2001,2010,0.09412584642469612,False,,2321570.7228965797
1978_2002,1978,1987,2002,2011,0.10059504124529428,False,,2765704.1687872848
1978_2003,1978,1987,2003,2012,0.11426038016081819,False,,3808629.271862231
1978_2004,1978,1987,2004,2013,0.11241865710676913,False,,3506113.2634060546
1978_2005,1978,1987,2005,2014,0.11321012447345113,False,,3526081.9301519804
1978_2006,1978,1987,2006,2015,0.10965098415948393,False,,3317671.5045640343
1978_2007,1978,1987,2007,2016,0.10795000891144246,False,,3122751.116275237
1978_2008,1978,1987,2008,2017,0.11298134179229957,False,,3402549.9523774884
1978_2009,1978,1987,2009,2018,0.12809766334423944,False,,5120855.947028525
1978_2010,1978,1987,2010,2019,0.129227374114669,False,,5074712.372592047
1978_2011,1978,1987,2011,2020,0.13019241467054155,False,,5108912.8372926805
1978_2012,1978,1987,2012,2021,0.13813061607724686,False,,6000822.051629904
1978_2013,1978,1987,2013,2022,0.12174314383870843,False,,4458742.4067080775
1978_2014,1978,1987,2014,2023,0.12235128822234298,False,,4386851.506511622
1978_2015,1978,1987,2015,2024,0.12698039952896822,False,,4745710.608971272
1979_1970,1979,1988,1970,1979,0.12188001937937187,False,,4545782.857390013
1979_1971,1979,1988,1971,1980,0.13262381722259575,False,,5623387.504968277
1979_1972,1979,1988,1972,1981,0.12230538841663252,False,,4622057.326774392
1979_1973,1979,1988,1973,1982,0.1226411654956443,False,,4495967.552830711
1979_1974,1979,1988,1974,1983,0.1327623880971851,False,,5588746.592655279
1979_1975,1979,1988,1975,1984,0.14317108595918993,False,,7175787.831324868
1979_1976,1979,1988,1976,1985,0.14358012869560932,False,,7055763.566667651
1979_1977,1979,1988,1977,1986,0.14297163815327174,False,,6868608.891235663
1979_1978,1979,1988,1978,1987,0.14760956302149975,False,,7713974.607796995
1979_1979,1979,1988,1979,1988,0.14950763284742719,False,,8072523.747841955
1979_1980,1979,1988,1980,1989,0.14906258088316915,False,,7844909.559749766
1979_1981,1979,1988,1981,1990,0.13590068993394144,False,,6072680.465667175
1979_1982,1979,1988,1982,1991,0.15106283248740238,False,,8282911.00091102
1979_1983,1979,1988,1983,1992,0.1438322089829811,False,,7216005.858309083
1979_1984,1979,1988,1984,1993,0.14096372128448453,False,,6816656.857904629
1979_1985,1979,1988,1985,1994,0.1385289538669543,False,,6652466.901854997
1979_1986,1979,1988,1986,1995,0.14001076622531072,False,,6659006.899337255
1979_1987,1979,1988,1987,1996,0.13901407345397332,False,,6458360.79587976
1979_1988,1979,1988,1988,1997,0.1472055582143541,False,,7561265.5466636075
1979_1989,1979,1988,1989,1998,0.15155787886251626,False,,8183227.300621978
1979_1990,1979,1988,1990,1999,0.14695880736373645,False,,7364385.882174547
1979_1991,1979,1988,1991,2000,0.14451781086848636,False,,7309012.598944966
1979_1992,1979,1988,1992,2001,0.12816861102363353,False,,5347777.0141046895
1979_1993,1979,1988,1993,2002,0.11777878706954814,False,,4481755.523159431
1979_1994,1979,1988,1994,2003,0.12393502355197916,False,,5000534.23228868
1979_1995,1979,1988,1995,2004,0.12879031485666292,False,,5593335.366286156
1979_1996,1979,1988,1996,2005,0.11730261366239336,False,,4384508.104741408
1979_1997,1979,1988,1997,2006,0.11631019309301016,False,,4232233.204614909
1979_1998,1979,1988,1998,2007,0.10873245833022627,False,,3532919.181672657
1979_1999,1979,1988,1999,2008,0.08125951120053898,False,,2000785.2954494015
1979_2000,1979,1988,2000,2009,0.08524647750510628,False,,2035993.392575291
1979_2001,1979,1988,2001,2010,0.09593545774354761,False,,2591956.0887987316
1979_2002,1979,1988,2002,2011,0.10241535218175324,False,,3069924.8039078796
1979_2003,1979,1988,2003,2012,0.11610329265820218,False,,4198007.2669356065
1979_2004,1979,1988,2004,2013,0.1142585235168172,False,,3882819.591189149
1979_2005,1979,1988,2005,2014,0.11505129991783902,False,,3908185.050242761
1979_2006,1979,1988,2006,2015,0.11148627302270886,False,,3676069.594928267
1979_2007,1979,1988,2007,2016,0.10978248447483341,False,,3470320.040651556
1979_2008,1979,1988,2008,2017,0.11482213884536208,False,,3783085.567676404
1979_2009,1979,1988,2009,2018,0.12996346178692186,False,,5619248.594489423
1979_2010,1979,1988,2010,2019,0.1310950410237659,False,,5583182.665046434
1979_2011,1979,1988,2011,2020,0.13206167769247945,False,,5626144.850896656
1979_2012,1979,1988,2012,2021,0.14001300835590014,False,,6595771.0760800615
1979_2013,1979,1988,2013,2022,0.12359843232912104,False,,4903892.131416771
1979_2014,1979,1988,2014,2023,0.12420758254308462,False,,4836852.8611379545
1979_2015,1979,1988,2015,2024,0.1288443500916714,False,,5234323.466062904
1980_1970,1980,1989,1970,1979,0.12144566392837786,False,,4090380.632682489
1980_1971,1980,1989,1971,1980,0.13218530212255097,False,,5072350.609009903
1980_1972,1980,1989,1972,1981,0.12187086827658367,False,,4163189.2527912287
1980_1973,1980,1989,1973,1982,0.12220651535363247,False,,4034345.930695044
1980_1974,1980,1989,1974,1983,0.1323238193470051,False,,5036359.796095705
1980_1975,1980,1989,1975,1984,0.14272848729977183,False,,6512516.06812853
1980_1976,1980,1989,1976,1985,0.143137371668149,False,,6387729.074295279
1980_1977,1980,1989,1977,1986,0.1425291167135565,False,,6207647.701974597
1980_1978,1980,1989,1978,1987,0.14716524592813807,False,,6997253.73491898
1980_1979,1980,1989,1979,1988,0.14906258088316915,False,,7331718.46837102
1980_1980,1980,1989,1980,1989,0.14861770122855522,False,,7109819.544671278
1980_1981,1980,1989,1981,1990,0.1354609061353731,False,,5488866.946102106
1980_1982,1980,1989,1982,1991,0.1506171784004311,False,,7521800.876402437
1980_1983,1980,1989,1983,1992,0.1433893543582332,False,,6545020.082837089
1980_1984,1980,1989,1984,1993,0.14052197724486737,False,,6178535.041616249
1980_1985,1980,1989,1985,1994,0.138088152490083,False,,6041034.4665502375
1980_1986,1980,1989,1986,1995,0.13956939113889466,False,,6031460.361895314
1980_1987,1980,1989,1987,1996,0.13857308425457804,False,,5841696.669275876
1980_1988,1980,1989,1988,1997,0.14676139753851225,False,,6849574.125172066
1980_1989,1980,1989,1989,1998,0.15111203310969157,False,,7415543.629976889
1980_1990,1980,1989,1990,1999,0.1465147422217974,False,,6655749.747380918
1980_1991,1980,1989,1991,2000,0.14407469080098956,False,,6629937.20936603
1980_1992,1980,1989,1992,2001,0.12773182083451018,False,,4838508.149464388
1980_1993,1980,1989,1993,2002,0.1173460194822995,False,,4058518.014050741
1980_1994,1980,1989,1994,2003,0.12349987247021454,False,,4528154.80473783
1980_1995,1980,1989,1995,2004,0.12835328396403822,False,,5078424.1280734185
1980_1996,1980,1989,1996,2005,0.1168700304339989,False,,3964862.020352896
1980_1997,1980,1989,1997,2006,0.11587799409757893,False,,3819979.385327219
1980_1998,1980,1989,1998,2007,0.10830319318720649,False,,3173168.0933420355
1980_1999,1980,1989,1999,2008,0.08084088268900791,False,,1782981.3735209769
1980_2000,1980,1989,2000,2009,0.0848263053699101,False,,1801551.8453735758
1980_2001,1980,1989,2001,2010,0.09551114718289444,False,,2306744.973761588
1980_2002,1980,1989,2002,2011,0.10198853281675158,False,,2749023.166829441
1980_2003,1980,1989,2003,2012,0.11567117376788905,False,,3787278.928235526
1980_2004,1980,1989,2004,2013,0.11382711886110908,False,,3485457.731644409
1980_2005,1980,1989,2005,2014,0.11461958832489594,False,,3505130.481898624
1980_2006,1980,1989,2006,2015,0.11105594169221633,False,,3298019.8486377927
1980_2007,1980,1989,2007,2016,0.10935281279584586,False,,3103693.244327438
1980_2008,1980,1989,2008,2017,0.11439051597613203,False,,3381684.4534236975
1980_2009,1980,1989,2009,2018,0.12952597668996568,False,,5093528.1205489915
1980_2010,1980,1989,2010,2019,0.1306571178161373,False,,5046831.969474175
1980_2011,1980,1989,2011,2020,0.13162338023457543,False,,5080552.012169275
1980_2012,1980,1989,2012,2021,0.13957163240140424,False,,5968199.853475149
1980_2013,1980,1989,2013,2022,0.12316341156452926,False,,4434333.991984811
1980_2014,1980,1989,2014,2023,0.12377232593534448,False,,4362177.067597977
1980_2015,1980,1989,2015,2024,0.12840729827836128,False,,4718919.027188721
1981_1970,1981,1990,1970,1979,0.10860010983961366,False,,2566921.926493883
1981_1971,1981,1990,1971,1980,0.11921673128161192,False,,3228964.891871432
1981_1972,1981,1990,1972,1981,0.10902044370177699,False,,2628136.2285100617
1981_1973,1981,1990,1973,1982,0.1093522461229306,False,,2490081.4518397804
1981_1974,1981,1990,1974,1983,0.11935366186611018,False,,3188458.2516032793
1981_1975,1981,1990,1975,1984,0.12963914996981085,False,,4293670.64448245
1981_1976,1981,1990,1976,1985,0.13004335078869533,False,,4152950.8755444856
1981_1977,1981,1990,1977,1986,0.1294420630659272,False,,3996531.849654705
1981_1978,1981,1990,1978,1987,0.134025087925564,False,,4599604.811718455
1981_1979,1981,1990,1979,1988,0.13590068993394144,False,,4853499.892857249
1981_1980,1981,1990,1980,1989,0.1354609061353731,False,,4650720.263760063
1981_1981,1981,1990,1981,1990,0.12245481502049338,False,,3535833.471697721
1981_1982,1981,1990,1982,1991,0.13743748037669556,False,,4975656.429489413
1981_1983,1981,1990,1983,1992,0.13029244715322785,False,,4300368.946079832
1981_1984,1981,1990,1984,1993,0.1274579142952612,False,,4043823.8261456313
1981_1985,1981,1990,1985,1994,0.12505196768788585,False,,3995607.333625317
1981_1986,1981,1990,1986,1995,0.12651623954838698,False,,3932126.664923481
1981_1987,1981,1990,1987,1996,0.12553134482105954,False,,3778767.9405630482
1981_1988,1981,1990,1988,1997,0.1336258654010154,False,,4468750.243849627
1981_1989,1981,1990,1989,1998,0.13792666679266397,False,,4847408.675444754
1981_1990,1981,1990,1990,1999,0.13338203538766935,False,,4285146.727677738
1981_1991,1981,1990,1991,2000,0.13096993343736507,False,,4358223.857335581
1981_1992,1981,1990,1992,2001,0.11481426221521418,False,,3134849.1782651646
1981_1993,1981,1990,1993,2002,0.10454742460535527,False,,2642660.0470605204
1981_1994,1981,1990,1994,2003,0.11063078853262898,False,,2947902.2005944867
1981_1995,1981,1990,1995,2004,0.11542860682041112,False,,3355889.7041949276
1981_1996,1981,1990,1996,2005,0.1040768877543945,False,,2561018.459443125
1981_1997,1981,1990,1997,2006,0.10309621465814511,False,,2440865.1955432356
1981_1998,1981,1990,1998,2007,0.09560817899903329,False,,1969691.478948895
1981_1999,1981,1990,1999,2008,0.06846043442788208,False,,1054361.127282635
1981_2000,1981,1990,2000,2009,0.07240020624556287,False,,1017273.6912513258
1981_2001,1981,1990,2001,2010,0.08296265896930888,False,,1352627.201095553
1981_2002,1981,1990,2002,2011,0.08936584965089156,False,,1675509.7619458677
1981_2003,1981,1990,2003,2012,0.10289176334357308,False,,2413267.93416783
1981_2004,1981,1990,2004,2013,0.10106883108928488,False,,2156161.6685443204
1981_2005,1981,1990,2005,2014,0.10185222324358789,False,,2156790.5795028345
1981_2006,1981,1990,2006,2015,0.098329396257411,False,,2033328.667718527
1981_2007,1981,1990,2007,2016,0.09664577578223477,False,,1877215.2991642738
1981_2008,1981,1990,2008,2017,0.10162577479479595,False,,2038875.8569684732
1981_2009,1981,1990,2009,2018,0.11658786698484702,False,,3334833.521372333
1981_2010,1981,1990,2010,2019,0.11770605150064894,False,,3252576.051500446
1981_2011,1981,1990,2011,2020,0.11866124590521965,False,,3255378.3193371613
1981_2012,1981,1990,2012,2021,0.1265184551384455,False,,3868783.577138514
1981_2013,1981,1990,2013,2022,0.11029818160480609,False,,2863519.4531696523
1981_2014,1981,1990,2014,2023,0.11090012119054071,False,,2774242.4220219613
1981_2015,1981,1990,2015,2024,0.11548200242995121,False,,2994734.6973571875
1982_1970,1982,1991,1970,1979,0.12339784088170691,False,,4682198.71594813
1982_1971,1982,1991,1971,1980,0.1341561742965618,False,,5788450.754950509
1982_1972,1982,1991,1972,1981,0.12382378541212202,False,,4759511.381412634
1982_1973,1982,1991,1973,1982,0.12416001677292998,False,,4634246.433556585
1982_1974,1982,1991,1974,1983,0.1342949326473959,False,,5754214.205724664
1982_1975,1982,1991,1975,1984,0.1447177127152992,False,,7374471.065891621
1982_1976,1982,1991,1976,1985,0.14512730885658343,False,,7255873.478036537
1982_1977,1982,1991,1977,1986,0.14451799507110663,False,,7066599.99276037
1982_1978,1982,1991,1978,1987,0.14916219471201053,False,,7928668.5375048965
1982_1979,1982,1991,1979,1988,0.15106283248740238,False,,8294432.168004632
1982_1980,1982,1991,1980,1989,0.15061717840043132,False,,8065105.970930751
1982_1981,1982,1991,1981,1990,0.13743748037669556,False,,6247561.962042065
1982_1982,1982,1991,1982,1991,0.15262013619859105,False,,8510901.742850846
1982_1983,1982,1991,1983,1992,0.1453797301901225,False,,7416999.827322044
1982_1984,1982,1991,1984,1993,0.14250736163785116,False,,7007806.41912944
1982_1985,1982,1991,1985,1994,0.14006930015832153,False,,6835621.651847596
1982_1986,1982,1991,1986,1995,0.14155311730027442,False,,6846988.632947136
1982_1987,1982,1991,1987,1996,0.140555076076613,False,,6643082.700404248
1982_1988,1982,1991,1988,1997,0.1487576433159492,False,,7774452.902859706
1982_1989,1982,1991,1989,1998,0.1531158523351943,False,,8413187.150070133
1982_1990,1982,1991,1990,1999,0.14851055862950213,False,,7576658.026420801
1982_1991,1982,1991,1991,2000,0.14606625964476683,False,,7512429.8140334375
1982_1992,1982,1991,1992,2001,0.1296949405299015,False,,5500328.639102664
1982_1993,1982,1991,1993,2002,0.1192910599049326,False,,4608536.432532773
1982_1994,1982,1991,1994,2003,0.12545562532445587,False,,5142035.616512108
1982_1995,1982,1991,1995,2004,0.13031748548268474,False,,5747577.1658011405
1982_1996,1982,1991,1996,2005,0.11881424227003179,False,,4510213.201876535
1982_1997,1982,1991,1997,2006,0.11782047902830084,False,,4355723.94675635
1982_1998,1982,1991,1998,2007,0.11023249214535857,False,,3640682.7166737383
1982_1999,1982,1991,1999,2008,0.08272237613025957,False,,2066028.5186819485
1982_2000,1982,1991,2000,2009,0.0867147365082408,False,,2106220.4209209606
1982_2001,1982,1991,2001,2010,0.0974181781541088,False,,2677391.154806805
1982_2002,1982,1991,2002,2011,0.10390683941491696,False,,3166050.975366258
1982_2003,1982,1991,2003,2012,0.11761329867235748,False,,4321041.050957865
1982_2004,1982,1991,2004,2013,0.11576603369343075,False,,4001849.442795298
1982_2005,1982,1991,2005,2014,0.11655988266286199,False,,4028920.154296653
1982_2006,1982,1991,2006,2015,0.11299003254743711,False,,3789314.4978292463
1982_2007,1982,1991,2007,2016,0.1112839388984379,False,,3580143.1958262776
1982_2008,1982,1991,2008,2017,0.11633041155223722,False,,3903325.379113726
1982_2009,1982,1991,2009,2018,0.1314922195948216,False,,5776728.3034658665
1982_2010,1982,1991,2010,2019,0.1326253297754989,False,,5743846.659763905
1982_2011,1982,1991,2011,2020,0.13359327423283096,False,,5789577.332075152
1982_2012,1982,1991,2012,2021,0.14155536246430245,False,,6783760.204137133
1982_2013,1982,1991,2013,2022,0.12511857871832444,False,,5044548.398027464
1982_2014,1982,1991,2014,2023,0.12572855306791486,False,,4979042.12240935
1982_2015,1982,1991,2015,2024,0.13037159382340868,False,,5388713.003968308
1983_1970,1983,1992,1970,1979,0.11634100036541462,False,,3747137.7753991378
1983_1971,1983,1992,1971,1980,0.12703175323100457,False,,4657026.597892532
1983_1972,1983,1992,1972,1981,0.11676426924299288,False,,3817334.1377196084
1983_1973,1983,1992,1973,1982,0.1170983885015664,False,,3686415.4288899973
1983_1974,1983,1992,1974,1983,0.1271696399444575,False,,4620018.346515661
1983_1975,1983,1992,1975,1984,0.13752694730625548,False,,6012599.109441967
1983_1976,1983,1992,1976,1985,0.13793397049026668,False,,5884222.381781878
1983_1977,1983,1992,1977,1986,0.13732848422701927,False,,5709472.2543226285
1983_1978,1983,1992,1978,1987,0.1419435104308744,False,,6457051.454529888
1983_1979,1983,1992,1979,1988,0.1438322089829811,False,,6773363.442812018
1983_1980,1983,1992,1980,1989,0.1433893543582332,False,,6555772.191700948
1983_1981,1983,1992,1981,1990,0.13029244715322785,False,,5048838.747502804
1983_1982,1983,1992,1982,1991,0.1453797301901225,False,,6948141.812678286
1983_1983,1983,1992,1983,1992,0.13818480619044515,False,,6039288.968068362
1983_1984,1983,1992,1984,1993,0.13533048097601874,False,,5697573.940342894
1983_1985,1983,1992,1985,1994,0.13290773465057248,False,,5580189.515113051
1983_1986,1983,1992,1986,1995,0.13438223090855628,False,,5558469.99227605
1983_1987,1983,1992,1987,1996,0.13339045907360791,False,,5376908.520874535
1983_1988,1983,1992,1988,1997,0.14154150030254464,False,,6313162.61077137
1983_1989,1983,1992,1989,1998,0.14587233239006858,False,,6836929.995027645
1983_1990,1983,1992,1990,1999,0.14129596772627862,False,,6121641.0441636415
1983_1991,1983,1992,1991,2000,0.13886702307772025,False,,6118108.8423008965
1983_1992,1983,1992,1992,2001,0.12259854356591515,False,,4454665.272243372
1983_1993,1983,1992,1993,2002,0.11226001692655063,False,,3739518.1408523675
1983_1994,1983,1992,1994,2003,0.11838585843773552,False,,4172115.998518642
1983_1995,1983,1992,1995,2004,0.12321717788233588,False,,4690328.517067214
1983_1996,1983,1992,1996,2005,0.1117861945137184,False,,3648569.0528651034
1983_1997,1983,1992,1997,2006,0.1107986737877309,False,,3509258.0686951783
1983_1998,1983,1992,1998,2007,0.10325835230997638,False,,2902018.799882383
1983_1999,1983,1992,1999,2008,0.07592104640207054,False,,1618819.5920579047
1983_2000,1983,1992,2000,2009,0.07988832799723244,False,,1624850.0592127189
1983_2001,1983,1992,2001,2010,0.09052453390708459,False,,2091777.4730709759
1983_2002,1983,1992,2002,2011,0.09697243538892986,False,,2507155.233732605
1983_2003,1983,1992,2003,2012,0.11059279487520923,False,,3477707.38709252
1983_2004,1983,1992,2004,2013,0.10875713384803798,False,,3185960.6878318544
1983_2005,1983,1992,2005,2014,0.10954599610183968,False,,3201342.765954985
1983_2006,1983,1992,2006,2015,0.10599857068941398,False,,3013078.6075287317
1983_2007,1983,1992,2007,2016,0.10430319419719458,False,,2827361.636137002
1983_2008,1983,1992,2008,2017,0.10931796645831726,False,,3079142.968341345
1983_2009,1983,1992,2009,2018,0.12438453267525329,False,,4697285.441401859
1983_2010,1983,1992,2010,2019,0.125510525005476,False,,4642577.147547534
1983_2011,1983,1992,2011,2020,0.12647238913274572,False,,4669331.26111037
1983_2012,1983,1992,2012,2021,0.13438446196915277,False,,5495190.87831245
1983_2013,1983,1992,2013,2022,0.1180509290549594,False,,4080421.629034031
1983_2014,1983,1992,2014,2023,0.11865707173285922,False,,4004407.459066649
1983_2015,1983,1992,2015,2024,0.12327094633106706,False,,4330451.684128822
1984_1970,1984,1993,1970,1979,0.11354145476621991,False,,3380658.6684763674
1984_1971,1984,1993,1971,1980,0.12420539749930803,False,,4213586.71429948
1984_1972,1984,1993,1972,1981,0.11396366217555198,False,,3448065.9329875726
1984_1973,1984,1993,1973,1982,0.11429694353414743,False,,3314931.3415534217
1984_1974,1984,1993,1974,1983,0.12434293842223498,False,,4175492.1477051573
1984_1975,1984,1993,1975,1984,0.13467427186187564,False,,5478839.654095879
1984_1976,1984,1993,1976,1985,0.13508027431838232,False,,5346630.1811388815
1984_1977,1984,1993,1977,1986,0.13447630648579634,False,,5177572.203753978
1984_1978,1984,1993,1978,1987,0.1390797591863091,False,,5880279.512816302
1984_1979,1984,1993,1979,1988,0.14096372128448453,False,,6177209.8833985925
1984_1980,1984,1993,1980,1989,0.14052197724486737,False,,5964217.91809847
1984_1981,1984,1993,1981,1990,0.1274579142952612,False,,4579022.295909804
1984_1982,1984,1993,1982,1991,0.14250736163785116,False,,6335648.189312861
1984_1983,1984,1993,1983,1992,0.13533048097601874,False,,5499321.76015499
1984_1984,1984,1993,1984,1993,0.1324833138016448,False,,5184053.582616284
1984_1985,1984,1993,1985,1994,0.13006664320826533,False,,5088147.094859146
1984_1986,1984,1993,1986,1995,0.13153744174350246,False,,5053459.954738567
1984_1987,1984,1993,1987,1996,0.13054815706120282,False,,4880655.964062269
1984_1988,1984,1993,1988,1997,0.1386787572138073,False,,5740438.055637002
1984_1989,1984,1993,1989,1998,0.14299872849633743,False,,6219146.394611783
1984_1990,1984,1993,1990,1999,0.13843384038097728,False,,5551375.191863156
1984_1991,1984,1993,1991,2000,0.13601098700856062,False,,5571631.621057738
1984_1992,1984,1993,1992,2001,0.11978330538038406,False,,4044837.6768318303
1984_1993,1984,1993,1993,2002,0.10947070556512273,False,,3398923.1767983665
1984_1994,1984,1993,1994,2003,0.11558118476977364,False,,3791974.70507479
1984_1995,1984,1993,1995,2004,0.1204003882936251,False,,4275960.293798441
1984_1996,1984,1993,1996,2005,0.10899807139804163,False,,3310864.2418508166
1984_1997,1984,1993,1997,2006,0.10801302716382666,False,,3177502.0883305995
1984_1998,1984,1993,1998,2007,0.10049161520726901,False,,2612513.719729173
1984_1999,1984,1993,1999,2008,0.07322286544342971,False,,1443544.675814643
1984_2000,1984,1993,2000,2009,0.07718019794084574,False,,1436186.2271480917
1984_2001,1984,1993,2001,2010,0.08778973051034988,False,,1862257.4816164111
1984_2002,1984,1993,2002,2011,0.0942214620278099,False,,2248913.751838018
1984_2003,1984,1993,2003,2012,0.10780766455179314,False,,3147179.0176903913
1984_2004,1984,1993,2004,2013,0.10597660697173028,False,,2866188.8213139554
1984_2005,1984,1993,2005,2014,0.10676349092692061,False,,2876989.764950725
1984_2006,1984,1993,2006,2015,0.1032249617023071,False,,2708847.916776411
1984_2007,1984,1993,2007,2016,0.10153383685344419,False,,2532323.418049439
1984_2008,1984,1993,2008,2017,0.10653603313320481,False,,2756120.5633374746
1984_2009,1984,1993,2009,2018,0.1215648156092104,False,,4274218.624140605
1984_2010,1984,1993,2010,2019,0.1226879841903532,False,,4210955.795594394
1984_2011,1984,1993,2011,2020,0.12364743616713847,False,,4230272.412839076
1984_2012,1984,1993,2012,2021,0.13153966720907384,False,,4990160.975706264
1984_2013,1984,1993,2013,2022,0.1152470953185949,False,,3702550.731064964
1984_2014,1984,1993,2014,2023,0.11585171791968496,False,,3622418.194508023
1984_2015,1984,1993,2015,2024,0.12045402190253207,False,,3915686.563945337
1985_1970,1985,1994,1970,1979,0.11116520528382456,False,,3479565.9856830677
1985_1971,1985,1994,1971,1980,0.12180639162262552,False,,4333264.612439206
1985_1972,1985,1994,1972,1981,0.11158651172073797,False,,3547725.986643721
1985_1973,1985,1994,1973,1982,0.11191908187127497,False,,3415189.429311705
1985_1974,1985,1994,1974,1983,0.12194363903914929,False,,4295463.226333945
1985_1975,1985,1994,1975,1984,0.1322529258584031,False,,5622893.475349915
1985_1976,1985,1994,1976,1985,0.1326580619231621,False,,5491718.403939127
1985_1977,1985,1994,1977,1986,0.13205538293190622,False,,5321124.19902486
1985_1978,1985,1994,1978,1987,0.13664901206271707,False,,6035941.771093448
1985_1979,1985,1994,1979,1988,0.13852895386695407,False,,6338102.955038917
1985_1980,1985,1994,1980,1989,0.138088152490083,False,,6123869.710189609
1985_1981,1985,1994,1981,1990,0.12505196768788585,False,,4705818.841548702
1985_1982,1985,1994,1982,1991,0.14006930015832153,False,,6500951.2037246805
1985_1983,1985,1994,1983,1992,0.13290773465057248,False,,5645050.9624627195
1985_1984,1985,1994,1984,1993,0.13006664320826533,False,,5322645.169297018
1985_1985,1985,1994,1985,1994,0.12765512968579884,False,,5220942.102323137
1985_1986,1985,1994,1986,1995,0.12912278960033774,False,,5189754.731253108
1985_1987,1985,1994,1987,1996,0.1281356160089222,False,,5014587.22541958
1985_1988,1985,1994,1988,1997,0.1362488658111456,False,,5895007.983844882
1985_1989,1985,1994,1989,1998,0.14055961846110465,False,,6385877.095972901
1985_1990,1985,1994,1990,1999,0.13600447162028328,False,,5705281.552362775
1985_1991,1985,1994,1991,2000,0.13358678851256367,False,,5719117.780150358
1985_1992,1985,1994,1992,2001,0.11739373605773706,False,,4155444.1130889766
1985_1993,1985,1994,1993,2002,0.10710314288611533,False,,3490844.7448014044
1985_1994,1985,1994,1994,2003,0.11320058259144195,False,,3894569.245346742
1985_1995,1985,1994,1995,2004,0.11800950214263084,False,,4387792.17868638
1985_1996,1985,1994,1996,2005,0.10663151729998144,False,,3402005.800085016
1985_1997,1985,1994,1997,2006,0.10564857510771697,False,,3267038.1447259076
1985_1998,1985,1994,1998,2007,0.09814321352017985,False,,2690646.8799960664
1985_1999,1985,1994,1999,2008,0.0709326540933366,False,,1490848.7960544461
1985_2000,1985,1994,2000,2009,0.07488154181372297,False,,1487103.8187132243
1985_2001,1985,1994,2001,2010,0.08546843409788463,False,,1924201.5492897145
1985_2002,1985,1994,2002,2011,0.09188644057742734,False,,2318609.3270650655
1985_2003,1985,1994,2003,2012,0.10544365073064843,False,,3236383.759954618
1985_2004,1985,1994,2004,2013,0.10361650054856186,False,,2952490.541761363
1985_2005,1985,1994,2005,2014,0.10440170532729831,False,,2964527.8661719617
1985_2006,1985,1994,2006,2015,0.1008707271715763,False,,2790955.3026159937
1985_2007,1985,1994,2007,2016,0.09918321111027106,False,,2611949.8908094154
1985_2008,1985,1994,2008,2017,0.10417473291871326,False,,2843299.5562815997
1985_2009,1985,1994,2009,2018,0.11917144462049967,False,,4388398.13152329
1985_2010,1985,1994,2010,2019,0.12029221640828713,False,,4327444.045986826
1985_2011,1985,1994,2011,2020,0.12124962095589642,False,,4348767.934024488
1985_2012,1985,1994,2012,2021,0.12912501031686152,False,,5126461.11351048
1985_2013,1985,1994,2013,2022,0.11286720607275602,False,,3804532.5250134068
1985_2014,1985,1994,2014,2023,0.11347053843526855,False,,3725511.474985855
1985_2015,1985,1994,2015,2024,0.11806302129972757,False,,4027625.565469124
1986_1970,1986,1995,1970,1979,0.1126114033166219,False,,3190560.1047859117
1986_1971,1986,1995,1971,1980,0.12326643931763037,False,,3983567.36705231
1986_1972,1986,1995,1972,1981,0.11303325809012588,False,,3256520.6197348125
1986_1973,1986,1995,1973,1982,0.11336626108565784,False,,3122236.6146165757
1986_1974,1986,1995,1974,1983,0.12340386536370707,False,,3944909.311411402
1986_1975,1986,1995,1975,1984,0.13372656987300968,False,,5201970.103006094
1986_1976,1986,1995,1976,1985,0.13413223322837964,False,,5067772.523872867
1986_1977,1986,1995,1977,1986,0.13352876984145734,False,,4901667.155608109
1986_1978,1986,1995,1978,1987,0.13812837764886887,False,,5581098.6983427135
1986_1979,1986,1995,1979,1988,0.14001076622531072,False,,5867975.514391776
1986_1980,1986,1995,1980,1989,0.13956939113889466,False,,5657369.272070529
1986_1981,1986,1995,1981,1990,0.12651623954838698,False,,4335321.001732625
1986_1982,1986,1995,1982,1991,0.14155311730027442,False,,6017937.968260979
1986_1983,1986,1995,1983,1992,0.13438223090855606,False,,5219232.148700254
1986_1984,1986,1995,1984,1993,0.13153744174350246,False,,4917682.374583926
1986_1985,1986,1995,1985,1994,0.12912278960033774,False,,4832916.835894465
1986_1986,1986,1995,1986,1995,0.13059235969607297,False,,4791503.185657676
1986_1987,1986,1995,1987,1996,0.12960390128355348,False,,4623241.840048894
1986_1988,1986,1995,1988,1997,0.13772771060100264,False,,5443356.685199578
1986_1989,1986,1995,1989,1998,0.14204407375961758,False,,5898692.178008046
1986_1990,1986,1995,1990,1999,0.1374829983274679,False,,5255569.189839468
1986_1991,1986,1995,1991,2000,0.13506216856924325,False,,5288165.161754863
1986_1992,1986,1995,1992,2001,0.11884804061592757,False,,3832253.5600929055
1986_1993,1986,1995,1993,2002,0.10854405408431722,False,,3222251.1312606856
1986_1994,1986,1995,1994,2003,0.11464942969806224,False,,3594789.3471156615
1986_1995,1986,1995,1995,2004,0.11946460812953452,False,,4061020.8808977217
1986_1996,1986,1995,1996,2005,0.108071814670472,False,,3135691.3648368428
1986_1997,1986,1995,1997,2006,0.10708759316433225,False,,3005414.964749184
1986_1998,1986,1995,1998,2007,0.09957246323711733,False,,2462342.812633471
1986_1999,1986,1995,1999,2008,0.07232648886267912,False,,1352626.778451859
1986_2000,1986,1995,2000,2009,0.07628051611913622,False,,1338323.2853914131
1986_2001,1986,1995,2001,2010,0.08688118740098605,False,,1743201.797705478
1986_2002,1986,1995,2002,2011,0.09330754701136912,False,,2114959.772290145
1986_2003,1986,1995,2003,2012,0.10688240207514066,False,,2975728.675514313
1986_2004,1986,1995,2004,2013,0.10505287382993056,False,,2700318.0489141545
1986_2005,1986,1995,2005,2014,0.10583910056435908,False,,2708742.684953902
1986_2006,1986,1995,2006,2015,0.10230352678807719,False,,2551038.6003649337
1986_2007,1986,1995,2007,2016,0.1006138143995321,False,,2379282.38396927
1986_2008,1986,1995,2008,2017,0.10561183274781016,False,,2588563.6847293493
1986_2009,1986,1995,2009,2018,0.12062806289281136,False,,4054767.111660782
1986_2010,1986,1995,2010,2019,0.12175029338174137,False,,3987066.9093946274
1986_2011,1986,1995,2011,2020,0.12270894400560195,False,,4002525.5785576124
1986_2012,1986,1995,2012,2021,0.13059458330289253,False,,4728193.90229709
1986_2013,1986,1995,2013,2022,0.11431561928488154,False,,3506543.0634860303
1986_2014,1986,1995,2014,2023,0.11491973689343271,False,,3424274.264428343
1986_2015,1986,1995,2015,2024,0.11951819694260979,False,,3700541.2742784005
1987_1970,1987,1996,1970,1979,0.11163866536023836,False,,2899805.6950731436
1987_1971,1987,1996,1971,1980,0.12228438583750334,False,,3631754.401015021
1987_1972,1987,1996,1972,1981,0.11206015131301217,False,,2963553.416790873
1987_1973,1987,1996,1973,1982,0.11239286316947039,False,,2827511.3915658817
1987_1974,1987,1996,1974,1983,0.12242169173423534,False,,3592234.4928596136
1987_1975,1987,1996,1975,1984,0.13273537127178336,False,,4778500.081288143
1987_1976,1987,1996,1976,1985,0.13314067996231516,False,,4641261.7078085765
1987_1977,1987,1996,1977,1986,0.132537744173564,False,,4479672.3343266025
1987_1978,1987,1996,1978,1987,0.13713333061908295,False,,5123503.756955889
1987_1979,1987,1996,1979,1988,0.13901407345397332,False,,5395003.732396185
1987_1980,1987,1996,1980,1989,0.13857308425457804,False,,5188046.436510907
1987_1981,1987,1996,1981,1990,0.12553134482105954,False,,3962581.594558025
1987_1982,1987,1996,1982,1991,0.140555076076613,False,,5532002.430462436
1987_1983,1987,1996,1983,1992,0.13339045907360791,False,,4790837.067410695
1987_1984,1987,1996,1984,1993,0.13054815706120282,False,,4510269.494379122
1987_1985,1987,1996,1985,1994,0.1281356160089222,False,,4442543.95855411
1987_1986,1987,1996,1986,1995,0.12960390128355348,False,,4390842.158631716
1987_1987,1987,1996,1987,1996,0.1286163070640607,False,,4229528.756550226
1987_1988,1987,1996,1988,1997,0.13673301386786485,False,,4988972.828629023
1987_1989,1987,1996,1989,1998,0.1410456033007519,False,,5408559.718405116
1987_1990,1987,1996,1990,1999,0.13648851554226926,False,,4803136.000244521
1987_1991,1987,1996,1991,2000,0.13406980227591658,False,,4854605.215546218
1987_1992,1987,1996,1992,2001,0.11786985006953543,False,,3507107.6559008905
1987_1993,1987,1996,1993,2002,0.10757487214485795,False,,2952032.4861756004
1987_1994,1987,1996,1994,2003,0.11367490992853946,False,,3293195.7356522726
1987_1995,1987,1996,1995,2004,0.11848587852824743,False,,3732272.567871435
1987_1996,1987,1996,1996,2005,0.10710304560220996,False,,2867765.6874139477
1987_1997,1987,1996,1997,2006,0.10611968458483911,False,,2742208.925393955
1987_1998,1987,1996,1998,2007,0.09861112501283142,False,,2232657.4715083283
1987_1999,1987,1996,1999,2008,0.07138897134825961,False,,1213568.496964331
1987_2000,1987,1996,2000,2009,0.07533954166334311,False,,1188642.6075849726
1987_2001,1987,1996,2001,2010,0.08593094495163434,False,,1561106.9705460279
1987_2002,1987,1996,2002,2011,0.09235168610089484,False,,1910078.1072422285
1987_2003,1987,1996,2003,2012,0.10591467289086154,False,,2713496.5888183257
1987_2004,1987,1996,2004,2013,0.10408674417227948,False,,2446619.874759429
1987_2005,1987,1996,2005,2014,0.10487228352153055,False,,2451409.965123212
1987_2006,1987,1996,2006,2015,0.10133980083958716,False,,2309670.366172965
1987_2007,1987,1996,2007,2016,0.09965156573895317,False,,2145207.203904957
1987_2008,1987,1996,2008,2017,0.10464521440151708,False,,2332286.6230449267
1987_2009,1987,1996,2009,2018,0.11964831610204962,False,,3719117.5742158615
1987_2010,1987,1996,2010,2019,0.12076956544321393,False,,3644630.44020456
1987_2011,1987,1996,2011,2020,0.12172737793451005,False,,3654188.4050412234
1987_2012,1987,1996,2012,2021,0.1296061229463097,False,,4327517.114873838
1987_2013,1987,1996,2013,2022,0.11334139136034449,False,,3206750.72113626
1987_2014,1987,1996,2014,2023,0.11394498079874915,False,,3121214.523680931
1987_2015,1987,1996,2015,2024,0.11853942048949961,False,,3371478.0741931396
1988_1970,1988,1997,1970,1979,0.11963327350299413,False,,3831151.981262226
1988_1971,1988,1997,1971,1980,0.13035555515635444,False,,4758683.824632999
1988_1972,1988,1997,1972,1981,0.12005779067007816,False,,3901987.7356601544
1988_1973,1988,1997,1973,1982,0.12039289530127473,False,,3771577.0110888267
1988_1974,1988,1997,1974,1983,0.13049384852039414,False,,4721924.607671971
1988_1975,1988,1997,1975,1984,0.14088170128435284,False,,6134961.819663992
1988_1976,1988,1997,1976,1985,0.14128992484664882,False,,6007463.737051634
1988_1977,1988,1997,1977,1986,0.1406826529048686,False,,5831408.701729656
1988_1978,1988,1997,1978,1987,0.1453112895797135,False,,6589274.644697699
1988_1979,1988,1997,1979,1988,0.1472055582143541,False,,6910029.809108109
1988_1980,1988,1997,1980,1989,0.14676139753851225,False,,6691384.185898753
1988_1981,1988,1997,1981,1990,0.1336258654010154,False,,5156542.721171128
1988_1982,1988,1997,1982,1991,0.1487576433159492,False,,7088554.088279293
1988_1983,1988,1997,1983,1992,0.14154150030254464,False,,6163074.786435659
1988_1984,1988,1997,1984,1993,0.1386787572138073,False,,5815296.8998076
1988_1985,1988,1997,1985,1994,0.1362488658111456,False,,5692988.72360189
1988_1986,1988,1997,1986,1995,0.13772771060100264,False,,5674241.987064119
1988_1987,1988,1997,1987,1996,0.13673301386786485,False,,5490672.890194764
1988_1988,1988,1997,1988,1997,0.14490809385742454,False,,6444457.950038951
1988_1989,1988,1997,1989,1998,0.14925169828076723,False,,6978554.981565049
1988_1990,1988,1997,1990,1999,0.14466183716522507,False,,6252372.733383678
1988_1991,1988,1997,1991,2000,0.14222572915957743,False,,6243387.06116178
1988_1992,1988,1997,1992,2001,0.1259092712271388,False,,4548616.9855030775
1988_1993,1988,1997,1993,2002,0.11554025457305128,False,,3817598.486731389
1988_1994,1988,1997,1994,2003,0.12168416219794675,False,,4259262.2185381735
1988_1995,1988,1997,1995,2004,0.12652972999786294,False,,4785321.155270085
1988_1996,1988,1997,1996,2005,0.11506503478002683,False,,3725986.840066514
1988_1997,1988,1997,1997,2006,0.11407460169306916,False,,3585312.1048029824
1988_1998,1988,1997,1998,2007,0.10651204256764069,False,,2968386.94732367
1988_1999,1988,1997,1999,2008,0.07909411445033387,False,,1659000.826452258
1988_2000,1988,1997,2000,2009,0.08307309621114478,False,,1668100.6612977565
1988_2001,1988,1997,2001,2010,0.09374067004082742,False,,2144394.2237874684
1988_2002,1988,1997,2002,2011,0.10020758744418345,False,,2566356.297619865
1988_2003,1988,1997,2003,2012,0.11386811560978782,False,,3553479.99717038
1988_2004,1988,1997,2004,2013,0.11202704091646298,False,,3259267.402772416
1988_2005,1988,1997,2005,2014,0.11281822965474086,False,,3275699.69185861
1988_2006,1988,1997,2006,2015,0.10926034230157389,False,,3082822.555819136
1988_2007,1988,1997,2007,2016,0.10755996586535743,False,,2894998.2383979615
1988_2008,1988,1997,2008,2017,0.11258952751431162,False,,3153194.859212452
1988_2009,1988,1997,2009,2018,0.1277005275119787,False,,4794272.205470564
1988_2010,1988,1997,2010,2019,0.1288298405786974,False,,4741525.012331372
1988_2011,1988,1997,2011,2020,0.12979454140140967,False,,4769984.149004601
1988_2012,1988,1997,2012,2021,0.13772994824136364,False,,5610967.427106303
1988_2013,1988,1997,2013,2022,0.12134824505335828,False,,4167047.36788777
1988_2014,1988,1997,2014,2023,0.12195617534566572,False,,4091977.3207692467
1988_2015,1988,1997,2015,2024,0.12658365701858876,False,,4425535.30972625
1989_1970,1989,1998,1970,1979,0.12388098916279366,False,,4310845.350022505
1989_1971,1989,1998,1971,1980,0.13464394949618774,False,,5339113.015779884
1989_1972,1989,1998,1972,1981,0.12430711688242302,False,,4385331.82201567
1989_1973,1989,1998,1973,1982,0.12464349284881782,False,,4257821.519791124
1989_1974,1989,1998,1974,1983,0.1347827675238844,False,,5303775.703086663
1989_1975,1989,1998,1975,1984,0.1452100301963386,False,,6833612.4832516825
1989_1976,1989,1998,1976,1985,0.14561980249576068,False,,6711131.173678619
1989_1977,1989,1998,1977,1986,0.14501022665805485,False,,6527625.545422216
1989_1978,1989,1998,1978,1987,0.14965642366533416,False,,7344225.392231857
1989_1979,1989,1998,1979,1988,0.15155787886251604,False,,7690349.624921566
1989_1980,1989,1998,1980,1989,0.15111203310969157,False,,7465683.885250266
1989_1981,1989,1998,1981,1990,0.13792666679266397,False,,5771496.840264032
1989_1982,1989,1998,1982,1991,0.1531158523351943,False,,7890261.8090915
1989_1983,1989,1998,1983,1992,0.14587233239006858,False,,6869850.927534016
1989_1984,1989,1998,1984,1993,0.14299872849633743,False,,6487456.118905381
1989_1985,1989,1998,1985,1994,0.14055961846110465,False,,6337034.950756377
1989_1986,1989,1998,1986,1995,0.14204407375961758,False,,6335261.842188254
1989_1987,1989,1998,1987,1996,0.1410456033007519,False,,6140229.866940351
1989_1988,1989,1998,1988,1997,0.14925169828076723,False,,7194110.975366894
1989_1989,1989,1998,1989,1998,0.15361178166821898,False,,7787186.881311492
1989_1990,1989,1998,1990,1999,0.1490045073287236,False,,6998807.503092444
1989_1991,1989,1998,1991,2000,0.1465591571056737,False,,6958684.316195013
1989_1992,1989,1998,1992,2001,0.1301807970526816,False,,5085050.239514789
1989_1993,1989,1998,1993,2002,0.11977244195138947,False,,4263411.474712392
1989_1994,1989,1998,1994,2003,0.12593965861259915,False,,4756838.35374579
1989_1995,1989,1998,1995,2004,0.13080360974812288,False,,5327697.746929092
1989_1996,1989,1998,1996,2005,0.11929541924789033,False,,4168016.8368164636
1989_1997,1989,1998,1997,2006,0.1183012286108196,False,,4019555.5332039096
1989_1998,1989,1998,1998,2007,0.11070997830446117,False,,3347327.1503218524
1989_1999,1989,1998,1999,2008,0.08318803080386217,False,,1888422.4045004277
1989_2000,1989,1998,2000,2009,0.08718210820673322,False,,1915047.315163555
1989_2001,1989,1998,2001,2010,0.09789015316341843,False,,2444818.4930538535
1989_2002,1989,1998,2002,2011,0.10438160505228433,False,,2904374.8205414605
1989_2003,1989,1998,2003,2012,0.11809395915123955,False,,3986116.5758847063
1989_2004,1989,1998,2004,2013,0.11624589970496846,False,,3677824.53464476
1989_2005,1989,1998,2005,2014,0.1170400900910833,False,,3700253.181485041
1989_2006,1989,1998,2006,2015,0.11346870466298098,False,,3481037.466766299
1989_2007,1989,1998,2007,2016,0.1117618772612683,False,,3281180.899493776
1989_2008,1989,1998,2008,2017,0.11681052029006689,False,,3576006.6995447516
1989_2009,1989,1998,2009,2018,0.13197884908712276,False,,5348034.597239072
1989_2010,1989,1998,2010,2019,0.13311244659314125,False,,5306484.641505809
1989_2011,1989,1998,2011,2020,0.13408080734173144,False,,5344678.89703467
1989_2012,1989,1998,2012,2021,0.14204631988924032,False,,6272013.284099422
1989_2013,1989,1998,2013,2022,0.125602467050262,False,,4661651.727533986
1989_2014,1989,1998,2014,2023,0.12621270373617532,False,,4591972.310074335
1989_2015,1989,1998,2015,2024,0.13085774135963368,False,,4968431.409358489
1990_1970,1990,1999,1970,1979,0.11939245313681068,False,,3401478.800525427
1990_1971,1990,1999,1971,1980,0.13011242854949812,False,,4238779.083408184
1990_1972,1990,1999,1972,1981,0.11981687899508664,False,,3469044.517138237
1990_1973,1990,1999,1973,1982,0.12015191154909344,False,,3336035.812739828
1990_1974,1990,1999,1974,1983,0.13025069216821006,False,,4200746.231727065
1990_1975,1990,1999,1975,1984,0.14063631062334148,False,,5509163.1899614055
1990_1976,1990,1999,1976,1985,0.14104444638139824,False,,5377171.460012633
1990_1977,1990,1999,1977,1986,0.14043730505689656,False,,5207790.104530716
1990_1978,1990,1999,1978,1987,0.14506494616470622,False,,5913046.641315117
1990_1979,1990,1999,1979,1988,0.14695880736373645,False,,6211078.105608379
1990_1980,1990,1999,1980,1989,0.1465147422217974,False,,5997824.849183861
1990_1981,1990,1999,1981,1990,0.13338203538766935,False,,4605713.150521192
1990_1982,1990,1999,1982,1991,0.14851055862950213,False,,6370444.710797406
1990_1983,1990,1999,1983,1992,0.14129596772627862,False,,5529997.966133865
1990_1984,1990,1999,1984,1993,0.13843384038097728,False,,5213227.310274381
1990_1985,1990,1999,1985,1994,0.13600447162028328,False,,5116100.634283111
1990_1986,1990,1999,1986,1995,0.1374829983274679,False,,5082150.2005643565
1990_1987,1990,1999,1987,1996,0.13648851554226926,False,,4908848.686559521
1990_1988,1990,1999,1988,1997,0.14466183716522507,False,,5772975.247090453
1990_1989,1990,1999,1989,1998,0.1490045073287236,False,,6254243.44624565
1990_1990,1990,1999,1990,1999,0.14441563344003572,False,,5583772.701362838
1990_1991,1990,1999,1991,2000,0.14198004941347664,False,,5602677.668958314
1990_1992,1990,1999,1992,2001,0.1256671009653192,False,,4068120.490210916
1990_1993,1990,1999,1993,2002,0.11530031456862644,False,,3418272.7986264466
1990_1994,1990,1999,1994,2003,0.12144290070896169,False,,3813571.002864472
1990_1995,1990,1999,1995,2004,0.12628742628242762,False,,4299501.065870907
1990_1996,1990,1999,1996,2005,0.1148251969899674,False,,3330049.6705044652
1990_1997,1990,1999,1997,2006,0.11383497693388711,False,,3196349.5565457814
1990_1998,1990,1999,1998,2007,0.1062740444288004,False,,2628960.8619640325
1990_1999,1990,1999,1999,2008,0.07886201359558243,False,,1453502.2609324255
1990_2000,1990,1999,2000,2009,0.08284013952273117,False,,1446904.4531595265
1990_2001,1990,1999,2001,2010,0.09350541887877051,False,,1875296.7966543348
1990_2002,1990,1999,2002,2011,0.09997094532184181,False,,2263584.770327275
1990_2003,1990,1999,2003,2012,0.11362853526341055,False,,3165956.743806066
1990_2004,1990,1999,2004,2013,0.11178785656428514,False,,2884355.4571758993
1990_2005,1990,1999,2005,2014,0.11257887512687592,False,,2895416.660737829
1990_2006,1990,1999,2006,2015,0.1090217530347597,False,,2726131.6391911088
1990_2007,1990,1999,2007,2016,0.1073217423301498,False,,2549084.904704656
1990_2008,1990,1999,2008,2017,0.11235022217767243,False,,2774471.8663174897
1990_2009,1990,1999,2009,2018,0.12745797197133202,False,,4298253.574113374
1990_2010,1990,1999,2010,2019,0.12858704213567118,False,,4235476.739280146
1990_2011,1990,1999,2011,2020,0.12955153546222298,False,,4255215.889904037
1990_2012,1990,1999,2012,2021,0.1374852354865379,False,,5018852.350091215
1990_2013,1990,1999,2013,2022,0.1211070558163252,False,,3724018.044875217
1990_2014,1990,1999,2014,2023,0.12171485534975024,False,,3644119.477825954
1990_2015,1990,1999,2015,2024,0.12634134170406552,False,,3939249.8842231943
1991_1970,1991,2000,1970,1979,0.11701012428822999,False,,3824236.467404079
1991_1971,1991,2000,1971,1980,0.12770728508696316,False,,4750316.049765851
1991_1972,1991,2000,1972,1981,0.11743364686905089,False,,3895019.591122149
1991_1973,1991,2000,1973,1982,0.11776796639545384,False,,3764567.052524945
1991_1974,1991,2000,1974,1983,0.12784525444836903,False,,4713536.333879242
1991_1975,1991,2000,1975,1984,0.13820876987932285,False,,6124889.701388665
1991_1976,1991,2000,1976,1985,0.13861603702906633,False,,5997319.294317109
1991_1977,1991,2000,1977,1986,0.1380101878432498,False,,5821371.6706919465
1991_1978,1991,2000,1978,1987,0.1426279802488628,False,,6578390.874571201
1991_1979,1991,2000,1979,1988,0.14451781086848636,False,,6898780.305046816
1991_1980,1991,2000,1980,1989,0.14407469080098956,False,,6680221.471027248
1991_1981,1991,2000,1981,1990,0.13096993343736507,False,,5147677.216643303
1991_1982,1991,2000,1982,1991,0.14606625964476683,False,,7076996.244843206
1991_1983,1991,2000,1983,1992,0.13886702307772025,False,,6152885.526969753
1991_1984,1991,2000,1984,1993,0.13601098700856062,False,,5805606.696237421
1991_1985,1991,2000,1985,1994,0.13358678851256367,False,,5683703.811824424
1991_1986,1991,2000,1986,1995,0.13506216856924325,False,,5664712.374469235
1991_1987,1991,2000,1987,1996,0.13406980227591658,False,,5481308.532530307
1991_1988,1991,2000,1988,1997,0.14222572915957743,False,,6433650.554683758
1991_1989,1991,2000,1989,1998,0.1465591571056737,False,,6966897.315495392
1991_1990,1991,2000,1990,1999,0.14198004941347664,False,,6241611.734107276
1991_1991,1991,2000,1991,2000,0.13954964887915322,False,,6233074.956800903
1991_1992,1991,2000,1992,2001,0.1232714181991783,False,,4540883.47938504
1991_1993,1991,2000,1993,2002,0.11292669474764017,False,,3811171.4104003306
1991_1994,1991,2000,1994,2003,0.11905620802856309,False,,4252088.897240435
1991_1995,1991,2000,1995,2004,0.12389042331898326,False,,4777501.966846349
1991_1996,1991,2000,1996,2005,0.1124525883302685,False,,3719614.3013421595
1991_1997,1991,2000,1997,2006,0.11146447569397622,False,,3579051.821375099
1991_1998,1991,2000,1998,2007,0.1039196346209681,False,,2962923.9445058177
1991_1999,1991,2000,1999,2008,0.07656594299815755,False,,1655693.3633817341
1991_2000,1991,2000,2000,2009,0.08053560254326775,False,,1664540.5474453487
1991_2001,1991,2000,2001,2010,0.091178183691349,False,,2140063.1482864567
1991_2002,1991,2000,2002,2011,0.09762994998254193,False,,2561483.2434319034
1991_2003,1991,2000,2003,2012,0.11125847337963934,False,,3547242.878939266
1991_2004,1991,2000,2004,2013,0.10942171207512708,False,,3253233.261309568
1991_2005,1991,2000,2005,2014,0.11021104716528063,False,,3269579.103724102
1991_2006,1991,2000,2006,2015,0.10666149546061332,False,,3077081.678595227
1991_2007,1991,2000,2007,2016,0.10496510277623705,False,,2889430.8244654206
1991_2008,1991,2000,2008,2017,0.109982880843011,False,,3147099.3796173027
1991_2009,1991,2000,2009,2018,0.12505847781299373,False,,4786288.873317584
1991_2010,1991,2000,2010,2019,0.12618514505205236,False,,4733380.254869022
1991_2011,1991,2000,2011,2020,0.12714758571131157,False,,4761699.044908881
1991_2012,1991,2000,2012,2021,0.1350644009671158,False,,5601437.439654694
1991_2013,1991,2000,2013,2022,0.11872107789237707,False,,4159916.8892816706
1991_2014,1991,2000,2014,2023,0.11932758388629461,False,,4084769.127988763
1991_2015,1991,2000,2015,2024,0.12394422399599869,False,,4417708.631800217
1992_1970,1992,2001,1970,1979,0.10105386604804223,False,,2183692.856400309
1992_1971,1992,2001,1971,1980,0.1115982201206498,False,,2765257.545336175
1992_1972,1992,2001,1972,1981,0.10147133869652736,False,,2241990.584620999
1992_1973,1992,2001,1973,1982,0.101800882537749,False,,2101618.648216552
1992_1974,1992,2001,1974,1983,0.11173421861830812,False,,2723614.939708065
1992_1975,1992,2001,1975,1984,0.12194969337810146,False,,3735515.661396218
1992_1976,1992,2001,1976,1985,0.12235114280097514,False,,3590787.971165356
1992_1977,1992,2001,1977,1986,0.12175394804527828,False,,3440321.2556218347
1992_1978,1992,2001,1978,1987,0.1263057762429387,False,,3996471.4523983514
1992_1979,1992,2001,1979,1988,0.12816861102363353,False,,4230099.077118179
1992_1980,1992,2001,1980,1989,0.12773182083451018,False,,4032128.9446365703
1992_1981,1992,2001,1981,1990,0.11481426221521418,False,,3044544.0135606416
1992_1982,1992,2001,1982,1991,0.1296949405299015,False,,4335168.725588632
1992_1983,1992,2001,1983,1992,0.12259854356591493,False,,3735722.4844923965
1992_1984,1992,2001,1984,1993,0.11978330538038406,False,,3506832.9706010055
1992_1985,1992,2001,1985,1994,0.11739373605773706,False,,3481076.0667713173
1992_1986,1992,2001,1986,1995,0.11884804061592757,False,,3404035.0945786666
1992_1987,1992,2001,1987,1996,0.11786985006953543,False,,3259834.112450439
1992_1988,1992,2001,1988,1997,0.1259092712271388,False,,3869849.2573053837
1992_1989,1992,2001,1989,1998,0.1301807970526816,False,,4201389.215578729
1992_1990,1992,2001,1990,1999,0.12566710096531897,False,,3688816.8192191664
1992_1991,1992,2001,1991,2000,0.1232714181991783,False,,3786769.8416269305
1992_1992,1992,2001,1992,2001,0.10722571867248076,False,,2706290.3728068536
1992_1993,1992,2001,1993,2002,0.09702876745256961,False,,2286498.1570991483
1992_1994,1992,2001,1994,2003,0.10307072190598476,False,,2550386.5124181453
1992_1995,1992,2001,1995,2004,0.1078358814323741,False,,2922582.7410422293
1992_1996,1992,2001,1996,2005,0.09656143354716051,False,,2207878.8172468105
1992_1997,1992,2001,1997,2006,0.09558743589519292,False,,2093946.2758791698
1992_1998,1992,2001,1998,2007,0.0881503713140217,False,,1666954.540993356
1992_1999,1992,2001,1999,2008,0.06118742150980849,False,,871075.2539714741
1992_2000,1992,2001,2000,2009,0.06510037529061963,False,,819986.9604209824
1992_2001,1992,2001,2001,2010,0.07559092937157907,False,,1112616.9761428004
1992_2002,1992,2001,2002,2011,0.08195053351776638,False,,1405465.3280433796
1992_2003,1992,2001,2003,2012,0.09538437628124363,False,,2067632.7335444656
1992_2004,1992,2001,2004,2013,0.09357385273148688,False,,1821774.5978140763
1992_2005,1992,2001,2005,2014,0.0943519123333858,False,,1817612.993089654
1992_2006,1992,2001,2006,2015,0.09085306523954095,False,,1715193.083701436
1992_2007,1992,2001,2007,2016,0.08918090517325816,False,,1568692.3306677667
1992_2008,1992,2001,2008,2017,0.09412700531976581,False,,1701089.6815750948
1992_2009,1992,2001,2009,2018,0.10898725050989677,False,,2892430.394144004
1992_2010,1992,2001,2010,2019,0.1100978235408312,False,,2801227.4037414063
1992_2011,1992,2001,2011,2020,0.11104651593463943,False,,2796252.2437684857
1992_2012,1992,2001,2012,2021,0.11885024112445897,False,,3340671.233790105
1992_2013,1992,2001,2013,2022,0.10274037903437283,False,,2468377.9291137485
1992_2014,1992,2001,2014,2023,0.10333822121580316,False,,2374794.301031589
1992_2015,1992,2001,2015,2024,0.10788891357786312,False,,2561012.6970777484
1993_1970,1993,2002,1970,1979,0.09091375425941095,False,,1668566.1481688898
1993_1971,1993,2002,1971,1980,0.10136100052255337,False,,2141953.997551799
1993_1972,1993,2002,1972,1981,0.09132738221014369,False,,1722943.4925360852
1993_1973,1993,2002,1973,1982,0.09165389113046607,False,,1579456.8893188755
1993_1974,1993,2002,1974,1983,0.10149574654745641,False,,2098784.456359019
1993_1975,1993,2002,1975,1984,0.11161714229873576,False,,2985258.017710764
1993_1976,1993,2002,1976,1985,0.11201489458911573,False,,2835142.9822506914
1993_1977,1993,2002,1977,1986,0.1114231996747701,False,,2692677.209940137
1993_1978,1993,2002,1978,1987,0.11593310799167789,False,,3185755.026488225
1993_1979,1993,2002,1979,1988,0.11777878706954814,False,,3392139.6549844737
1993_1980,1993,2002,1980,1989,0.1173460194822995,False,,3200634.3247664985
1993_1981,1993,2002,1981,1990,0.10454742460535527,False,,2384165.29725617
1993_1982,1993,2002,1982,1991,0.1192910599049326,False,,3474241.5456840666
1993_1983,1993,2002,1983,1992,0.11226001692655063,False,,2976739.1615387565
1993_1984,1993,2002,1984,1993,0.10947070556512273,False,,2785023.6055141278
1993_1985,1993,2002,1985,1994,0.10710314288611533,False,,2789456.3060054486
1993_1986,1993,2002,1986,1995,0.10854405408431722,False,,2694187.920902458
1993_1987,1993,2002,1987,1996,0.10757487214485795,False,,2562296.54151328
1993_1988,1993,2002,1988,1997,0.11554025457305128,False,,3064821.878563588
1993_1989,1993,2002,1989,1998,0.11977244195138947,False,,3333026.390877129
1993_1990,1993,2002,1990,1999,0.11530031456862644,False,,2887245.4178398233
1993_1991,1993,2002,1991,2000,0.11292669474764017,False,,3018635.978645853
1993_1992,1993,2002,1992,2001,0.09702876745256961,False,,2130232.594399216
1993_1993,1993,2002,1993,2002,0.08692572464936865,False,,1807754.4596847412
1993_1994,1993,2002,1994,2003,0.09291203596354336,False,,2016056.097790082
1993_1995,1993,2002,1995,2004,0.09763331094279293,False,,2340142.6105790026
1993_1996,1993,2002,1996,2005,0.08646269463697465,False,,1733197.5479313317
1993_1997,1993,2002,1997,2006,0.08549766697764527,False,,1627626.742587722
1993_1998,1993,2002,1998,2007,0.0781290937469501,False,,1260023.296787331
1993_1999,1993,2002,1999,2008,0.05141445815659762,False,,624707.0738095519
1993_2000,1993,2002,2000,2009,0.055291375745189164,False,,554799.1858986632
1993_2001,1993,2002,2001,2010,0.06568531748556672,False,,790001.3742219807
1993_2002,1993,2002,2002,2011,0.07198635311030155,False,,1042478.5111026933
1993_2003,1993,2002,2003,2012,0.08529647743313484,False,,1603038.7425339555
1993_2004,1993,2002,2004,2013,0.083502627828002,False,,1372300.0551381821
1993_2005,1993,2002,2005,2014,0.08427352192094206,False,,1361699.1618340085
1993_2006,1993,2002,2006,2015,0.08080689732025292,False,,1287563.3735492562
1993_2007,1993,2002,2007,2016,0.07915013694559603,False,,1153983.652287533
1993_2008,1993,2002,2008,2017,0.08405068617951894,False,,1247046.1494025865
1993_2009,1993,2002,2009,2018,0.09877407653258796,False,,2297763.4327238575
1993_2010,1993,2002,2010,2019,0.09987442178536332,False,,2194536.1025620727
1993_2011,1993,2002,2011,2020,0.10081437723430198,False,,2179106.723171229
1993_2012,1993,2002,2012,2021,0.10854623432735289,False,,2630796.137574096
1993_2013,1993,2002,2013,2022,0.0925847353714695,False,,1937238.805135595
1993_2014,1993,2002,2014,2023,0.09317707174910694,False,,1837866.3596706828
1993_2015,1993,2002,2015,2024,0.09768585469084723,False,,1978014.68433059
1994_1970,1994,2003,1970,1979,0.09692202989574183,False,,2022488.841451969
1994_1971,1994,2003,1971,1980,0.10742681502017803,False,,2570200.6150143924
1994_1972,1994,2003,1972,1981,0.09733793592824691,False,,2079559.7227489348
1994_1973,1994,2003,1973,1982,0.09766624311684069,False,,1938213.0809226562
1994_1974,1994,2003,1974,1983,0.10756230316722881,False,,2528080.169391463
1994_1975,1994,2003,1975,1984,0.1177394431377563,False,,3500729.6515171854
1994_1976,1994,2003,1976,1985,0.11813938607371766,False,,3354316.042721077
1994_1977,1994,2003,1977,1986,0.11754443236267598,False,,3206353.1464358424
1994_1978,1994,2003,1978,1987,0.12207917928131273,False,,3742765.4403571975
1994_1979,1994,2003,1979,1988,0.12393502355197916,False,,3967867.6279364405
1994_1980,1994,2003,1980,1989,0.12349987247021454,False,,3771920.5939742657
1994_1981,1994,2003,1981,1990,0.11063078853262898,False,,2837884.7610823433
1994_1982,1994,2003,1982,1991,0.12545562532445587,False,,4065749.734569401
1994_1983,1994,2003,1983,1992,0.11838585843773552,False,,3498205.856090374
1994_1984,1994,2003,1984,1993,0.11558118476977364,False,,3280949.579544056
1994_1985,1994,2003,1985,1994,0.11320058259144172,False,,3264640.225896647
1994_1986,1994,2003,1986,1995,0.11464942969806224,False,,3181895.1578062023
1994_1987,1994,2003,1987,1996,0.11367490992853946,False,,3041546.349040847
1994_1988,1994,2003,1988,1997,0.12168416219794675,False,,3617923.578588265
1994_1989,1994,2003,1989,1998,0.12593965861259915,False,,3929643.3100822284
1994_1990,1994,2003,1990,1999,0.12144290070896169,False,,3437972.655821475
1994_1991,1994,2003,1991,2000,0.11905620802856309,False,,3546389.638559109
1994_1992,1994,2003,1992,2001,0.10307072190598476,False,,2526018.5576638235
1994_1993,1994,2003,1993,2002,0.09291203596354336,False,,2136679.860122505
1994_1994,1994,2003,1994,2003,0.09893131726116566,False,,2383172.879790193
1994_1995,1994,2003,1995,2004,0.1036785949572383,False,,2740313.629389943
1994_1996,1994,2003,1996,2005,0.09244645578443711,False,,2059331.818592545
1994_1997,1994,2003,1997,2006,0.0914761131750017,False,,1948016.0031633428
1994_1998,1994,2003,1998,2007,0.0840669570670225,False,,1539609.2697703694
1994_1999,1994,2003,1999,2008,0.057205188952651254,False,,793976.6699474143
1994_2000,1994,2003,2000,2009,0.061103458907000974,False,,736998.9629339487
1994_2001,1994,2003,2001,2010,0.07155464593068372,False,,1011657.4850436758
1994_2002,1994,2003,2002,2011,0.07789038490266287,False,,1291872.048314097
1994_2003,1994,2003,2003,2012,0.09127381556650915,False,,1922242.4529105974
1994_2004,1994,2003,2004,2013,0.0894700862226383,False,,1681115.8050576516
1994_2005,1994,2003,2005,2014,0.0902452260629425,False,,1674939.0860790473
1994_2006,1994,2003,2006,2015,0.08675950881075156,False,,1581370.4239826214
1994_2007,1994,2003,2007,2016,0.08509362372485563,False,,1438913.1852254
1994_2008,1994,2003,2008,2017,0.09002116303975605,False,,1559001.0669139975
1994_2009,1994,2003,2009,2018,0.10482564338476741,False,,2706335.011772584
1994_2010,1994,2003,2010,2019,0.10593204885774621,False,,2611369.118349604
1994_2011,1994,2003,2011,2020,0.1068771811700262,False,,2603122.4096171437
1994_2012,1994,2003,2012,2021,0.11465162194892242,False,,3118522.5589237846
1994_2013,1994,2003,2013,2022,0.09860221404063885,False,,2302162.9806103283
1994_2014,1994,2003,2014,2023,0.09919781274787143,False,,2206767.7970623155
1994_2015,1994,2003,2015,2024,0.10373142809326663,False,,2378569.0014588363
1995_1970,1995,2004,1970,1979,0.10166062766346484,False,,2684911.4232512824
1995_1971,1995,2004,1971,1980,0.11221079245025112,False,,3371732.2358180797
1995_1972,1995,2004,1972,1981,0.10207833037006653,False,,2747023.6870904025
1995_1973,1995,2004,1973,1982,0.10240805581416867,False,,2609682.323186207
1995_1974,1995,2004,1974,1983,0.11234686589307841,False,,3331575.339323601
1995_1975,1995,2004,1975,1984,0.1225679701303739,False,,4465516.756132846
1995_1976,1995,2004,1976,1985,0.12296964078138872,False,,4326030.955735623
1995_1977,1995,2004,1977,1986,0.12237211692748362,False,,4167779.3180814795
1995_1978,1995,2004,1978,1987,0.12692645351707244,False,,4785298.97507199
1995_1979,1995,2004,1979,1988,0.12879031485666292,False,,5045434.049911786
1995_1980,1995,2004,1980,1989,0.12835328396403822,False,,4841173.661316921
1995_1981,1995,2004,1981,1990,0.11542860682041112,False,,3687092.8631464285
1995_1982,1995,2004,1982,1991,0.13031748548268474,False,,5172851.339166027
1995_1983,1995,2004,1983,1992,0.12321717788233588,False,,4474213.669895484
1995_1984,1995,2004,1984,1993,0.12040038829362487,False,,4209153.874812255
1995_1985,1995,2004,1985,1994,0.11800950214263106,False,,4154022.469583628
1995_1986,1995,2004,1986,1995,0.11946460812953452,False,,4094716.7800512174
1995_1987,1995,2004,1987,1996,0.11848587852824743,False,,3938538.547773108
1995_1988,1995,2004,1988,1997,0.12652972999786294,False,,4653141.333994772
1995_1989,1995,2004,1989,1998,0.13080360974812288,False,,5046306.7155816015
1995_1990,1995,2004,1990,1999,0.12628742628242762,False,,4468746.228058104
1995_1991,1995,2004,1991,2000,0.12389042331898326,False,,4534164.5074459575
1995_1992,1995,2004,1992,2001,0.1078358814323741,False,,3266794.90402817
1995_1993,1995,2004,1993,2002,0.09763331094279293,False,,2752316.0346672153
1995_1994,1995,2004,1994,2003,0.1036785949572383,False,,3070290.2960217083
1995_1995,1995,2004,1995,2004,0.10844638043679966,False,,3489297.3042795975
1995_1996,1995,2004,1996,2005,0.09716571950204966,False,,2669743.9500685018
1995_1997,1995,2004,1997,2006,0.09619118510578017,False,,2547675.435008601
1995_1998,1995,2004,1998,2007,0.08875002215534811,False,,2062898.8625916033
1995_1999,1995,2004,1999,2008,0.06177221378382569,False,,1110791.627060337
1995_2000,1995,2004,2000,2009,0.0656873238897997,False,,1078014.8090425753
1995_2001,1995,2004,2001,2010,0.0761836590371876,False,,1426522.1320095633
1995_2002,1995,2004,2002,2011,0.08254676779273495,False,,1758651.6980482386
1995_2003,1995,2004,2003,2012,0.09598801359105735,False,,2519682.939097481
1995_2004,1995,2004,2004,2013,0.09417649230973835,False,,2259113.5719268294
1995_2005,1995,2004,2005,2014,0.09495498067967079,False,,2261217.3984873877
1995_2006,1995,2004,2006,2015,0.09145420546388738,False,,2131277.0239056824
1995_2007,1995,2004,2007,2016,0.08978112391449256,False,,1972204.0999410872
1995_2008,1995,2004,2008,2017,0.0947299497257541,False,,2142874.2849492603
1995_2009,1995,2004,2009,2018,0.10959838400331767,False,,3471041.6705422895
1995_2010,1995,2004,2010,2019,0.1107095690416271,False,,3391538.3692552513
1995_2011,1995,2004,2011,2020,0.11165878423468012,False,,3396735.1704531778
1995_2012,1995,2004,2012,2021,0.1194668098507079,False,,4031380.0879090433
1995_2013,1995,2004,2013,2022,0.10334807004242164,False,,2985176.585181907
1995_2014,1995,2004,2014,2023,0.10394624167883948,False,,2897225.4795568055
1995_2015,1995,2004,2015,2024,0.10849944180689897,False,,3128270.080080341
1996_1970,1996,2005,1970,1979,0.09044902534767374,False,,1495770.3976896526
1996_1971,1996,2005,1971,1980,0.10089182108723693,False,,1932871.062043461
1996_1972,1996,2005,1972,1981,0.0908624770930313,False,,1548832.675958922
1996_1973,1996,2005,1973,1982,0.09118884692065765,False,,1404301.278944762
1996_1974,1996,2005,1974,1983,0.10102650971037619,False,,1889189.3207014478
1996_1975,1996,2005,1975,1984,0.11114359375029026,False,,2733589.1942507876
1996_1976,1996,2005,1976,1985,0.11154117659832119,False,,2581667.010477308
1996_1977,1996,2005,1977,1986,0.11094973374582051,False,,2441885.1001533093
1996_1978,1996,2005,1978,1987,0.11545772084322237,False,,2913805.7157604834
1996_1979,1996,2005,1979,1988,0.11730261366239336,False,,3111051.866475374
1996_1980,1996,2005,1980,1989,0.1168700304339989,False,,2921715.110204342
1996_1981,1996,2005,1981,1990,0.1040768877543945,False,,2162645.748646233
1996_1982,1996,2005,1982,1991,0.11881424227003179,False,,3185449.379053192
1996_1983,1996,2005,1983,1992,0.1117861945137184,False,,2722143.368318732
1996_1984,1996,2005,1984,1993,0.10899807139804185,False,,2542897.5636100927
1996_1985,1996,2005,1985,1994,0.10663151729998144,False,,2557457.161526768
1996_1986,1996,2005,1986,1995,0.108071814670472,False,,2456074.514742509
1996_1987,1996,2005,1987,1996,0.10710304560220996,False,,2328312.3078644956
1996_1988,1996,2005,1988,1997,0.11506503478002683,False,,2794780.920012613
1996_1989,1996,2005,1989,1998,0.11929541924789033,False,,3041739.987774974
1996_1990,1996,2005,1990,1999,0.1148251969899674,False,,2618363.74338816
1996_1991,1996,2005,1991,2000,0.1124525883302685,False,,2760970.6990139107
1996_1992,1996,2005,1992,2001,0.09656143354716051,False,,1936997.9308712827
1996_1993,1996,2005,1993,2002,0.08646269463697465,False,,1647163.1427135328
1996_1994,1996,2005,1994,2003,0.09244645578443711,False,,1836818.5946201659
1996_1995,1996,2005,1995,2004,0.09716571950204966,False,,2144767.0304656066
1996_1996,1996,2005,1996,2005,0.08599986187521846,False,,1573968.9448340212
1996_1997,1996,2005,1997,2006,0.08503524531736462,False,,1471203.026964684
1996_1998,1996,2005,1998,2007,0.07766981109651794,False,,1123520.9787897933
1996_1999,1996,2005,1999,2008,0.05096655593241528,False,,542064.5435252205
1996_2000,1996,2005,2000,2009,0.05484182195534926,False,,465843.7506935507
1996_2001,1996,2005,2001,2010,0.06523133587985708,False,,681782.1649295469
1996_2002,1996,2005,2002,2011,0.07152968726542341,False,,920717.0523294136
1996_2003,1996,2005,2003,2012,0.08483414147953594,False,,1447193.848332238
1996_2004,1996,2005,2004,2013,0.08304105605376333,False,,1221526.877040608
1996_2005,1996,2005,2005,2014,0.08381162174606538,False,,1208765.968181211
1996_2006,1996,2005,2006,2015,0.08034647392635175,False,,1144117.895937234
1996_2007,1996,2005,2007,2016,0.07869041933108645,False,,1014872.4468969317
1996_2008,1996,2005,2008,2017,0.08358888093259709,False,,1094740.3348557982
1996_2009,1996,2005,2009,2018,0.09830599912606686,False,,2098286.445330614
1996_2010,1996,2005,2010,2019,0.099405875632115,False,,1991025.632183954
1996_2011,1996,2005,2011,2020,0.10034543066033197,False,,1972089.4559970433
1996_2012,1996,2005,2012,2021,0.10807399398472461,False,,2392673.364988095
1996_2013,1996,2005,2013,2022,0.09211929462231105,False,,1759071.7987076186
1996_2014,1996,2005,2014,2023,0.09271137866484036,False,,1657757.5338261316
1996_2015,1996,2005,2015,2024,0.0972182408664839,False,,1782451.9663996608
1997_1970,1997,2006,1970,1979,0.0894804569138532,False,,1258696.0032597587
1997_1971,1997,2006,1971,1980,0.09991397705952854,False,,1646010.9385520576
1997_1972,1997,2006,1972,1981,0.08989354141938533,False,,1309954.021308876
1997_1973,1997,2006,1973,1982,0.09021962135587014,False,,1163989.1755204867
1997_1974,1997,2006,1974,1983,0.10004854604832847,False,,1601626.4626817363
1997_1975,1997,2006,1975,1984,0.11015664380092827,False,,2388301.5714175696
1997_1976,1997,2006,1976,1985,0.11055387350434875,False,,2233899.9945406253
1997_1977,1997,2006,1977,1986,0.10996295598853423,False,,2097800.3215021566
1997_1978,1997,2006,1978,1987,0.11446693896112037,False,,2540693.4258019812
1997_1979,1997,2006,1979,1988,0.11631019309301016,False,,2725401.6577311526
1997_1980,1997,2006,1980,1989,0.11587799409757893,False,,2539040.1676563183
1997_1981,1997,2006,1981,1990,0.10309621465814511,False,,1858722.6909585714
1997_1982,1997,2006,1982,1991,0.11782047902830084,False,,2789228.8248426407
1997_1983,1997,2006,1983,1992,0.1107986737877309,False,,2372839.9662695676
1997_1984,1997,2006,1984,1993,0.10801302716382666,False,,2210702.561123597
1997_1985,1997,2006,1985,1994,0.10564857510771697,False,,2239156.181711031
1997_1986,1997,2006,1986,1995,0.10708759316433225,False,,2129384.8165615797
1997_1987,1997,2006,1987,1996,0.10611968458483911,False,,2007287.8015060837
1997_1988,1997,2006,1988,1997,0.11407460169306916,False,,2424286.8740526503
1997_1989,1997,2006,1989,1998,0.1183012286108196,False,,2642097.3609766797
1997_1990,1997,2006,1990,1999,0.11383497693388711,False,,2249460.2259860747
1997_1991,1997,2006,1991,2000,0.11146447569397622,False,,2407455.9860366858
1997_1992,1997,2006,1992,2001,0.09558743589519292,False,,1671881.5104055307
1997_1993,1997,2006,1993,2002,0.08549766697764527,False,,1426833.1339253657
1997_1994,1997,2006,1994,2003,0.0914761131750017,False,,1590906.1667665653
1997_1995,1997,2006,1995,2004,0.09619118510578017,False,,1876713.2894834843
1997_1996,1997,2006,1996,2005,0.08503524531736462,False,,1355508.568635425
1997_1997,1997,2006,1997,2006,0.0840714855598994,False,,1256590.9340575635
1997_1998,1997,2006,1998,2007,0.07671259353123383,False,,936240.8848766543
1997_1999,1997,2006,1999,2008,0.050033056972431655,False,,428679.64970130543
1997_2000,1997,2006,2000,2009,0.05390488087174927,False,,343797.601560771
1997_2001,1997,2006,2001,2010,0.06428516652882221,False,,533306.2710633464
1997_2002,1997,2006,2002,2011,0.0705779235361137,False,,753661.2999540428
1997_2003,1997,2006,2003,2012,0.08387056034832896,False,,1233375.8938085092
1997_2004,1997,2006,2004,2013,0.08207906759300876,False,,1014667.2766475537
1997_2005,1997,2006,2005,2014,0.08284894884652605,False,,998942.8436372833
1997_2006,1997,2006,2006,2015,0.07938687887155216,False,,947311.8422914696
1997_2007,1997,2006,2007,2016,0.07773229523198366,False,,824012.9802438339
1997_2008,1997,2006,2008,2017,0.08262640587790515,False,,885777.9694521994
1997_2009,1997,2006,2009,2018,0.09733045190038148,False,,1824605.6062023696
1997_2010,1997,2006,2010,2019,0.09842935146423404,False,,1711810.886501697
1997_2011,1997,2006,2011,2020,0.09936807195243946,False,,1688063.413020086
1997_2012,1997,2006,2012,2021,0.10708977054285485,False,,2065970.8161451663
1997_2013,1997,2006,2013,2022,0.09114924260690338,False,,1514628.0838642104
1997_2014,1997,2006,2014,2023,0.09174080074322322,False,,1410649.6581975203
1997_2015,1997,2006,2015,2024,0.09624365981921601,False,,1514141.473821257
1998_1970,1998,2007,1970,1979,0.08208484771596947,False,,521360.9020604824
1998_1971,1998,2007,1971,1980,0.0924475430597258,False,,753835.135706683
1998_1972,1998,2007,1972,1981,0.08249512812203452,False,,567007.4140875558
1998_1973,1998,2007,1973,1982,0.0828189945633051,False,,416584.33863859624
1998_1974,1998,2007,1974,1983,0.09258119856756797,False,,707265.0554576555
1998_1975,1998,2007,1975,1984,0.10262068054992812,False,,1314407.9316728693
1998_1976,1998,2007,1976,1985,0.10301521377941936,False,,1152295.0894386845
1998_1977,1998,2007,1977,1986,0.1024283075287793,False,,1027647.6983225086
1998_1978,1998,2007,1978,1987,0.1069017165725834,False,,1380261.111984131
1998_1979,1998,2007,1979,1988,0.10873245833022627,False,,1525974.6324054317
1998_1980,1998,2007,1980,1989,0.10830319318720649,False,,1348866.6435665463
1998_1981,1998,2007,1981,1990,0.09560817899903329,False,,913478.734791076
1998_1982,1998,2007,1982,1991,0.11023249214535857,False,,1556926.5210083753
1998_1983,1998,2007,1983,1992,0.10325835230997638,False,,1286456.6817376118
1998_1984,1998,2007,1984,1993,0.10049161520726901,False,,1177528.8336727952
1998_1985,1998,2007,1985,1994,0.09814321352017985,False,,1249194.8418174998
1998_1986,1998,2007,1986,1995,0.09957246323711733,False,,1113333.3688788598
1998_1987,1998,2007,1987,1996,0.09861112501283142,False,,1008855.9065203731
1998_1988,1998,2007,1988,1997,0.10651204256764069,False,,1271997.67163353
1998_1989,1998,2007,1989,1998,0.11070997830446117,False,,1399151.924450404
1998_1990,1998,2007,1990,1999,0.1062740444288004,False,,1102117.7937063528
1998_1991,1998,2007,1991,2000,0.1039196346209681,False,,1307974.9252695898
1998_1992,1998,2007,1992,2001,0.0881503713140217,False,,847331.7179921101
1998_1993,1998,2007,1993,2002,0.0781290937469501,False,,741575.4547157192
1998_1994,1998,2007,1994,2003,0.0840669570670225,False,,826083.524010798
1998_1995,1998,2007,1995,2004,0.08875002215534811,False,,1043028.0122978728
1998_1996,1998,2007,1996,2005,0.07766981109651794,False,,676065.7128188851
1998_1997,1998,2007,1997,2006,0.07671259353123383,False,,589116.7868693296
1998_1998,1998,2007,1998,2007,0.06940365511965996,False,,353773.1437689604
1998_1999,1998,2007,1999,2008,0.04290522454097645,False,,76036.49579525072
1998_2000,1998,2007,2000,2009,0.04675076573254966,True,20,0.0
1998_2001,1998,2007,2001,2010,0.057060587953959185,False,,71525.11374877306
1998_2002,1998,2007,2002,2011,0.0633106284799152,False,,234094.13885331116
1998_2003,1998,2007,2003,2012,0.07651303223980843,False,,568371.6299946137
1998_2004,1998,2007,2004,2013,0.07473370049225592,False,,371304.4843196863
1998_2005,1998,2007,2005,2014,0.07549835563928942,False,,346363.0695052631
1998_2006,1998,2007,2006,2015,0.07205978688123782,False,,335217.0109180141
1998_2007,1998,2007,2007,2016,0.07041643488323368,False,,230412.88058770096
1998_2008,1998,2007,2008,2017,0.07527732333643145,False,,235875.27872840312
1998_2009,1998,2007,2009,2018,0.08988155538122711,False,,973419.2530738701
1998_2010,1998,2007,2010,2019,0.0909729953971179,False,,843413.2965424871
1998_2011,1998,2007,2011,2020,0.09190534366466263,False,,804702.003850381
1998_2012,1998,2007,2012,2021,0.0995746258351633,False,,1049879.4010750442
1998_2013,1998,2007,2013,2022,0.08374230536110261,False,,754373.3475607892
1998_2014,1998,2007,2014,2023,0.08432984788358877,False,,642109.0027551167
1998_2015,1998,2007,2015,2024,0.08880214066003256,False,,679657.6626367151
1999_1970,1999,2008,1970,1979,0.05527219369129388,True,15,0.0
1999_1971,1999,2008,1971,1980,0.06537811493309165,True,16,0.0
1999_1972,1999,2008,1972,1981,0.05567230788294042,True,15,0.0
1999_1973,1999,2008,1973,1982,0.05598814933535867,True,15,0.0
1999_1974,1999,2008,1974,1983,0.06550845863142274,True,15,0.0
1999_1975,1999,2008,1975,1984,0.07529917531820729,True,17,0.0
1999_1976,1999,2008,1976,1985,0.07568393252781824,True,16,0.0
1999_1977,1999,2008,1977,1986,0.07511156905011918,True,16,0.0
1999_1978,1999,2008,1978,1987,0.07947413284065541,True,17,0.0
1999_1979,1999,2008,1979,1988,0.08125951120053898,True,18,0.0
1999_1980,1999,2008,1980,1989,0.08084088268900791,True,17,0.0
1999_1981,1999,2008,1981,1990,0.06846043442788208,True,16,0.0
1999_1982,1999,2008,1982,1991,0.08272237613025957,True,18,0.0
1999_1983,1999,2008,1983,1992,0.07592104640207054,True,17,0.0
1999_1984,1999,2008,1984,1993,0.07322286544342971,True,17,0.0
1999_1985,1999,2008,1985,1994,0.0709326540933366,True,18,0.0
1999_1986,1999,2008,1986,1995,0.07232648886267912,True,17,0.0
1999_1987,1999,2008,1987,1996,0.07138897134825961,True,16,0.0
1999_1988,1999,2008,1988,1997,0.07909411445033387,True,17,0.0
1999_1989,1999,2008,1989,1998,0.08318803080386217,True,16,0.0
1999_1990,1999,2008,1990,1999,0.07886201359558243,True,15,0.0
1999_1991,1999,2008,1991,2000,0.07656594299815755,True,17,0.0
1999_1992,1999,2008,1992,2001,0.06118742150980849,True,16,0.0
1999_1993,1999,2008,1993,2002,0.05141445815659762,True,17,0.0
1999_1994,1999,2008,1994,2003,0.057205188952651254,True,17,0.0
1999_1995,1999,2008,1995,2004,0.06177221378382569,True,18,0.0
1999_1996,1999,2008,1996,2005,0.05096655593241528,True,17,0.0
1999_1997,1999,2008,1997,2006,0.050033056972431655,True,16,0.0
1999_1998,1999,2008,1998,2007,0.04290522454097645,True,15,0.0
1999_1999,1999,2008,1999,2008,0.017063390580203786,True,15,0.0
1999_2000,1999,2008,2000,2009,0.020813644266619802,True,14,0.0
1999_2001,1999,2008,2001,2010,0.030868002513219972,True,14,0.0
1999_2002,1999,2008,2002,2011,0.03696317517034253,True,15,0.0
1999_2003,1999,2008,2003,2012,0.0498384405500476,True,16,0.0
1999_2004,1999,2008,2004,2013,0.04810319832712229,True,15,0.0
1999_2005,1999,2008,2005,2014,0.048848906314929996,True,15,0.0
1999_2006,1999,2008,2006,2015,0.04549554081487095,True,15,0.0
1999_2007,1999,2008,2007,2016,0.04389290894029907,True,14,0.0
1999_2008,1999,2008,2008,2017,0.0486333509048289,True,14,0.0
1999_2009,1999,2008,2009,2018,0.06287570908923401,True,17,0.0
1999_2010,1999,2008,2010,2019,0.0639401046422099,True,16,0.0
1999_2011,1999,2008,2011,2020,0.06484935053328122,True,16,0.0
1999_2012,1999,2008,2012,2021,0.07232859787436019,True,16,0.0
1999_2013,1999,2008,2013,2022,0.05688858169341948,True,16,0.0
1999_2014,1999,2008,2014,2023,0.057461565676976356,True,15,0.0
1999_2015,1999,2008,2015,2024,0.06182304085980439,True,15,0.0
2000_1970,2000,2009,1970,1979,0.059163336044087966,True,14,0.0
2000_1971,2000,2009,1971,1980,0.0693065212054631,True,14,0.0
2000_1972,2000,2009,1972,1981,0.059564925590895434,True,14,0.0
2000_1973,2000,2009,1973,1982,0.059881931656633025,True,13,0.0
2000_1974,2000,2009,1974,1983,0.06943734552470704,True,14,0.0
2000_1975,2000,2009,1975,1984,0.07926416386620394,True,15,0.0
2000_1976,2000,2009,1976,1985,0.07965033980463465,True,14,0.0
2000_1977,2000,2009,1977,1986,0.07907586583091142,True,14,0.0
2000_1978,2000,2009,1978,1987,0.08345451585667063,True,15,0.0
2000_1979,2000,2009,1979,1988,0.08524647750510628,True,15,0.0
2000_1980,2000,2009,1980,1989,0.0848263053699101,True,14,0.0
2000_1981,2000,2009,1981,1990,0.07240020624556287,True,14,0.0
2000_1982,2000,2009,1982,1991,0.0867147365082408,True,15,0.0
2000_1983,2000,2009,1983,1992,0.07988832799723244,True,15,0.0
2000_1984,2000,2009,1984,1993,0.07718019794084574,True,14,0.0
2000_1985,2000,2009,1985,1994,0.07488154181372297,True,15,0.0
2000_1986,2000,2009,1986,1995,0.07628051611913622,True,14,0.0
2000_1987,2000,2009,1987,1996,0.07533954166334311,True,14,0.0
2000_1988,2000,2009,1988,1997,0.08307309621114478,True,14,0.0
2000_1989,2000,2009,1989,1998,0.08718210820673322,True,14,0.0
2000_1990,2000,2009,1990,1999,0.08284013952273117,True,14,0.0
2000_1991,2000,2009,1991,2000,0.08053560254326775,True,14,0.0
2000_1992,2000,2009,1992,2001,0.06510037529061985,True,14,0.0
2000_1993,2000,2009,1993,2002,0.055291375745189164,True,14,0.0
2000_1994,2000,2009,1994,2003,0.061103458907000974,True,14,0.0
2000_1995,2000,2009,1995,2004,0.0656873238897997,True,16,0.0
2000_1996,2000,2009,1996,2005,0.05484182195534926,True,15,0.0
2000_1997,2000,2009,1997,2006,0.05390488087174927,True,15,0.0
2000_1998,2000,2009,1998,2007,0.04675076573254966,True,14,0.0
2000_1999,2000,2009,1999,2008,0.020813644266619802,True,14,0.0
2000_2000,2000,2009,2000,2009,0.024577726395631272,True,13,0.0
2000_2001,2000,2009,2001,2010,0.03466915843175933,True,13,0.0
2000_2002,2000,2009,2002,2011,0.04078680603384455,True,14,0.0
2000_2003,2000,2009,2003,2012,0.053709546833371924,True,15,0.0
2000_2004,2000,2009,2004,2013,0.05196790619063951,True,14,0.0
2000_2005,2000,2009,2005,2014,0.05271636385379308,True,14,0.0
2000_2006,2000,2009,2006,2015,0.04935063337093637,True,14,0.0
2000_2007,2000,2009,2007,2016,0.047742092055368834,True,13,0.0
2000_2008,2000,2009,2008,2017,0.0525000136186311,True,13,0.0
2000_2009,2000,2009,2009,2018,0.06679488815234036,True,15,0.0
2000_2010,2000,2009,2010,2019,0.06786320848855332,True,14,0.0
2000_2011,2000,2009,2011,2020,0.06877580707404518,True,14,0.0
2000_2012,2000,2009,2012,2021,0.07628263290745041,True,14,0.0
2000_2013,2000,2009,2013,2022,0.06078568421066333,True,14,0.0
2000_2014,2000,2009,2014,2023,0.0613607809782577,True,14,0.0
2000_2015,2000,2009,2015,2024,0.06573833838224719,True,14,0.0
2001_1970,2001,2010,1970,1979,0.06959541410462577,True,17,0.0
2001_1971,2001,2010,1971,1980,0.079838503120095,True,17,0.0
2001_1972,2001,2010,1972,1981,0.0700009590503392,True,17,0.0
2001_1973,2001,2010,1973,1982,0.07032108742206211,True,16,0.0
2001_1974,2001,2010,1974,1983,0.07997061597479349,True,17,0.0
2001_1975,2001,2010,1975,1984,0.08989422216056009,True,20,0.0
2001_1976,2001,2010,1976,1985,0.0902842016837615,True,18,0.0
2001_1977,2001,2010,1977,1986,0.08970406951065235,True,18,0.0
2001_1978,2001,2010,1978,1987,0.09412584642469612,True,20,0.0
2001_1979,2001,2010,1979,1988,0.09593545774354761,False,,32082.961658205983
2001_1980,2001,2010,1980,1989,0.09551114718289422,True,19,0.0
2001_1981,2001,2010,1981,1990,0.08296265896930888,True,18,0.0
2001_1982,2001,2010,1982,1991,0.0974181781541088,False,,22088.545316860895
2001_1983,2001,2010,1983,1992,0.09052453390708459,True,20,0.0
2001_1984,2001,2010,1984,1993,0.08778973051034988,True,19,0.0
2001_1985,2001,2010,1985,1994,0.08546843409788463,False,,16193.609727456686
2001_1986,2001,2010,1986,1995,0.08688118740098605,True,19,0.0
2001_1987,2001,2010,1987,1996,0.08593094495163434,True,18,0.0
2001_1988,2001,2010,1988,1997,0.0937406700408272,True,19,0.0
2001_1989,2001,2010,1989,1998,0.09789015316341843,True,19,0.0
2001_1990,2001,2010,1990,1999,0.09350541887877051,True,17,0.0
2001_1991,2001,2010,1991,2000,0.091178183691349,True,20,0.0
2001_1992,2001,2010,1992,2001,0.07559092937157907,True,18,0.0
2001_1993,2001,2010,1993,2002,0.06568531748556672,True,19,0.0
2001_1994,2001,2010,1994,2003,0.07155464593068372,True,19,0.0
2001_1995,2001,2010,1995,2004,0.0761836590371876,False,,4669.308254196527
2001_1996,2001,2010,1996,2005,0.06523133587985708,True,19,0.0
2001_1997,2001,2010,1997,2006,0.06428516652882221,True,18,0.0
2001_1998,2001,2010,1998,2007,0.057060587953959185,True,17,0.0
2001_1999,2001,2010,1999,2008,0.030868002513219972,True,16,0.0
2001_2000,2001,2010,2000,2009,0.03466915843175933,True,15,0.0
2001_2001,2001,2010,2001,2010,0.04485998458696305,True,15,0.0
2001_2002,2001,2010,2002,2011,0.05103788708568224,True,16,0.0
2001_2003,2001,2010,2003,2012,0.06408790857572177,True,18,0.0
2001_2004,2001,2010,2004,2013,0.06232911389213469,True,16,0.0
2001_2005,2001,2010,2005,2014,0.0630849433821834,True,16,0.0
2001_2006,2001,2010,2006,2015,0.059686062617464675,True,16,0.0
2001_2007,2001,2010,2007,2016,0.05806167820386254,True,15,0.0
2001_2008,2001,2010,2008,2017,0.06286646223626868,True,15,0.0
2001_2009,2001,2010,2009,2018,0.07730213209580383,True,19,0.0
2001_2010,2001,2010,2010,2019,0.0783809747006432,True,18,0.0
2001_2011,2001,2010,2011,2020,0.07930256179561024,True,18,0.0
2001_2012,2001,2010,2012,2021,0.08688332503830454,True,18,0.0
2001_2013,2001,2010,2013,2022,0.07123374135784344,True,18,0.0
2001_2014,2001,2010,2014,2023,0.07181450245894316,True,17,0.0
2001_2015,2001,2010,2015,2024,0.07623517598959495,True,17,0.0
2002_1970,2002,2011,1970,1979,0.07591956880371464,False,,110639.64682162003
2002_1971,2002,2011,1971,1980,0.08622322172837427,False,,256862.23282658964
2002_1972,2002,2011,1972,1981,0.07632751159906359,False,,153160.3551355573
2002_1973,2002,2011,1973,1982,0.07664953278120779,False,,253.89095418130455
2002_1974,2002,2011,1974,1983,0.086356115721548,False,,209074.69504377825
2002_1975,2002,2011,1975,1984,0.09633839682295453,False,,716211.8835102728
2002_1976,2002,2011,1976,1985,0.09673068216273073,False,,549803.5986993642
2002_1977,2002,2011,1977,1986,0.09614711986495927,False,,431535.52629298787
2002_1978,2002,2011,1978,1987,0.10059504124529428,False,,733860.0173179583
2002_1979,2002,2011,1979,1988,0.10241535218175324,False,,857852.1293428028
2002_1980,2002,2011,1980,1989,0.10198853281675158,False,,685898.6620190367
2002_1981,2002,2011,1981,1990,0.08936584965089156,False,,386945.0277254522
2002_1982,2002,2011,1982,1991,0.10390683941491696,False,,870491.3462264783
2002_1983,2002,2011,1983,1992,0.09697243538892986,False,,681303.4677271319
2002_1984,2002,2011,1984,1993,0.0942214620278099,False,,602015.190651855
2002_1985,2002,2011,1985,1994,0.09188644057742734,False,,697751.9992108119
2002_1986,2002,2011,1986,1995,0.09330754701136912,False,,547357.4302578052
2002_1987,2002,2011,1987,1996,0.09235168610089484,False,,452694.67058835784
2002_1988,2002,2011,1988,1997,0.10020758744418345,False,,630132.572784993
2002_1989,2002,2011,1989,1998,0.10438160505228433,False,,706788.1551775831
2002_1990,2002,2011,1990,1999,0.09997094532184181,False,,463008.2176014463
2002_1991,2002,2011,1991,2000,0.09762994998254193,False,,695525.7950774658
2002_1992,2002,2011,1992,2001,0.08195053351776616,False,,388028.8512275233
2002_1993,2002,2011,1993,2002,0.07198635311030155,False,,359863.13190716493
2002_1994,2002,2011,1994,2003,0.07789038490266287,False,,400050.7536234631
2002_1995,2002,2011,1995,2004,0.08254676779273495,False,,578636.363286588
2002_1996,2002,2011,1996,2005,0.07152968726542341,False,,297592.44855931913
2002_1997,2002,2011,1997,2006,0.0705779235361137,False,,217310.5089276686
2002_1998,2002,2011,1998,2007,0.0633106284799152,False,,29318.38585117503
2002_1999,2002,2011,1999,2008,0.03696317517034253,True,19,0.0
2002_2000,2002,2011,2000,2009,0.040786806033844325,True,18,0.0
2002_2001,2002,2011,2001,2010,0.05103788708568224,True,18,0.0
2002_2002,2002,2011,2002,2011,0.05725231742530501,True,20,0.0
2002_2003,2002,2011,2003,2012,0.07037949926367926,False,,197941.1628588571
2002_2004,2002,2011,2004,2013,0.06861030542400348,False,,12929.068299086706
2002_2005,2002,2011,2005,2014,0.06937060387732386,True,20,0.0
2002_2006,2002,2011,2006,2015,0.0659516266841087,True,20,0.0
2002_2007,2002,2011,2007,2016,0.06431763783672984,True,19,0.0
2002_2008,2002,2011,2008,2017,0.06915083092653851,True,19,0.0
2002_2009,2002,2011,2009,2018,0.08367185400297505,False,,499278.8970396839
2002_2010,2002,2011,2010,2019,0.08475707543801403,False,,359685.6839355107
2002_2011,2002,2011,2011,2020,0.085684111564718,False,,312639.024326373
2002_2012,2002,2011,2012,2021,0.0933096972878118,False,,483881.1992313437
2002_2013,2002,2011,2013,2022,0.07756758292998756,False,,330885.0596874029
2002_2014,2002,2011,2014,2023,0.07815177787438743,False,,214005.17019379252
2002_2015,2002,2011,2015,2024,0.08259858934739883,False,,214821.20245903198
2003_1970,2003,2012,1970,1979,0.08927852918655566,False,,1202833.6661868324
2003_1971,2003,2012,1971,1980,0.09971011555086084,False,,1578417.485662328
2003_1972,2003,2012,1972,1981,0.0896915371297089,False,,1253666.5426139375
2003_1973,2003,2012,1973,1982,0.09001755662951494,False,,1107363.9302827076
2003_1974,2003,2012,1974,1983,0.09984465959822209,False,,1533867.4229803756
2003_1975,2003,2012,1975,1984,0.10995088388425933,False,,2306940.7242446668
2003_1976,2003,2012,1976,1985,0.11034803996387987,False,,2151954.922767612
2003_1977,2003,2012,1977,1986,0.10975723197057219,False,,2016722.9030281082
2003_1978,2003,2012,1978,1987,0.11426038016081819,False,,2452776.193922783
2003_1979,2003,2012,1979,1988,0.11610329265820218,False,,2634530.0897369757
2003_1980,2003,2012,1980,1989,0.11567117376788905,False,,2448869.667879708
2003_1981,2003,2012,1981,1990,0.10289176334357308,False,,1787108.663076689
2003_1982,2003,2012,1982,1991,0.11761329867235748,False,,2695866.5441637924
2003_1983,2003,2012,1983,1992,0.11059279487520923,False,,2290532.872612682
2003_1984,2003,2012,1984,1993,0.10780766455179314,False,,2132426.755558563
2003_1985,2003,2012,1985,1994,0.10544365073064843,False,,2164154.2538652658
2003_1986,2003,2012,1986,1995,0.10688240207514066,False,,2052406.2374032452
2003_1987,2003,2012,1987,1996,0.10591467289086154,False,,1931644.1233855984
2003_1988,2003,2012,1988,1997,0.11386811560978782,False,,2336986.5845013545
2003_1989,2003,2012,1989,1998,0.11809395915123955,False,,2547928.7301525767
2003_1990,2003,2012,1990,1999,0.11362853526341055,False,,2162534.71601668
2003_1991,2003,2012,1991,2000,0.11125847337963934,False,,2324156.5723481593
2003_1992,2003,2012,1992,2001,0.09538437628124363,False,,1609411.571890069
2003_1993,2003,2012,1993,2002,0.08529647743313484,False,,1374916.311580195
2003_1994,2003,2012,1994,2003,0.09127381556650915,False,,1532961.3053309203
2003_1995,2003,2012,1995,2004,0.09598801359105735,False,,1813551.223970626
2003_1996,2003,2012,1996,2005,0.08483414147953594,False,,1304032.2917408606
2003_1997,2003,2012,1997,2006,0.08387056034832896,False,,1206021.4362307999
2003_1998,2003,2012,1998,2007,0.07651303223980843,False,,892111.6833305169
2003_1999,2003,2012,1999,2008,0.0498384405500476,False,,401962.5292252576
2003_2000,2003,2012,2000,2009,0.053709546833371924,False,,315039.6113201837
2003_2001,2003,2012,2001,2010,0.06408790857572177,False,,498320.5846069773
2003_2002,2003,2012,2002,2011,0.07037949926367926,False,,714297.6024463217
2003_2003,2003,2012,2003,2012,0.08366967237686795,False,,1182993.5204755655
2003_2004,2003,2012,2004,2013,0.08187851166243765,False,,965924.5149009031
2003_2005,2003,2012,2005,2014,0.08264825022374711,False,,949501.7804758463
2003_2006,2003,2012,2006,2015,0.07918682191968829,False,,900938.0188627933
2003_2007,2003,2012,2007,2016,0.0775325449458446,False,,779040.3635874742
2003_2008,2003,2012,2008,2017,0.0824257485019384,False,,836539.7287733486
2003_2009,2003,2012,2009,2018,0.09712706923037517,False,,1760117.6157445693
2003_2010,2003,2012,2010,2019,0.09822576512073389,False,,1646018.9300293736
2003_2011,2003,2012,2011,2020,0.09916431162353767,False,,1621137.7604694464
2003_2012,2003,2012,2012,2021,0.10688457905010118,False,,1988989.2089583771
2003_2013,2003,2012,2013,2022,0.09094700558162794,False,,1457029.2983573312
2003_2014,2003,2012,2014,2023,0.09153845407670591,False,,1352423.1108939361
2003_2015,2003,2012,2015,2024,0.09604047857866527,False,,1450918.9093909594
2004_1970,2004,2013,1970,1979,0.08747809778362448,False,,675484.0284174635
2004_1971,2004,2013,1971,1980,0.09789244213390913,False,,940324.1876600304
2004_1972,2004,2013,1972,1981,0.08789042308000705,False,,722303.498100129
2004_1973,2004,2013,1973,1982,0.08821590371327925,False,,572812.3141238352
2004_1974,2004,2013,1974,1983,0.09802676379799413,False,,894210.9582774247
2004_1975,2004,2013,1975,1984,0.10811628384991501,False,,1538880.9628131548
2004_1976,2004,2013,1976,1985,0.10851278348377025,False,,1378379.9851478657
2004_1977,2004,2013,1977,1986,0.10792295201688429,False,,1251338.755069033
2004_1978,2004,2013,1978,1987,0.11241865710676913,False,,1622823.0839292803
2004_1979,2004,2013,1979,1988,0.1142585235168172,False,,1776687.5615465788
2004_1980,2004,2013,1980,1989,0.11382711886110908,False,,1597645.3388187683
2004_1981,2004,2013,1981,1990,0.10106883108928488,False,,1111060.4767393717
2004_1982,2004,2013,1982,1991,0.11576603369343075,False,,1814511.279112162
2004_1983,2004,2013,1983,1992,0.10875713384803776,False,,1513540.3889444089
2004_1984,2004,2013,1984,1993,0.10597660697173028,False,,1393490.2936461717
2004_1985,2004,2013,1985,1994,0.10361650054856208,False,,1456123.7353813248
2004_1986,2004,2013,1986,1995,0.10505287382993056,False,,1325715.8058490953
2004_1987,2004,2013,1987,1996,0.10408674417227948,False,,1217555.3768961004
2004_1988,2004,2013,1988,1997,0.11202704091646298,False,,1512857.5114205806
2004_1989,2004,2013,1989,1998,0.11624589970496846,False,,1658961.3872807901
2004_1990,2004,2013,1990,1999,0.11178785656428514,False,,1341943.623749376
2004_1991,2004,2013,1991,2000,0.10942171207512708,False,,1537796.4245852954
2004_1992,2004,2013,1992,2001,0.09357385273148688,False,,1019685.0911558949
2004_1993,2004,2013,1993,2002,0.083502627828002,False,,884812.9809207501
2004_1994,2004,2013,1994,2003,0.0894700862226383,False,,985952.295507504
2004_1995,2004,2013,1995,2004,0.09417649230973835,False,,1217290.9506940562
2004_1996,2004,2013,1996,2005,0.08304105605376333,False,,818087.7824979725
2004_1997,2004,2013,1997,2006,0.08207906759300876,False,,728637.0703330992
2004_1998,2004,2013,1998,2007,0.07473370049225592,False,,475524.77218810446
2004_1999,2004,2013,1999,2008,0.04810319832712229,False,,149748.5234472451
2004_2000,2004,2013,2000,2009,0.05196790619063951,False,,43559.45973700499
2004_2001,2004,2013,2001,2010,0.06232911389213469,False,,168049.95780177801
2004_2002,2004,2013,2002,2011,0.06861030542400348,False,,342697.83219575475
2004_2003,2004,2013,2003,2012,0.08187851166243765,False,,707375.6405361108
2004_2004,2004,2013,2004,2013,0.08009031149658297,False,,505784.83765434904
2004_2005,2004,2013,2005,2014,0.0808587777832257,False,,482770.023172557
2004_2006,2004,2013,2006,2015,0.07740307075618702,False,,463161.50845351117
2004_2007,2004,2013,2007,2016,0.07575152808044328,False,,354491.4752673985
2004_2008,2004,2013,2008,2017,0.08063664382693925,False,,371722.6490207532
2004_2009,2004,2013,2009,2018,0.09531366524276219,False,,1151340.3931948072
2004_2010,2004,2013,2010,2019,0.09641054513608216,False,,1024932.0541164716
2004_2011,2004,2013,2011,2020,0.09734754034731874,False,,989348.6073592891
2004_2012,2004,2013,2012,2021,0.10505504720664316,False,,1262270.1923182397
2004_2013,2004,2013,2013,2022,0.08914381641085667,False,,913287.3021469787
2004_2014,2004,2013,2014,2023,0.08973428732084954,False,,802754.9402082063
2004_2015,2004,2013,2015,2024,0.09422887057975404,False,,854087.5163963697
2005_1970,2005,2014,1970,1979,0.08825182035729617,False,,630477.5302928775
2005_1971,2005,2014,1971,1980,0.09867357434031754,False,,885866.3047622123
2005_1972,2005,2014,1972,1981,0.08866443901626697,False,,676954.4769695902
2005_1973,2005,2014,1973,1982,0.08899015122359466,False,,527191.1652937861
2005_1974,2005,2014,1974,1983,0.09880799157203168,False,,839619.6673820602
2005_1975,2005,2014,1975,1984,0.10890469014960535,False,,1473331.1307156966
2005_1976,2005,2014,1976,1985,0.1093014718863532,False,,1312359.4619775508
2005_1977,2005,2014,1977,1986,0.10871122076419182,False,,1186017.2724082768
2005_1978,2005,2014,1978,1987,0.11321012447345113,False,,1551990.9823914524
2005_1979,2005,2014,1979,1988,0.11505129991783902,False,,1703475.2459005471
2005_1980,2005,2014,1980,1989,0.11461958832489594,False,,1524997.8514107317
2005_1981,2005,2014,1981,1990,0.10185222324358789,False,,1053363.3451755361
2005_1982,2005,2014,1982,1991,0.11655988266286199,False,,1739292.2759259157
2005_1983,2005,2014,1983,1992,0.10954599610183968,False,,1447228.196322164
2005_1984,2005,2014,1984,1993,0.10676349092692061,False,,1330425.980891693
2005_1985,2005,2014,1985,1994,0.10440170532729831,False,,1395697.0811845253
2005_1986,2005,2014,1986,1995,0.10583910056435908,False,,1263696.6269164262
2005_1987,2005,2014,1987,1996,0.10487228352153055,False,,1156611.6850304718
2005_1988,2005,2014,1988,1997,0.11281822965474086,False,,1442522.4605823595
2005_1989,2005,2014,1989,1998,0.1170400900910833,False,,1583092.73357504
2005_1990,2005,2014,1990,1999,0.11257887512687592,False,,1271910.5208323093
2005_1991,2005,2014,1991,2000,0.11021104716528063,False,,1470684.751454657
2005_1992,2005,2014,1992,2001,0.0943519123333858,False,,969355.0599048085
2005_1993,2005,2014,1993,2002,0.08427352192094184,False,,842985.2578080914
2005_1994,2005,2014,1994,2003,0.0902452260629425,False,,939267.9741170789
2005_1995,2005,2014,1995,2004,0.09495498067967079,False,,1166403.2948600657
2005_1996,2005,2014,1996,2005,0.08381162174606538,False,,776614.9927632464
2005_1997,2005,2014,1997,2006,0.08284894884652605,False,,687894.8434883776
2005_1998,2005,2014,1998,2007,0.07549835563928942,False,,439971.28605248325
2005_1999,2005,2014,1999,2008,0.048848906314929996,False,,128223.39407376715
2005_2000,2005,2014,2000,2009,0.05271636385379308,False,,20390.066875045493
2005_2001,2005,2014,2001,2010,0.0630849433821834,False,,139863.1093025765
2005_2002,2005,2014,2002,2011,0.06937060387732386,False,,310983.7602308607
2005_2003,2005,2014,2003,2012,0.08264825022374711,False,,666784.1739105546
2005_2004,2005,2014,2004,2013,0.08085877778322548,False,,466514.35363800975
2005_2005,2005,2014,2005,2014,0.08162779082084581,False,,442936.94004272285
2005_2006,2005,2014,2006,2015,0.07816962511575176,False,,425799.60226530605
2005_2007,2005,2014,2007,2016,0.07651690739487171,False,,318258.47655558574
2005_2008,2005,2014,2008,2017,0.0814054988199453,False,,332052.9734775041
2005_2009,2005,2014,2009,2018,0.09609296269231682,False,,1099384.482044719
2005_2010,2005,2014,2010,2019,0.09719062299743153,False,,971925.5792581275
2005_2011,2005,2014,2011,2020,0.09812828486517167,False,,935428.7498339071
2005_2012,2005,2014,2012,2021,0.10584127548739297,False,,1200248.573799902
2005_2013,2005,2014,2013,2022,0.0899187241156183,False,,866881.8030625132
2005_2014,2005,2014,2014,2023,0.09050961513583955,False,,755843.6735242018
2005_2015,2005,2014,2015,2024,0.09500739621595433,False,,803151.1185197632
2006_1970,2006,2015,1970,1979,0.08477247639479524,False,,529272.9006446963
2006_1971,2006,2015,1971,1980,0.09516091008730898,False,,763408.657538888
2006_1972,2006,2015,1972,1981,0.08518377583498493,False,,574979.6271219287
2006_1973,2006,2015,1973,1982,0.08550844667966029,False,,424604.3908531533
2006_1974,2006,2015,1974,1983,0.09529489756207288,False,,716862.0299896195
2006_1975,2006,2015,1975,1984,0.10535931511187346,False,,1325931.3827379772
2006_1976,2006,2015,1976,1985,0.1057548282634333,False,,1163901.286490644
2006_1977,2006,2015,1977,1986,0.10516646428415544,False,,1039131.0062861714
2006_1978,2006,2015,1978,1987,0.10965098415948393,False,,1392713.16914114
2006_1979,2006,2015,1979,1988,0.11148627302270886,False,,1538845.1235983896
2006_1980,2006,2015,1980,1989,0.11105594169221633,False,,1361637.8397597705
2006_1981,2006,2015,1981,1990,0.098329396257411,False,,923621.7061900636
2006_1982,2006,2015,1982,1991,0.11299003254743711,False,,1570149.7814599695
2006_1983,2006,2015,1983,1992,0.10599857068941398,False,,1298114.153347398
2006_1984,2006,2015,1984,1993,0.1032249617023071,False,,1188615.3383781067
2006_1985,2006,2015,1985,1994,0.1008707271715763,False,,1259817.654575124
2006_1986,2006,2015,1986,1995,0.10230352678807719,False,,1124236.1423972752
2006_1987,2006,2015,1987,1996,0.10133980083958716,False,,1019569.6128483535
2006_1988,2006,2015,1988,1997,0.10926034230157367,False,,1284362.3488655188
2006_1989,2006,2015,1989,1998,0.11346870466298098,False,,1412489.3913878328
2006_1990,2006,2015,1990,1999,0.1090217530347597,False,,1114429.3894584612
2006_1991,2006,2015,1991,2000,0.10666149546061332,False,,1319772.9429985848
2006_1992,2006,2015,1992,2001,0.09085306523954095,False,,856179.5766924178
2006_1993,2006,2015,1993,2002,0.08080689732025292,False,,748928.6348083393
2006_1994,2006,2015,1994,2003,0.08675950881075156,False,,834290.4785648612
2006_1995,2006,2015,1995,2004,0.09145420546388716,False,,1051973.8996183653
2006_1996,2006,2015,1996,2005,0.08034647392635152,False,,683356.4967576
2006_1997,2006,2015,1997,2006,0.07938687887155216,False,,596279.1401859736
2006_1998,2006,2015,1998,2007,0.07205978688123782,False,,360023.3330458555
2006_1999,2006,2015,1999,2008,0.04549554081487095,False,,79820.54477094609
2006_2000,2006,2015,2000,2009,0.04935063337093637,True,20,0.0
2006_2001,2006,2015,2001,2010,0.059686062617464675,False,,76480.27166400984
2006_2002,2006,2015,2002,2011,0.06595162668410848,False,,239669.37138509555
2006_2003,2006,2015,2003,2012,0.07918682191968829,False,,575507.4801463748
2006_2004,2006,2015,2004,2013,0.07740307075618702,False,,378208.1099490026
2006_2005,2006,2015,2005,2014,0.07816962511575176,False,,353365.5982613483
2006_2006,2006,2015,2006,2015,0.07472251581115441,False,,341785.1146626405
2006_2007,2006,2015,2007,2016,0.07307508213695968,False,,236782.52600459408
2006_2008,2006,2015,2008,2017,0.07794804382382203,False,,242849.08095281865
2006_2009,2006,2015,2009,2018,0.09258854913587444,False,,982552.9362660857
2006_2010,2006,2015,2010,2019,0.09368270001634671,False,,852731.6654782892
2006_2011,2006,2015,2011,2020,0.09461736400427889,False,,814180.9425409868
2006_2012,2006,2015,2012,2021,0.10230569475747675,False,,1060782.6034648265
2006_2013,2006,2015,2013,2022,0.08643405075102573,False,,762531.2860442421
2006_2014,2006,2015,2014,2023,0.08702305258249021,False,,650355.8535667497
2006_2015,2006,2015,2015,2024,0.09150645341792885,False,,688612.1186525787
2007_1970,2007,2016,1970,1979,0.08310963721522913,False,,236118.4407969111
2007_1971,2007,2016,1971,1980,0.09348214655961096,False,,408691.62976278504
2007_1972,2007,2016,1972,1981,0.08352030617774875,False,,279594.10840532125
2007_1973,2007,2016,1973,1982,0.08384447933704497,False,,127446.34034483196
2007_1974,2007,2016,1974,1983,0.09361592864603074,False,,361276.0354844958
2007_1975,2007,2016,1975,1984,0.10366491852949045,False,,898965.8017134463
2007_1976,2007,2016,1976,1985,0.1040598254020575,False,,733869.810696059
2007_1977,2007,2016,1977,1986,0.1034723633212864,False,,613652.8028307083
2007_1978,2007,2016,1978,1987,0.10795000891144246,False,,931340.9822021559
2007_1979,2007,2016,1979,1988,0.10978248447483341,False,,1061969.1669752852
2007_1980,2007,2016,1980,1989,0.10935281279584586,False,,888440.950025132
2007_1981,2007,2016,1981,1990,0.09664577578223477,False,,547805.4986828426
2007_1982,2007,2016,1982,1991,0.1112839388984379,False,,1080203.0589153152
2007_1983,2007,2016,1983,1992,0.10430319419719436,False,,866182.858544501
2007_1984,2007,2016,1984,1993,0.10153383685344419,False,,777839.4435276795
2007_1985,2007,2016,1985,1994,0.09918321111027106,False,,866222.4203394974
2007_1986,2007,2016,1986,1995,0.1006138143995321,False,,720267.8343125003
2007_1987,2007,2016,1987,1996,0.09965156573895317,False,,622606.600517504
2007_1988,2007,2016,1988,1997,0.10755996586535721,False,,826227.752839665
2007_1989,2007,2016,1989,1998,0.1117618772612683,False,,918311.10328996
2007_1990,2007,2016,1990,1999,0.1073217423301498,False,,658261.562308588
2007_1991,2007,2016,1991,2000,0.10496510277623705,False,,882634.1495818626
2007_1992,2007,2016,1992,2001,0.08918090517325816,False,,528349.7356616557
2007_1993,2007,2016,1993,2002,0.07915013694559603,False,,476479.45331879763
2007_1994,2007,2016,1994,2003,0.08509362372485563,False,,530207.3441097904
2007_1995,2007,2016,1995,2004,0.08978112391449233,False,,720511.913448325
2007_1996,2007,2016,1996,2005,0.07869041933108645,False,,413219.21037266403
2007_1997,2007,2016,1997,2006,0.07773229523198366,False,,330900.4504110456
2007_1998,2007,2016,1998,2007,0.07041643488323368,False,,128442.04016361586
2007_1999,2007,2016,1999,2008,0.04389290894029907,True,20,0.0
2007_2000,2007,2016,2000,2009,0.047742092055368834,True,19,0.0
2007_2001,2007,2016,2001,2010,0.05806167820386232,True,19,0.0
2007_2002,2007,2016,2002,2011,0.06431763783672984,False,,33096.49804786476
2007_2003,2007,2016,2003,2012,0.0775325449458446,False,,311110.7825827417
2007_2004,2007,2016,2004,2013,0.07575152808044328,False,,122415.7686319096
2007_2005,2007,2016,2005,2014,0.07651690739487171,False,,93908.70968775201
2007_2006,2007,2016,2006,2015,0.07307508213695968,False,,98424.49155511468
2007_2007,2007,2016,2007,2016,0.07143017380085981,False,,775.1579880067584
2007_2008,2007,2016,2008,2017,0.07629566576315816,True,20,0.0
2007_2009,2007,2016,2009,2018,0.09091372876000503,False,,644132.75909653
2007_2010,2007,2016,2010,2019,0.09200620242521595,False,,507468.53341860033
2007_2011,2007,2016,2011,2020,0.09293943367408741,False,,462968.39842865267
2007_2012,2007,2016,2012,2021,0.10061597904566844,False,,656798.4048875928
2007_2013,2007,2016,2013,2022,0.08476866455722454,False,,460264.2893893318
2007_2014,2007,2016,2014,2023,0.08535676351242372,False,,344794.48757342086
2007_2015,2007,2016,2015,2024,0.0898332917780571,False,,356832.6461689952
2008_1970,2008,2017,1970,1979,0.08802816701121552,False,,352005.5282761543
2008_1971,2008,2017,1971,1980,0.0984477791552738,False,,548915.0575407913
2008_1972,2008,2017,1972,1981,0.08844070087038003,False,,396363.15727255377
2008_1973,2008,2017,1973,1982,0.08876634613858214,False,,244916.0899515746
2008_1974,2008,2017,1974,1983,0.0985821687620736,False,,501842.9750869343
2008_1975,2008,2017,1975,1984,0.10867679230482596,False,,1067749.8538629757
2008_1976,2008,2017,1976,1985,0.1090734924965111,False,,903865.8437774288
2008_1977,2008,2017,1977,1986,0.10848336268049974,False,,781848.8787490362
2008_1978,2008,2017,1978,1987,0.11298134179229957,False,,1113726.3329692895
2008_1979,2008,2017,1979,1988,0.11482213884536208,False,,1250483.3234053946
2008_1980,2008,2017,1980,1989,0.11439051597613181,False,,1075500.7320392178
2008_1981,2008,2017,1981,1990,0.10162577479479595,False,,696369.6574478856
2008_1982,2008,2017,1982,1991,0.11633041155223722,False,,1273884.2286480973
2008_1983,2008,2017,1983,1992,0.10931796645831726,False,,1036929.9103609273
2008_1984,2008,2017,1984,1993,0.10653603313320481,False,,940223.5399034031
2008_1985,2008,2017,1985,1994,0.10417473291871326,False,,1021814.8181660933
2008_1986,2008,2017,1986,1995,0.10561183274781016,False,,879960.8189669721
2008_1987,2008,2017,1987,1996,0.1046452144015173,False,,779530.3169770632
2008_1988,2008,2017,1988,1997,0.11258952751431162,False,,1007333.2493566979
2008_1989,2008,2017,1989,1998,0.11681052029006689,False,,1113665.0560590117
2008_1990,2008,2017,1990,1999,0.11235022217767243,False,,838589.574093168
2008_1991,2008,2017,1991,2000,0.109982880843011,False,,1055439.781191759
2008_1992,2008,2017,1992,2001,0.09412700531976581,False,,657944.3714913974
2008_1993,2008,2017,1993,2002,0.08405068617951894,False,,584181.523228703
2008_1994,2008,2017,1994,2003,0.09002116303975605,False,,650414.6533277867
2008_1995,2008,2017,1995,2004,0.0947299497257541,False,,851542.3750257331
2008_1996,2008,2017,1996,2005,0.08358888093259709,False,,520007.36346762686
2008_1997,2008,2017,1997,2006,0.08262640587790515,False,,435807.47946679476
2008_1998,2008,2017,1998,2007,0.07527732333643145,False,,219988.59743153266
2008_1999,2008,2017,1999,2008,0.0486333509048289,True,20,0.0
2008_2000,2008,2017,2000,2009,0.0525000136186311,True,19,0.0
2008_2001,2008,2017,2001,2010,0.06286646223626868,True,20,0.0
2008_2002,2008,2017,2002,2011,0.06915083092653851,False,,114756.96009814463
2008_2003,2008,2017,2003,2012,0.0824257485019384,False,,415629.61963433947
2008_2004,2008,2017,2004,2013,0.08063664382693925,False,,223533.21180547078
2008_2005,2008,2017,2005,2014,0.0814054988199453,False,,196474.78751182035
2008_2006,2008,2017,2006,2015,0.07794804382382203,False,,194627.54380855316
2008_2007,2008,2017,2007,2016,0.07629566576315816,False,,94071.39000605405
2008_2008,2008,2017,2008,2017,0.08118325250364533,False,,86601.88467466939
2008_2009,2008,2017,2009,2018,0.09586769786469551,False,,777913.867856577
2008_2010,2008,2017,2010,2019,0.09696513258286821,False,,643954.7352970706
2008_2011,2008,2017,2011,2020,0.09790260174593257,False,,601806.4664030814
2008_2012,2008,2017,2012,2021,0.10561400722386227,False,,816497.6712233684
2008_2013,2008,2017,2013,2022,0.0896947281938616,False,,579753.6599471731
2008_2014,2008,2017,2014,2023,0.09028549777642358,False,,465586.15749900334
2008_2015,2008,2017,2015,2024,0.09478235448979722,False,,487988.6134753979
2009_1970,2009,2018,1970,1979,0.10280557882624519,False,,2544354.3590883836
2009_1971,2009,2018,1971,1980,0.1133667083540204,False,,3201658.125198421
2009_1972,2009,2018,1972,1981,0.10322371564947752,False,,2605396.9101053304
2009_1973,2009,2018,1973,1982,0.1035537837758187,False,,2467205.6806902783
2009_1974,2009,2018,1974,1983,0.11350292321739297,False,,3161084.590279441
2009_1975,2009,2018,1975,1984,0.1237346502044605,False,,4260802.05181426
2009_1976,2009,2018,1976,1985,0.12413673831005934,False,,4119846.26467989
2009_1977,2009,2018,1977,1986,0.12353859345217688,False,,3963777.7580367974
2009_1978,2009,2018,1978,1987,0.12809766334423944,False,,4564087.535490852
2009_1979,2009,2018,1979,1988,0.12996346178692186,False,,4816789.108035
2009_1980,2009,2018,1980,1989,0.12952597668996568,False,,4614292.700247285
2009_1981,2009,2018,1981,1990,0.11658786698484702,False,,3506902.4515133356
2009_1982,2009,2018,1982,1991,0.1314922195948216,False,,4937939.433159659
2009_1983,2009,2018,1983,1992,0.12438453267525329,False,,4267118.08366733
2009_1984,2009,2018,1984,1993,0.1215648156092104,False,,4012201.545180147
2009_1985,2009,2018,1985,1994,0.11917144462049967,False,,3965307.651390538
2009_1986,2009,2018,1986,1995,0.12062806289281136,False,,3901028.4444593517
2009_1987,2009,2018,1987,1996,0.11964831610204962,False,,3748209.0006004144
2009_1988,2009,2018,1988,1997,0.1277005275119787,False,,4433482.203302081
2009_1989,2009,2018,1989,1998,0.13197884908712276,False,,4809365.925446085
2009_1990,2009,2018,1990,1999,0.12745797197133202,False,,4250030.092601572
2009_1991,2009,2018,1991,2000,0.12505847781299373,False,,4324572.112139164
2009_1992,2009,2018,1992,2001,0.10898725050989677,False,,3109612.236487653
2009_1993,2009,2018,1993,2002,0.09877407653258796,False,,2621686.4099170463
2009_1994,2009,2018,1994,2003,0.10482564338476741,False,,2924493.3237953614
2009_1995,2009,2018,1995,2004,0.10959838400331767,False,,3330373.153230166
2009_1996,2009,2018,1996,2005,0.09830599912606686,False,,2540222.7962204106
2009_1997,2009,2018,1997,2006,0.09733045190038148,False,,2420435.857805755
2009_1998,2009,2018,1998,2007,0.08988155538122711,False,,1951863.92674421
2009_1999,2009,2018,1999,2008,0.06287570908923401,False,,1043567.8012455065
2009_2000,2009,2018,2000,2009,0.06679488815234036,False,,1005655.8836691991
2009_2001,2009,2018,2001,2010,0.07730213209580383,False,,1338493.49529837
2009_2002,2009,2018,2002,2011,0.08367185400297505,False,,1659607.4036955228
2009_2003,2009,2018,2003,2012,0.09712706923037517,False,,2392914.1919898763
2009_2004,2009,2018,2004,2013,0.09531366524276219,False,,2136470.305474212
2009_2005,2009,2018,2005,2014,0.09609296269231682,False,,2136817.112871128
2009_2006,2009,2018,2006,2015,0.09258854913587444,False,,2014594.3210922629
2009_2007,2009,2018,2007,2016,0.09091372876000503,False,,1859047.019586762
2009_2008,2009,2018,2008,2017,0.09586769786469551,False,,2018984.32765423
2009_2009,2009,2018,2009,2018,0.11075158484219894,False,,3308781.316116371
2009_2010,2009,2018,2010,2019,0.11186392473035012,False,,3225997.063040108
2009_2011,2009,2018,2011,2020,0.11281412643867994,False,,3228341.3342371285
2009_2012,2009,2018,2012,2021,0.12063026690222389,False,,3837684.1333951633
2009_2013,2009,2018,2013,2022,0.10449477495682524,False,,2840250.3859857176
2009_2014,2009,2018,2014,2023,0.10509356827045768,False,,2750719.748250765
2009_2015,2009,2018,2015,2024,0.10965150051987127,False,,2969193.7057143445
2010_1970,2010,2019,1970,1979,0.1039099613461032,False,,2253706.566917925
2010_1971,2010,2019,1971,1980,0.11448166710514185,False,,2849974.1664351034
2010_1972,2010,2019,1972,1981,0.1043285169040673,False,,2312537.1361189997
2010_1973,2010,2019,1973,1982,0.1046589155705111,False,,2172588.5312504703
2010_1974,2010,2019,1974,1983,0.11461801837815622,False,,2808539.0950367176
2010_1975,2010,2019,1975,1984,0.12485999172292228,False,,3837487.313495112
2010_1976,2010,2019,1976,1985,0.1252624824915869,False,,3693491.847051735
2010_1977,2010,2019,1977,1986,0.12466373863353786,False,,3541937.6792087522
2010_1978,2010,2019,1978,1987,0.129227374114669,False,,4106660.3908644365
2010_1979,2010,2019,1979,1988,0.1310950410237659,False,,4343990.761376224
2010_1980,2010,2019,1980,1989,0.1306571178161373,False,,4145141.961982169
2010_1981,2010,2019,1981,1990,0.11770605150064894,False,,3134299.7251875475
2010_1982,2010,2019,1982,1991,0.1326253297754989,False,,4452182.084413559
2010_1983,2010,2019,1983,1992,0.125510525005476,False,,3838880.091760358
2010_1984,2010,2019,1984,1993,0.1226879841903532,False,,3604938.060336313
2010_1985,2010,2019,1985,1994,0.12029221640828713,False,,3575077.920965161
2010_1986,2010,2019,1986,1995,0.12175029338174137,False,,3500514.3369385637
2010_1987,2010,2019,1987,1996,0.12076956544321393,False,,3354640.288846201
2010_1988,2010,2019,1988,1997,0.1288298405786974,False,,3979264.9660103233
2010_1989,2010,2019,1989,1998,0.13311244659314125,False,,4319413.1938765235
2010_1990,2010,2019,1990,1999,0.12858704213567118,False,,3797762.806989929
2010_1991,2010,2019,1991,2000,0.12618514505205236,False,,3891171.1492317677
2010_1992,2010,2019,1992,2001,0.1100978235408312,False,,2784585.5609506117
2010_1993,2010,2019,1993,2002,0.09987442178536332,False,,2351566.852057686
2010_1994,2010,2019,1994,2003,0.10593204885774621,False,,2623010.3045312893
2010_1995,2010,2019,1995,2004,0.1107095690416271,False,,3001745.389836155
2010_1996,2010,2019,1996,2005,0.099405875632115,False,,2272395.365208557
2010_1997,2010,2019,1997,2006,0.09842935146423404,False,,2157326.334204374
2010_1998,2010,2019,1998,2007,0.0909729953971179,False,,1722262.8095749475
2010_1999,2010,2019,1999,2008,0.0639401046422099,False,,904560.5114255681
2010_2000,2010,2019,2000,2009,0.06786320848855332,False,,856030.092686366
2010_2001,2010,2019,2001,2010,0.0783809747006432,False,,1156465.4409970115
2010_2002,2010,2019,2002,2011,0.08475707543801403,False,,1454800.867274592
2010_2003,2010,2019,2003,2012,0.09822576512073389,False,,2130778.2639063294
2010_2004,2010,2019,2004,2013,0.09641054513608216,False,,1882865.1606078248
2010_2005,2010,2019,2005,2014,0.09719062299743153,False,,1879578.7550904285
2010_2006,2010,2019,2006,2015,0.09368270001634671,False,,1773314.5948886927
2010_2007,2010,2019,2007,2016,0.09200620242521618,False,,1625057.6732005647
2010_2008,2010,2019,2008,2017,0.09696513258286821,False,,1762801.240917579
2010_2009,2010,2019,2009,2018,0.11186392473035012,False,,2973254.858932883
2010_2010,2010,2019,2010,2019,0.11297737854896406,False,,2883686.1628303314
2010_2011,2010,2019,2011,2020,0.11392853181772944,False,,2880131.893446694
2010_2012,2010,2019,2012,2021,0.12175249959831502,False,,3437154.271256306
2010_2013,2010,2019,2013,2022,0.1056008490882554,False,,2540567.975322886
2010_2014,2010,2019,2014,2023,0.10620024205143763,False,,2447771.1373216882
2010_2015,2010,2019,2015,2024,0.11076273875065046,False,,2640251.170728172
2011_1970,2011,2020,1970,1979,0.10485336557730673,False,,2185049.195618421
2011_1971,2011,2020,1971,1980,0.11543410594269332,False,,2766898.7163978573
2011_1972,2011,2020,1972,1981,0.10527227883390422,False,,2243357.2462904328
2011_1973,2011,2020,1973,1982,0.10560295985987977,False,,2102993.510867769
2011_1974,2011,2020,1974,1983,0.11557057374184887,False,,2725260.1312224944
2011_1975,2011,2020,1975,1984,0.12582129990281143,False,,3737491.105203651
2011_1976,2011,2020,1976,1985,0.12622413464109994,False,,3592777.599963585
2011_1977,2011,2020,1977,1986,0.12562487909504294,False,,3442289.817771966
2011_1978,2011,2020,1978,1987,0.13019241467054155,False,,3998606.085422923
2011_1979,2011,2020,1979,1988,0.13206167769247945,False,,4232305.441512152
2011_1980,2011,2020,1980,1989,0.13162338023457543,False,,4034318.287073211
2011_1981,2011,2020,1981,1990,0.11866124590521965,False,,3046282.8043036126
2011_1982,2011,2020,1982,1991,0.13359327423283096,False,,4337435.564561226
2011_1983,2011,2020,1983,1992,0.12647238913274572,False,,3737720.9031928154
2011_1984,2011,2020,1984,1993,0.12364743616713847,False,,3508733.5095057506
2011_1985,2011,2020,1985,1994,0.12124962095589642,False,,3482897.1158269327
2011_1986,2011,2020,1986,1995,0.12270894400560195,False,,3405904.136787386
2011_1987,2011,2020,1987,1996,0.12172737793451005,False,,3261670.7432219577
2011_1988,2011,2020,1988,1997,0.12979454140140967,False,,3871968.9109517457
2011_1989,2011,2020,1989,1998,0.13408080734173144,False,,4203675.632757014
2011_1990,2011,2020,1990,1999,0.12955153546222298,False,,3690927.3732060487
2011_1991,2011,2020,1991,2000,0.12714758571131157,False,,3788792.3538874537
2011_1992,2011,2020,1992,2001,0.11104651593463966,False,,2707807.144785994
2011_1993,2011,2020,1993,2002,0.10081437723430198,False,,2287758.699101438
2011_1994,2011,2020,1994,2003,0.1068771811700262,False,,2551793.415390188
2011_1995,2011,2020,1995,2004,0.11165878423468012,False,,2924116.3178856075
2011_1996,2011,2020,1996,2005,0.10034543066033197,False,,2209128.662792358
2011_1997,2011,2020,1997,2006,0.09936807195243946,False,,2095174.1048017791
2011_1998,2011,2020,1998,2007,0.09190534366466263,False,,1668025.9993292806
2011_1999,2011,2020,1999,2008,0.06484935053328122,False,,871723.946457243
2011_2000,2011,2020,2000,2009,0.06877580707404496,False,,820685.2052857914
2011_2001,2011,2020,2001,2010,0.07930256179561024,False,,1113466.4296583473
2011_2002,2011,2020,2002,2011,0.085684111564718,False,,1406421.0797984467
2011_2003,2011,2020,2003,2012,0.09916431162353767,False,,2068856.0190787567
2011_2004,2011,2020,2004,2013,0.09734754034731874,False,,1822958.0735299203
2011_2005,2011,2020,2005,2014,0.09812828486517167,False,,1818813.4235847737
2011_2006,2011,2020,2006,2015,0.09461736400427867,False,,1716319.0415239306
2011_2007,2011,2020,2007,2016,0.09293943367408741,False,,1569784.2671478412
2011_2008,2011,2020,2008,2017,0.09790260174593257,False,,1702285.1875342599
2011_2009,2011,2020,2009,2018,0.11281412643867994,False,,2893996.1644847794
2011_2010,2011,2020,2010,2019,0.11392853181772944,False,,2802824.8344160886
2011_2011,2011,2020,2011,2020,0.11488049794447219,False,,2797877.200617921
2011_2012,2011,2020,2012,2021,0.12271115210761385,False,,3342540.3495194465
2011_2013,2011,2020,2013,2022,0.10654569835637906,False,,2469776.429351872
2011_2014,2011,2020,2014,2023,0.10714560356229597,False,,2376208.043344947
2011_2015,2011,2020,2015,2024,0.11171199938267051,False,,2562547.7428366547
2012_1970,2012,2021,1970,1979,0.11261359155916795,False,,3033499.385525186
2012_1971,2012,2021,1971,1980,0.1232686485161032,False,,3793523.826369118
2012_1972,2012,2021,1972,1981,0.11303544716236025,False,,3098264.586199038
2012_1973,2012,2021,1973,1982,0.11336845081283009,False,,2963030.9277196885
2012_1974,2012,2021,1974,1983,0.12340607483246435,False,,3754400.212266147
2012_1975,2012,2021,1975,1984,0.13372879964407658,False,,4973218.606985513
2012_1976,2012,2021,1976,1985,0.13413446379728988,False,,4837378.441080749
2012_1977,2012,2021,1977,1986,0.13353099922349854,False,,4673712.53844426
2012_1978,2012,2021,1978,1987,0.13813061607724686,False,,5333913.485587784
2012_1979,2012,2021,1979,1988,0.14001300835590014,False,,5612483.986873276
2012_1980,2012,2021,1980,1989,0.13957163240140424,False,,5403848.845015623
2012_1981,2012,2021,1981,1990,0.1265184551384455,False,,4133973.34394304
2012_1982,2012,2021,1982,1991,0.14155536246430245,False,,5755443.634447145
2012_1983,2012,2021,1983,1992,0.13438446196915277,False,,4987820.217023742
2012_1984,2012,2021,1984,1993,0.13153966720907384,False,,4697604.680614419
2012_1985,2012,2021,1985,1994,0.12912501031686152,False,,4622043.869408677
2012_1986,2012,2021,1986,1995,0.13059458330289253,False,,4575072.731011763
2012_1987,2012,2021,1987,1996,0.1296061229463099,False,,4410564.549486916
2012_1988,2012,2021,1988,1997,0.13772994824136364,False,,5197906.047309219
2012_1989,2012,2021,1989,1998,0.14204631988924032,False,,5633930.736507253
2012_1990,2012,2021,1990,1999,0.1374852354865379,False,,5011172.269959886
2012_1991,2012,2021,1991,2000,0.1350644009671158,False,,5053963.25554322
2012_1992,2012,2021,1992,2001,0.11885024112445897,False,,3656615.124797887
2012_1993,2012,2021,1993,2002,0.10854623432735289,False,,3076283.492122731
2012_1994,2012,2021,1994,2003,0.11465162194892242,False,,3431873.470490869
2012_1995,2012,2021,1995,2004,0.1194668098507079,False,,3883436.4839812093
2012_1996,2012,2021,1996,2005,0.10807399398472461,False,,2990962.3488744437
2012_1997,2012,2021,1997,2006,0.10708977054285485,False,,2863235.419146633
2012_1998,2012,2021,1998,2007,0.0995746258351633,False,,2338270.5933457315
2012_1999,2012,2021,1999,2008,0.07232859787436019,False,,1277509.7966280319
2012_2000,2012,2021,2000,2009,0.07628263290745041,False,,1257468.260908941
2012_2001,2012,2021,2001,2010,0.08688332503830454,False,,1644837.1862948574
2012_2002,2012,2021,2002,2011,0.0933096972878118,False,,2004286.0882433585
2012_2003,2012,2021,2003,2012,0.10688457905010118,False,,2834075.2430164167
2012_2004,2012,2021,2004,2013,0.10505504720664316,False,,2563274.4947089483
2012_2005,2012,2021,2005,2014,0.10584127548739297,False,,2569735.80933728
2012_2006,2012,2021,2006,2015,0.10230569475747675,False,,2420655.4756297576
2012_2007,2012,2021,2007,2016,0.10061597904566844,False,,2252838.8463517204
2012_2008,2012,2021,2008,2017,0.10561400722386227,False,,2450127.0581690012
2012_2009,2012,2021,2009,2018,0.12063026690222389,False,,3873454.7875494882
2012_2010,2012,2021,2010,2019,0.12175249959831502,False,,3802088.3970988807
2012_2011,2012,2021,2011,2020,0.12271115210761385,False,,3814359.6034593172
2012_2012,2012,2021,2012,2021,0.13059680691408526,False,,4511754.934145441
2012_2013,2012,2021,2013,2022,0.114317810879216,False,,3344600.202619955
2012_2014,2012,2021,2014,2023,0.11492192967592296,False,,3260566.4090332016
2012_2015,2012,2021,2015,2024,0.11952039876917953,False,,3522786.7805849635
2013_1970,2013,2022,1970,1979,0.09659352840794622,False,,1836605.6727024515
2013_1971,2013,2022,1971,1980,0.10709516760455129,False,,2345281.8975346414
2013_1972,2013,2022,1972,1981,0.09700930988670287,False,,1892261.8857988403
2013_1973,2013,2022,1973,1982,0.09733751875527297,False,,1749791.318290776
2013_1974,2013,2022,1974,1983,0.10723061517619503,False,,2302610.458114066
2013_1975,2013,2022,1975,1984,0.11740470734065167,False,,3229999.623432236
2013_1976,2013,2022,1976,1985,0.11780453050342432,False,,3081641.9942886075
2013_1977,2013,2022,1977,1986,0.11720975496655894,False,,2936566.233648572
2013_1978,2013,2022,1978,1987,0.12174314383870843,False,,3450218.896376105
2013_1979,2013,2022,1979,1988,0.12359843232912104,False,,3665490.464840961
2013_1980,2013,2022,1980,1989,0.12316341156452926,False,,3471876.2509615
2013_1981,2013,2022,1981,1990,0.11029818160480609,False,,2599587.4909158205
2013_1982,2013,2022,1982,1991,0.12511857871832444,False,,3755084.6696328865
2013_1983,2013,2022,1983,1992,0.1180509290549594,False,,3224327.1717895
2013_1984,2013,2022,1984,1993,0.1152470953185949,False,,3020485.096007414
2013_1985,2013,2022,1985,1994,0.11286720607275602,False,,3015069.6432679007
2013_1986,2013,2022,1986,1995,0.11431561928488154,False,,2925747.2239826145
2013_1987,2013,2022,1987,1996,0.11334139136034449,False,,2789840.3281031954
2013_1988,2013,2022,1988,1997,0.12134824505335828,False,,3327429.9239214263
2013_1989,2013,2022,1989,1998,0.125602467050262,False,,3616295.0971076046
2013_1990,2013,2022,1990,1999,0.1211070558163252,False,,3148726.0885469094
2013_1991,2013,2022,1991,2000,0.11872107789237707,False,,3269208.987287993
2013_1992,2013,2022,1992,2001,0.10274037903437283,False,,2318148.4481894877
2013_1993,2013,2022,1993,2002,0.0925847353714695,False,,1963925.4793609628
2013_1994,2013,2022,1994,2003,0.09860221404063885,False,,2190360.0649172994
2013_1995,2013,2022,1995,2004,0.10334807004242164,False,,2530140.4519418245
2013_1996,2013,2022,1996,2005,0.09211929462231105,False,,1888043.362613738
2013_1997,2013,2022,1997,2006,0.09114924260690338,False,,1779744.8746955297
2013_1998,2013,2022,1998,2007,0.08374230536110261,False,,1392768.3703809744
2013_1999,2013,2022,1999,2008,0.05688858169341948,False,,705074.857488921
2013_2000,2013,2022,2000,2009,0.06078568421066333,False,,641306.1109537398
2013_2001,2013,2022,2001,2010,0.07123374135784344,False,,895241.8354281364
2013_2002,2013,2022,2002,2011,0.07756758292998778,False,,1160888.469576952
2013_2003,2013,2022,2003,2012,0.09094700558162794,False,,1754593.9853568203
2013_2004,2013,2022,2004,2013,0.08914381641085667,False,,1518923.1815152096
2013_2005,2013,2022,2005,2014,0.0899187241156183,False,,1510422.8490516697
2013_2006,2013,2022,2006,2015,0.08643405075102573,False,,1427060.495368291
2013_2007,2013,2022,2007,2016,0.08476866455722454,False,,1289265.803302792
2013_2008,2013,2022,2008,2017,0.0896947281938616,False,,1395159.7262073269
2013_2009,2013,2022,2009,2018,0.10449477495682524,False,,2491749.789587278
2013_2010,2013,2022,2010,2019,0.1056008490882554,False,,2392444.9202563455
2013_2011,2013,2022,2011,2020,0.10654569835637906,False,,2380425.8126147357
2013_2012,2013,2022,2012,2021,0.114317810879216,False,,2862364.549268185
2013_2013,2013,2022,2013,2022,0.0982732093785279,False,,2110501.7410856457
2013_2014,2013,2022,2014,2023,0.09886862971842336,False,,2013017.6662003705
2013_2015,2013,2022,2015,2024,0.10340088735620978,False,,2168194.5125177004
2014_1970,2014,2023,1970,1979,0.09718803812177357,False,,1573665.4998690109
2014_1971,2014,2023,1971,1980,0.10769537070097823,False,,2027124.170584687
2014_1972,2014,2023,1972,1981,0.09760404501324849,False,,1627320.600634125
2014_1973,2014,2023,1973,1982,0.09793243181772238,False,,1483260.1892740917
2014_1974,2014,2023,1974,1983,0.10783089170447724,False,,1983673.3254472984
2014_1975,2014,2023,1975,1984,0.1180104996744391,False,,2847039.7198823728
2014_1976,2014,2023,1976,1985,0.11841053959825198,False,,2695932.185787116
2014_1977,2014,2023,1977,1986,0.11781544160842228,False,,2554940.409461792
2014_1978,2014,2023,1978,1987,0.12235128822234298,False,,3036398.5416140854
2014_1979,2014,2023,1979,1988,0.12420758254308484,False,,3237764.2534788786
2014_1980,2014,2023,1980,1989,0.12377232593534448,False,,3047449.91941029
2014_1981,2014,2023,1981,1990,0.11090012119054071,False,,2262505.1944129257
2014_1982,2014,2023,1982,1991,0.12572855306791486,False,,3315634.845223051
2014_1983,2014,2023,1983,1992,0.11865707173285922,False,,2836913.351216497
2014_1984,2014,2023,1984,1993,0.11585171791968496,False,,2652046.2708097217
2014_1985,2014,2023,1985,1994,0.11347053843526855,False,,2662040.7349917996
2014_1986,2014,2023,1986,1995,0.11491973689343271,False,,2563414.35412897
2014_1987,2014,2023,1987,1996,0.11394498079874915,False,,2433790.7454874218
2014_1988,2014,2023,1988,1997,0.12195617534566572,False,,2916513.4742021766
2014_1989,2014,2023,1989,1998,0.12621270373617532,False,,3173049.8381050397
2014_1990,2014,2023,1990,1999,0.12171485534975024,False,,2739573.700505051
2014_1991,2014,2023,1991,2000,0.11932758388629461,False,,2877124.3846765384
2014_1992,2014,2023,1992,2001,0.10333822121580316,False,,2024106.7504941989
2014_1993,2014,2023,1993,2002,0.09317707174910694,False,,1719556.5725860635
2014_1994,2014,2023,1994,2003,0.09919781274787143,False,,1917617.5933517427
2014_1995,2014,2023,1995,2004,0.10394624167883948,False,,2232840.9601431363
2014_1996,2014,2023,1996,2005,0.09271137866484036,False,,1645748.072930298
2014_1997,2014,2023,1997,2006,0.09174080074322322,False,,1541717.731625754
2014_1998,2014,2023,1998,2007,0.08432984788358877,False,,1185055.2582998385
2014_1999,2014,2023,1999,2008,0.057461565676976356,False,,579319.2116695751
2014_2000,2014,2023,2000,2009,0.0613607809782577,False,,505944.2317267584
2014_2001,2014,2023,2001,2010,0.07181450245894316,False,,730566.6190739579
2014_2002,2014,2023,2002,2011,0.07815177787438743,False,,975606.2567591943
2014_2003,2014,2023,2003,2012,0.09153845407670591,False,,1517447.624390421
2014_2004,2014,2023,2004,2013,0.08973428732084954,False,,1289494.3593498925
2014_2005,2014,2023,2005,2014,0.09050961513583977,False,,1277707.170225596
2014_2006,2014,2023,2006,2015,0.08702305258249021,False,,1208782.1026944364
2014_2007,2014,2023,2007,2016,0.08535676351242372,False,,1077582.7943918298
2014_2008,2014,2023,2008,2017,0.09028549777642358,False,,1163398.7188364742
2014_2009,2014,2023,2009,2018,0.1050935682704579,False,,2188209.2604017775
2014_2010,2014,2023,2010,2019,0.10620024205143763,False,,2082766.712856986
2014_2011,2014,2023,2011,2020,0.10714560356229597,False,,2065411.3758631363
2014_2012,2014,2023,2012,2021,0.11492192967592296,False,,2500017.426693173
2014_2013,2014,2023,2013,2022,0.09886862971842336,False,,1839388.2250792563
2014_2014,2014,2023,2014,2023,0.09946437286085863,False,,1738949.3186568082
2014_2015,2014,2023,2015,2024,0.1039990876271264,False,,1870610.2564817606
2015_1970,2015,2024,1970,1979,0.10171336419932264,False,,1786535.9012135845
2015_1971,2015,2024,1971,1980,0.11226403402289575,False,,2284697.4515972286
2015_1972,2015,2024,1972,1981,0.10213108690136874,False,,1841811.0571437343
2015_1973,2015,2024,1973,1982,0.10246082812944013,False,,1699037.7473140485
2015_1974,2015,2024,1974,1983,0.11240011397956384,False,,2241877.595653924
2015_1975,2015,2024,1975,1984,0.12262170750150525,False,,3157075.373579071
2015_1976,2015,2024,1976,1985,0.12302339738050949,False,,3008194.1001742394
2015_1977,2015,2024,1977,1986,0.12242584492311459,False,,2863896.022758484
2015_1978,2015,2024,1978,1987,0.12698039952896822,False,,3371418.116802947
2015_1979,2015,2024,1979,1988,0.1288443500916714,False,,3584041.694834014
2015_1980,2015,2024,1980,1989,0.12840729827836128,False,,3391055.8529005004
2015_1981,2015,2024,1981,1990,0.11548200242995121,False,,2535399.377791191
2015_1982,2015,2024,1982,1991,0.13037159382340868,False,,3671403.457850307
2015_1983,2015,2024,1983,1992,0.12327094633106706,False,,3150554.7951355656
2015_1984,2015,2024,1984,1993,0.12045402190253207,False,,2950325.988760762
2015_1985,2015,2024,1985,1994,0.11806302129972757,False,,2947844.933647186
2015_1986,2015,2024,1986,1995,0.11951819694260979,False,,2856750.8290955946
2015_1987,2015,2024,1987,1996,0.11853942048949961,False,,2722040.413589672
2015_1988,2015,2024,1988,1997,0.12658365701858876,False,,3249182.1137190196
2015_1989,2015,2024,1989,1998,0.1308577413596339,False,,3531891.1485111294
2015_1990,2015,2024,1990,1999,0.12634134170406552,False,,3070814.195690747
2015_1991,2015,2024,1991,2000,0.12394422399599869,False,,3194547.187816619
2015_1992,2015,2024,1992,2001,0.10788891357786312,False,,2262156.241091001
2015_1993,2015,2024,1993,2002,0.09768585469084723,False,,1917392.098062268
2015_1994,2015,2024,1994,2003,0.10373142809326663,False,,2138423.7134673186
2015_1995,2015,2024,1995,2004,0.10849944180689897,False,,2473527.8869704544
2015_1996,2015,2024,1996,2005,0.09721824086648412,False,,1841904.84503178
2015_1997,2015,2024,1997,2006,0.09624365981921623,False,,1734419.1090157416
2015_1998,2015,2024,1998,2007,0.08880214066003256,False,,1353215.0836196865
2015_1999,2015,2024,1999,2008,0.06182304085980439,False,,681128.1308181431
2015_2000,2015,2024,2000,2009,0.06573833838224719,False,,615530.1396057184
2015_2001,2015,2024,2001,2010,0.07623517598959495,False,,863883.9399651397
2015_2002,2015,2024,2002,2011,0.08259858934739883,False,,1125606.534691281
2015_2003,2015,2024,2003,2012,0.09604047857866527,False,,1709435.940562633
2015_2004,2015,2024,2004,2013,0.09422887057975404,False,,1475234.7311160616
2015_2005,2015,2024,2005,2014,0.09500739621595433,False,,1466108.5066096766
2015_2006,2015,2024,2006,2015,0.09150645341792885,False,,1385495.339597819
2015_2007,2015,2024,2007,2016,0.0898332917780571,False,,1248956.558161459
2015_2008,2015,2024,2008,2017,0.09478235448979722,False,,1351027.1748590816
2015_2009,2015,2024,2009,2018,0.10965150051987127,False,,2433948.7895721328
2015_2010,2015,2024,2010,2019,0.11076273875065046,False,,2333475.167127789
2015_2011,2015,2024,2011,2020,0.11171199938267051,False,,2320439.920410132
2015_2012,2015,2024,2012,2021,0.11952039876917953,False,,2793365.4403398153
2015_2013,2015,2024,2013,2022,0.10340088735620978,False,,2058875.579713257
2015_2014,2015,2024,2014,2023,0.1039990876271264,False,,1960828.8378978581
2015_2015,2015,2024,2015,2024,0.10855250571704822,False,,2111527.7219780814
