path_id,block_one_start_year,block_one_end_year,block_two_start_year,block_two_end_year,real_portfolio_cagr,ending_value_of_one
1970_1970,1970,1979,1970,1979,0.019852009927018743,1.4816414621936942
1970_1971,1970,1979,1971,1980,0.026339915069381936,1.681993777961064
1970_1972,1970,1979,1972,1981,0.014279337390077362,1.327857787826262
1970_1973,1970,1979,1973,1982,0.014378707351973885,1.330462041969386
1970_1974,1970,1979,1974,1983,0.025893479102261807,1.667421458618109
1970_1975,1970,1979,1975,1984,0.039344082350651455,2.163649723839942
1970_1976,1970,1979,1976,1985,0.04126445281810809,2.2450232852769827
1970_1977,1970,1979,1977,1986,0.042616242986560415,2.30403849540927
1970_1978,1970,1979,1978,1987,0.04797148214625224,2.552638363710648
1970_1979,1970,1979,1979,1988,0.05196635499039037,2.7544633631490023
1970_1980,1970,1979,1980,1989,0.055742249020278356,2.959089034871365
1970_1981,1970,1979,1981,1990,0.04671528825534321,2.4921337678699573
1970_1982,1970,1979,1982,1991,0.06362432927045769,3.433722987403227
1970_1983,1970,1979,1983,1992,0.057417124791859564,3.0544061806866445
1970_1984,1970,1979,1984,1993,0.05529852105386368,2.9343140288420773
1970_1985,1970,1979,1985,1994,0.053698492152108424,2.846604761601333
1970_1986,1970,1979,1986,1995,0.05571502110167592,2.957563092374336
1970_1987,1970,1979,1987,1996,0.05364406389354692,2.843665405893894
1970_1988,1970,1979,1988,1997,0.06263091267852916,3.3701475378520827
1970_1989,1970,1979,1989,1998,0.06811788482661241,3.7358010617642545
1970_1990,1970,1979,1990,1999,0.06485625645647475,3.5141454896683255
1970_1991,1970,1979,1991,2000,0.06397071014492717,3.4561569014120037
1970_1992,1970,1979,1992,2001,0.049546051448005723,2.630449580285638
1970_1993,1970,1979,1993,2002,0.04014660070463805,2.19730873380082
1970_1994,1970,1979,1994,2003,0.04631807259258758,2.4732871165310546
1970_1995,1970,1979,1995,2004,0.05054239431590801,2.680844712805516
1970_1996,1970,1979,1996,2005,0.03941031963318764,2.166409177249411
1970_1997,1970,1979,1997,2006,0.03888087316254185,2.144445488079743
1970_1998,1970,1979,1998,2007,0.03063591046223557,1.8285439797355705
1970_1999,1970,1979,1999,2008,0.005855959196471305,1.123869446872677
1970_2000,1970,1979,2000,2009,0.009549170548842634,1.2093430861583487
1970_2001,1970,1979,2001,2010,0.020435741622177872,1.4986949181745712
1970_2002,1970,1979,2002,2011,0.025762072773160005,1.6631550641401343
1970_2003,1970,1979,2003,2012,0.038822505310082356,2.1420371292994433
1970_2004,1970,1979,2004,2013,0.03729700739412212,2.079995996847429
1970_2005,1970,1979,2005,2014,0.03930787473038033,2.162142721733243
1970_2006,1970,1979,2006,2015,0.03734699361226457,2.082001569872149
1970_2007,1970,1979,2007,2016,0.03599317678805569,2.0283266729109037
1970_2008,1970,1979,2008,2017,0.041689366098867975,2.263417218213421
1970_2009,1970,1979,2009,2018,0.05489085716908271,2.9117264094508597
1970_2010,1970,1979,2010,2019,0.056173143495288125,2.9833375879373145
1970_2011,1970,1979,2011,2020,0.0571468082522435,3.0388275712416912
1970_2012,1970,1979,2012,2021,0.06250782048178749,3.3623483544272674
1970_2013,1970,1979,2013,2022,0.04483833072673016,2.404262780030916
1970_2014,1970,1979,2014,2023,0.044462626234018865,2.3870311513546345
1970_2015,1970,1979,2015,2024,0.04774289971819945,2.541525832456205
1971_1970,1971,1980,1970,1979,0.026339915069381714,1.6819937779610636
1971_1971,1971,1980,1971,1980,0.032869093761952684,1.909438377157055
1971_1972,1971,1980,1972,1981,0.02073179133907388,1.507414981377551
1971_1973,1971,1980,1973,1982,0.020831793454342273,1.5103713911276393
1971_1974,1971,1980,1974,1983,0.032419817741394796,1.8928955420037892
1971_1975,1971,1980,1975,1984,0.045955988539913006,2.4562253865370036
1971_1976,1971,1980,1976,1985,0.04788857566361959,2.5486025422255243
1971_1977,1971,1980,1977,1986,0.04924896539975432,2.6155979785577412
1971_1978,1971,1980,1978,1987,0.05463827252552811,2.8978143192544725
1971_1979,1971,1980,1979,1988,0.058658559209925576,3.1269307431359255
1971_1980,1971,1980,1980,1989,0.062458474021314325,3.3592265552000207
1971_1981,1971,1980,1981,1990,0.053374087213584165,2.8291280976962465
1971_1982,1971,1980,1982,1991,0.07039069702602063,3.8980420347463776
1971_1983,1971,1980,1983,1992,0.06414400470657466,3.467432791516422
1971_1984,1971,1980,1984,1993,0.062011923228717736,3.3311013933079456
1971_1985,1971,1980,1985,1994,0.060401715560201685,3.2315317973342803
1971_1986,1971,1980,1986,1995,0.06243107288919525,3.357494269859053
1971_1987,1971,1980,1987,1996,0.06034694105005167,3.2281949725104084
1971_1988,1971,1980,1988,1997,0.06939096070088335,3.8258697087790816
1971_1989,1971,1980,1989,1998,0.07491283884951261,4.240968076233791
1971_1990,1971,1980,1990,1999,0.07163046125765526,3.989339525988067
1971_1991,1971,1980,1991,2000,0.07073928144201846,3.9235095346381583
1971_1992,1971,1980,1992,2001,0.05622285862988674,2.986147418370731
1971_1993,1971,1980,1993,2002,0.04676361220614589,2.4944358758970298
1971_1994,1971,1980,1994,2003,0.05297434461798334,2.8077329416505314
1971_1995,1971,1980,1995,2004,0.05722553984683665,3.043357142518473
1971_1996,1971,1980,1996,2005,0.046022647198493916,2.459357982096544
1971_1997,1971,1980,1997,2006,0.04548983259360284,2.4344242923564128
1971_1998,1971,1980,1998,2007,0.037192418620581424,2.075805567758416
1971_1999,1971,1980,1999,2008,0.012254826862196921,1.275842681995128
1971_2000,1971,1980,2000,2009,0.01597153300076437,1.3728743412234885
1971_2001,1971,1980,2001,2010,0.026927360240447173,1.7013532570148562
1971_2002,1971,1980,2002,2011,0.0322875754559091,1.8880522319659787
1971_2003,1971,1980,2003,2012,0.045431093427378055,2.4316902675690906
1971_2004,1971,1980,2004,2013,0.04389589088204282,2.3612597339854506
1971_2005,1971,1980,2005,2014,0.04591955058072661,2.4545146027667593
1971_2006,1971,1980,2006,2015,0.04394619509322606,2.3635365070340604
1971_2007,1971,1980,2007,2016,0.0425837658085324,2.3026035181665336
1971_2008,1971,1980,2008,2017,0.04831619207878779,2.5694837618328084
1971_2009,1971,1980,2009,2018,0.061601665943533,3.3054594034983933
1971_2010,1971,1980,2010,2019,0.06289210968078307,3.386754075468723
1971_2011,1971,1980,2011,2020,0.06387196851739141,3.449747592482574
1971_2012,1971,1980,2012,2021,0.06926708543906113,3.8170158947299715
1971_2013,1971,1980,2013,2022,0.05148518920509404,2.7293749127457305
1971_2014,1971,1980,2014,2023,0.05110709462530494,2.7098131679125865
1971_2015,1971,1980,2015,2024,0.05440823594422928,2.8851991158437253
1972_1970,1972,1981,1970,1979,0.014279337390077362,1.327857787826262
1972_1971,1972,1981,1971,1980,0.02073179133907388,1.507414981377551
1972_1972,1972,1981,1972,1981,0.00873711503502661,1.1900357472989986
1972_1973,1972,1981,1973,1982,0.008835942019851828,1.192369698685798
1972_1974,1972,1981,1974,1983,0.02028779478613285,1.4943551634526495
1972_1975,1972,1981,1975,1984,0.03366490128538824,1.9390785215171173
1972_1976,1972,1981,1976,1985,0.035574778469838586,2.012006095450795
1972_1977,1972,1981,1977,1986,0.03691918219018464,2.064895953337423
1972_1978,1972,1981,1978,1987,0.042245159266845356,2.28769295220638
1972_1979,1972,1981,1979,1988,0.04621820333781779,2.4685699755082657
1972_1980,1972,1981,1980,1989,0.04997346513797263,2.651956981554537
1972_1981,1972,1981,1981,1990,0.040995829467126876,2.233468296082496
1972_1982,1972,1981,1982,1991,0.05781247614701046,3.077327360501047
1972_1983,1972,1981,1983,1992,0.051639189057987034,2.7373808965931974
1972_1984,1972,1981,1984,1993,0.0495321617886868,2.6297534420756112
1972_1985,1972,1981,1985,1994,0.04794087576043915,2.551147762805728
1972_1986,1972,1981,1986,1995,0.04994638599808776,2.65058942085908
1972_1987,1972,1981,1987,1996,0.04788674490861777,2.5485134909748517
1972_1988,1972,1981,1988,1997,0.05682448777928095,3.0203505830855084
1972_1989,1972,1981,1989,1998,0.06228147802930151,3.348051914184881
1972_1990,1972,1981,1990,1999,0.05903767183989883,3.149402588330508
1972_1991,1972,1981,1991,2000,0.058156964328061944,3.0974327963896147
1972_1992,1972,1981,1992,2001,0.04381112481136751,2.3574279269258103
1972_1993,1972,1981,1993,2002,0.034463034520800795,1.9692439695337376
1972_1994,1972,1981,1994,2003,0.040600784269098966,2.216577790927656
1972_1995,1972,1981,1995,2004,0.04480202346532147,2.402592408949673
1972_1996,1972,1981,1996,2005,0.0337307766343482,1.941551563608206
1972_1997,1972,1981,1997,2006,0.03320422316364535,1.9218675466192654
1972_1998,1972,1981,1998,2007,0.025004312565762632,1.6387543314829882
1972_1999,1972,1981,1999,2008,0.00035976384128999506,1.007219921694379
1972_2000,1972,1981,2000,2009,0.004032794758386249,1.0838220150316502
1972_2001,1972,1981,2001,2010,0.014859879460119352,1.3431412183398985
1972_2002,1972,1981,2002,2011,0.020157106487131538,1.4905315898836908
1972_2003,1972,1981,2003,2012,0.03314617424464439,1.919709158072575
1972_2004,1972,1981,2004,2013,0.03162901195018475,1.8641074467314283
1972_2005,1972,1981,2005,2014,0.033628891510695924,1.937727935336377
1972_2006,1972,1981,2006,2015,0.031678725033772004,1.8659048557726046
1972_2007,1972,1981,2007,2016,0.03033230573171619,1.8178010251500225
1972_2008,1972,1981,2008,2017,0.03599736994062286,2.028490871101067
1972_2009,1972,1981,2009,2018,0.049126725459779585,2.6095102543123057
1972_2010,1972,1981,2010,2019,0.05040200512058157,2.67368871008248
1972_2011,1972,1981,2011,2020,0.0513703495812603,2.72341923420535
1972_2012,1972,1981,2012,2021,0.05670206818258072,3.0133608985271456
1972_2013,1972,1981,2013,2022,0.039129128004659286,2.154717681643492
1972_2014,1972,1981,2014,2023,0.038755476435399894,2.1392745714723898
1972_2015,1972,1981,2015,2024,0.042017825858264635,2.2777338213739937
1973_1970,1973,1982,1970,1979,0.014378707351973885,1.3304620419693856
1973_1971,1973,1982,1971,1980,0.020831793454342273,1.510371391127639
1973_1972,1973,1982,1972,1981,0.008835942019851828,1.1923696986857977
1973_1973,1973,1982,1973,1982,0.00893477868685566,1.1947082275225502
1973_1974,1973,1982,1974,1983,0.02038775340261445,1.497285959703121
1973_1975,1973,1982,1975,1984,0.033766170470383106,1.9428815291281734
1973_1976,1973,1982,1976,1985,0.035676234767412884,2.0159521318848967
1973_1977,1973,1982,1977,1986,0.037020770200336894,2.0689457197287484
1973_1978,1973,1982,1978,1987,0.042347269068302884,2.2921796780467507
1973_1979,1973,1982,1979,1988,0.04632070238237973,2.473411445464798
1973_1980,1973,1982,1980,1989,0.05007633208929185,2.657158118317762
1973_1981,1973,1982,1981,1990,0.04109781687049341,2.237848674099581
1973_1982,1973,1982,1982,1991,0.057916111094084455,3.0833627526957588
1973_1983,1973,1982,1983,1992,0.05174221920194566,2.7427495705631184
1973_1984,1973,1982,1984,1993,0.04963498550507506,2.634911032263134
1973_1985,1973,1982,1985,1994,0.048043543576942405,2.5561511880158054
1973_1986,1973,1982,1986,1995,0.050049250296436476,2.6557878755010433
1973_1987,1973,1982,1987,1996,0.047989407421867414,2.5535117497330764
1973_1988,1973,1982,1988,1997,0.05692802593214541,3.0262742298734393
1973_1989,1973,1982,1989,1998,0.0623855508089628,3.3546182634949098
1973_1990,1973,1982,1990,1999,0.05914142682062096,3.1555793376889247
1973_1991,1973,1982,1991,2000,0.05826063302498774,3.103507620265333
1973_1992,1973,1982,1992,2001,0.04391338803203659,2.3620514201207117
1973_1993,1973,1982,1993,2002,0.03456438189970745,1.9731061389719842
1973_1994,1973,1982,1994,2003,0.040702732969492006,2.220925042529824
1973_1995,1973,1982,1995,2004,0.044904383765323796,2.407304480748783
1973_1996,1973,1982,1996,2005,0.03383205227321695,1.9453594214601315
1973_1997,1973,1982,1997,2006,0.033305447215543627,1.9256367992957975
1973_1998,1973,1982,1998,2007,0.025104733264212253,1.6419683298467078
1973_1999,1973,1982,1999,2008,0.00045777008863367996,1.0091953264991387
1973_2000,1973,1982,2000,2009,0.0041311608562453195,1.0859476552914218
1973_2001,1973,1982,2001,2010,0.014959306298303554,1.3457754470312016
1973_2002,1973,1982,2002,2011,0.020257052299949896,1.4934548871704936
1973_2003,1973,1982,2003,2012,0.03324739260943188,1.9234741776208564
1973_2004,1973,1982,2004,2013,0.03173008167706359,1.8677634177140778
1973_2005,1973,1982,2005,2014,0.03373015716777705,1.9415282941173482
1973_2006,1973,1982,2006,2015,0.031779799631091565,1.869564351914338
1973_2007,1973,1982,2007,2016,0.030433248418988867,1.8213661779054773
1973_2008,1973,1982,2008,2017,0.03609886763990655,2.0324692382152145
1973_2009,1973,1982,2009,2018,0.04922950945516491,2.6146281426536775
1973_2010,1973,1982,2010,2019,0.05050491405639179,2.6789324680846485
1973_2011,1973,1982,2011,2020,0.05147335338674641,2.7287605259379175
1973_2012,1973,1982,2012,2021,0.05680559434187482,3.019270836832785
1973_2013,1973,1982,2013,2022,0.03923093252541521,2.158943610429788
1973_2014,1973,1982,2014,2023,0.03885724434913751,2.1434702125396137
1973_2015,1973,1982,2015,2024,0.04211991338764065,2.2822010149210956
1974_1970,1974,1983,1970,1979,0.025893479102261807,1.667421458618108
1974_1971,1974,1983,1971,1980,0.032419817741394796,1.8928955420037896
1974_1972,1974,1983,1972,1981,0.02028779478613285,1.494355163452649
1974_1973,1974,1983,1973,1982,0.02038775340261445,1.497285959703121
1974_1974,1974,1983,1974,1983,0.03197073714632115,1.8764960293050128
1974_1975,1974,1983,1975,1984,0.045501019999322656,2.434945343067235
1974_1976,1974,1983,1976,1985,0.04743276648886008,2.526522169152682
1974_1977,1974,1983,1977,1986,0.048792564484482215,2.59293717593424
1974_1978,1974,1983,1978,1987,0.054179527376631675,2.8727084739118363
1974_1979,1974,1983,1979,1988,0.058198065322090375,3.0998398977657846
1974_1980,1974,1983,1980,1989,0.061996327251603534,3.3301231644805553
1974_1981,1974,1983,1981,1990,0.052915891958328354,2.8046173303902378
1974_1982,1974,1983,1982,1991,0.0699250999085288,3.8642704987948906
1974_1983,1974,1983,1983,1992,0.06368112476697485,3.437391932507142
1974_1984,1974,1983,1984,1993,0.061549970699074974,3.302241671052676
1974_1985,1974,1983,1985,1994,0.05994046343654258,3.20353471795462
1974_1986,1974,1983,1986,1995,0.06196893803839232,3.328405887170837
1974_1987,1974,1983,1987,1996,0.059885712752135944,3.2002268024391904
1974_1988,1974,1983,1988,1997,0.06892579844736457,3.7927234534888554
1974_1989,1974,1983,1989,1998,0.07444527469680295,4.204225525851069
1974_1990,1974,1983,1990,1999,0.07116432486917179,3.9547770143415346
1974_1991,1974,1983,1991,2000,0.07027353269774239,3.88951735545591
1974_1992,1974,1983,1992,2001,0.055763424219840374,2.9602762799897135
1974_1993,1974,1983,1993,2002,0.04630829236649059,2.4728247875325056
1974_1994,1974,1983,1994,2003,0.052516323242228546,2.783407535937636
1974_1995,1974,1983,1995,2004,0.05676566929185234,3.0169903552351074
1974_1996,1974,1983,1996,2005,0.04556764966280902,2.4380507987030353
1974_1997,1974,1983,1997,2006,0.04503506682090408,2.4133331274131815
1974_1998,1974,1983,1998,2007,0.03674126204594397,2.0578213742235696
1974_1999,1974,1983,1999,2008,0.011814517607955599,1.2647891411098915
1974_2000,1974,1983,2000,2009,0.015529607058645034,1.3609801454302615
1974_2001,1974,1983,2001,2010,0.026480668747210112,1.686613212609667
1974_2002,1974,1983,2002,2011,0.03183855238340838,1.871694680338326
1974_2003,1974,1983,2003,2012,0.044976353204963404,2.410622789444927
1974_2004,1974,1983,2004,2013,0.043441818439983404,2.3408024461249632
1974_2005,1974,1983,2005,2014,0.045464597889870895,2.4332493810447002
1974_2006,1974,1983,2006,2015,0.04349210076990784,2.343059493854508
1974_2007,1974,1983,2007,2016,0.04213026411288712,2.2826544112039553
1974_2008,1974,1983,2008,2017,0.04786019690001053,2.5472224797670933
1974_2009,1974,1983,2009,2018,0.061139891867056706,3.2768218362052814
1974_2010,1974,1983,2010,2019,0.06242977428881158,3.357412194083399
1974_2011,1974,1983,2011,2020,0.06340920690773011,3.4198599530460077
1974_2012,1974,1983,2012,2021,0.06880197706863833,3.783946346385642
1974_2013,1974,1983,2013,2022,0.05102781558017422,2.705728378878408
1974_2014,1974,1983,2014,2023,0.050649885463461164,2.6863361114811193
1974_2015,1974,1983,2015,2024,0.053949590856338325,2.8602025650627487
1975_1970,1975,1984,1970,1979,0.039344082350651455,2.163649723839942
1975_1971,1975,1984,1971,1980,0.045955988539913006,2.456225386537003
1975_1972,1975,1984,1972,1981,0.03366490128538824,1.9390785215171173
1975_1973,1975,1984,1973,1982,0.033766170470383106,1.942881529128174
1975_1974,1975,1984,1974,1983,0.045501019999322656,2.4349453430672354
1975_1975,1975,1984,1975,1984,0.05920869989227162,3.15959039141729
1975_1976,1975,1984,1976,1985,0.06116577372440046,3.278420680811626
1975_1977,1975,1984,1977,1986,0.06254340018244031,3.3646009385617193
1975_1978,1975,1984,1978,1987,0.06800099214286282,3.7276327854165876
1975_1979,1975,1984,1979,1988,0.07207221758526328,4.022359016722407
1975_1980,1975,1984,1980,1989,0.07592027894842923,4.321175086203308
1975_1981,1975,1984,1981,1990,0.06672078906036383,3.6392775689744576
1975_1982,1975,1984,1982,1991,0.08395300662351901,5.014285832982865
1975_1983,1975,1984,1983,1992,0.0776271660309873,4.460367273708035
1975_1984,1975,1984,1984,1993,0.07546807016560808,4.2849959994801035
1975_1985,1975,1984,1985,1994,0.0738374604747487,4.156913641712747
1975_1986,1975,1984,1986,1995,0.07589253063220425,4.3189467434182705
1975_1987,1975,1984,1987,1996,0.07378199194804336,4.152621283320421
1975_1988,1975,1984,1988,1997,0.0829406032100044,4.921446230842766
1975_1989,1975,1984,1989,1998,0.08853244592504828,5.455412218040717
1975_1990,1975,1984,1990,1999,0.08520847920013863,5.131727285086105
1975_1991,1975,1984,1991,2000,0.0843060077536979,5.047046209287312
1975_1992,1975,1984,1992,2001,0.06960565563334864,3.8412609616994398
1975_1993,1975,1984,1993,2002,0.06002655649702904,3.208742841227079
1975_1994,1975,1984,1994,2003,0.06631598155448692,3.611755693402516
1975_1995,1975,1984,1995,2004,0.0706210412517192,3.9148532695159823
1975_1996,1975,1984,1996,2005,0.05927620314467008,3.1636200374279415
1975_1997,1975,1984,1997,2006,0.05873663755002401,3.131546333216062
1975_1998,1975,1984,1998,2007,0.05033409178029169,2.6702335063750042
1975_1999,1975,1984,1999,2008,0.025080530029844672,1.641193149898722
1975_2000,1975,1984,2000,2009,0.028844328430587263,1.7660108070411102
1975_2001,1975,1984,2001,2010,0.0399389707041955,2.188552985705274
1975_2002,1975,1984,2002,2011,0.045367102147314764,2.428715102169148
1975_2003,1975,1984,2003,2012,0.05867715413334906,3.1280293927531586
1975_2004,1975,1984,2004,2013,0.05712249991277729,3.0374303628787023
1975_2005,1975,1984,2005,2014,0.05917180024850133,3.157389707395422
1975_2006,1975,1984,2006,2015,0.05717344149990944,3.040359112938554
1975_2007,1975,1984,2007,2016,0.055793749651354974,2.961977345857476
1975_2008,1975,1984,2008,2017,0.061598808223103374,3.3052814490431865
1975_2009,1975,1984,2009,2018,0.07505261474451674,4.252011166303491
1975_2010,1975,1984,2010,2019,0.07635940895784188,4.356585390574096
1975_2011,1975,1984,2011,2020,0.0773516830265153,4.4376177388958284
1975_2012,1975,1984,2012,2021,0.08281515839544129,4.910057037509654
1975_2013,1975,1984,2013,2022,0.06480795790329497,3.5109590496681786
1975_2014,1975,1984,2014,2023,0.06442507270288256,3.4857956011699525
1975_2015,1975,1984,2015,2024,0.06776804089933552,3.7114050907999423
1976_1970,1976,1985,1970,1979,0.04126445281810809,2.2450232852769823
1976_1971,1976,1985,1971,1980,0.04788857566361959,2.548602542225524
1976_1972,1976,1985,1972,1981,0.035574778469838586,2.0120060954507943
1976_1973,1976,1985,1973,1982,0.035676234767412884,2.0159521318848963
1976_1974,1976,1985,1974,1983,0.04743276648886008,2.526522169152682
1976_1975,1976,1985,1975,1984,0.06116577372440046,3.278420680811625
1976_1976,1976,1985,1976,1985,0.06312646359365637,3.4017201057356488
1976_1977,1976,1985,1977,1986,0.06450663545817936,3.4911415510131962
1976_1978,1976,1985,1978,1987,0.06997431127687559,3.8678268067207764
1976_1979,1976,1985,1979,1988,0.07405305902227344,4.173637513866663
1976_1980,1976,1985,1980,1989,0.0779082303536629,4.48369187553523
1976_1981,1976,1985,1981,1990,0.06869174279466561,3.7761486038662824
1976_1982,1976,1985,1982,1991,0.08595579990187474,5.20287009955673
1976_1983,1976,1985,1983,1992,0.07961827120945197,4.628118997279391
1976_1984,1976,1985,1984,1993,0.07745518603580925,4.446152115176287
1976_1985,1976,1985,1985,1994,0.0758215635075774,4.3132526571667125
1976_1986,1976,1985,1986,1995,0.07788043076755713,4.481379726121734
1976_1987,1976,1985,1987,1996,0.07576599249304095,4.308798865763535
1976_1988,1976,1985,1988,1997,0.08494152589550308,5.106538855962245
1976_1989,1976,1985,1989,1998,0.09054370052063399,5.660586981958258
1976_1990,1976,1985,1990,1999,0.08721359218425828,5.324728453856606
1976_1991,1976,1985,1991,2000,0.08630945326354911,5.236862573859544
1976_1992,1976,1985,1992,2001,0.07158193966457849,3.9857284701960563
1976_1993,1976,1985,1993,2002,0.06198514146266687,3.329421724619929
1976_1994,1976,1985,1994,2003,0.0682861873359284,3.7475916471497177
1976_1995,1976,1985,1995,2004,0.07259920138595266,4.062088540333562
1976_1996,1976,1985,1996,2005,0.06123340170089597,3.2826018793788694
1976_1997,1976,1985,1997,2006,0.06069283916418722,3.249321902491961
1976_1998,1976,1985,1998,2007,0.052274768217546175,2.770659378404151
1976_1999,1976,1985,1999,2008,0.026974546082913164,1.7029174346301315
1976_2000,1976,1985,2000,2009,0.030745298761278628,1.8324294085928396
1976_2001,1976,1985,2001,2010,0.04186044033221403,2.27086314380445
1976_2002,1976,1985,2002,2011,0.04729860120013485,2.5200576126512413
1976_2003,1976,1985,2003,2012,0.06063324584146801,3.2456726920189576
1976_2004,1976,1985,2004,2013,0.059075719124575876,3.1516662872619627
1976_2005,1976,1985,2005,2014,0.06112880590206671,3.2761372303907033
1976_2006,1976,1985,2006,2015,0.059126754835224116,3.154705185845534
1976_2007,1976,1985,2007,2016,0.05774451376401535,3.0733755277685892
1976_2008,1976,1985,2008,2017,0.06356029819953934,3.429591091263408
1976_2009,1976,1985,2009,2018,0.07703896298796664,4.411926742313691
1976_2010,1976,1985,2010,2019,0.07834817173278052,4.520433940101061
1976_2011,1976,1985,2011,2020,0.07934227920181613,4.604513866180823
1976_2012,1976,1985,2012,2021,0.08481584929964514,5.094721321935536
1976_2013,1976,1985,2013,2022,0.06677537734657069,3.643004102424713
1976_2014,1976,1985,2014,2023,0.06639178469860174,3.6168942718019776
1976_2015,1976,1985,2015,2024,0.06974092961507194,3.850988798294868
1977_1970,1977,1986,1970,1979,0.042616242986560415,2.3040384954092694
1977_1971,1977,1986,1971,1980,0.04924896539975432,2.6155979785577417
1977_1972,1977,1986,1972,1981,0.03691918219018464,2.064895953337423
1977_1973,1977,1986,1973,1982,0.037020770200336894,2.068945719728749
1977_1974,1977,1986,1974,1983,0.048792564484482215,2.5929371759342414
1977_1975,1977,1986,1975,1984,0.06254340018244031,3.3646009385617206
1977_1976,1977,1986,1976,1985,0.06450663545817936,3.4911415510131976
1977_1977,1977,1986,1977,1986,0.06588859908919553,3.582913629096202
1977_1978,1977,1986,1978,1987,0.07136337315310315,3.969500857609634
1977_1979,1977,1986,1979,1988,0.07544741600973515,4.28335044936811
1977_1980,1977,1986,1980,1989,0.0793075922010229,4.6015552491307075
1977_1981,1977,1986,1981,1990,0.07007913961504708,3.8754126982787467
1977_1982,1977,1986,1982,1991,0.08736560926366388,5.339638601794539
1977_1983,1977,1986,1983,1992,0.08101985306577353,4.74977894483222
1977_1984,1977,1986,1984,1993,0.07885395973204878,4.563028676358534
1977_1985,1977,1986,1985,1994,0.07721821640264404,4.426635673541501
1977_1986,1977,1986,1986,1995,0.07927975652494323,4.599182319954082
1977_1987,1977,1986,1987,1996,0.07716257324471432,4.422064804762214
1977_1988,1977,1986,1988,1997,0.08635001850665658,5.2407750866551135
1977_1989,1977,1986,1989,1998,0.09195946598601767,5.809387545588557
1977_1990,1977,1986,1990,1999,0.08862503443693948,5.464700262016694
1977_1991,1977,1986,1991,2000,0.08771972174514797,5.374524640554816
1977_1992,1977,1986,1992,2001,0.07297308859586993,4.090501816976664
1977_1993,1977,1986,1993,2002,0.06336383164015857,3.4169426532383627
1977_1994,1977,1986,1994,2003,0.06967305765616816,3.8461050612407695
1977_1995,1977,1986,1995,2004,0.07399167094659043,4.1688691739046595
1977_1996,1977,1986,1996,2005,0.06261111595491653,3.3688920488228282
1977_1997,1977,1986,1997,2006,0.062069851649199315,3.334737236987857
1977_1998,1977,1986,1998,2007,0.05364085219586423,2.8434920507839125
1977_1999,1977,1986,1999,2008,0.02830778481096985,1.7476822399226675
1977_2000,1977,1986,2000,2009,0.032083432755263486,1.8805987114726308
1977_2001,1977,1986,2001,2010,0.043213004223479956,2.330557609555505
1977_2002,1977,1986,2002,2011,0.048658225019717394,2.586302684821054
1977_2003,1977,1986,2003,2012,0.06201018096124655,3.33099209925909
1977_2004,1977,1986,2004,2013,0.06045063223227354,3.234514536288771
1977_2005,1977,1986,2005,2014,0.06250638436774647,3.362257462791705
1977_2006,1977,1986,2006,2015,0.060501734198493695,3.2376333187825255
1977_2007,1977,1986,2007,2016,0.05911769867450656,3.1541657377304055
1977_2008,1977,1986,2008,2017,0.06494103327675371,3.5197451846512458
1977_2009,1977,1986,2009,2018,0.07843719633518864,4.527903616804674
1977_2010,1977,1986,2010,2019,0.07974810472076621,4.639263156979885
1977_2011,1977,1986,2011,2020,0.08074350275983844,4.725553302676543
1977_2012,1977,1986,2012,2021,0.08622417875494892,5.228646903621597
1977_2013,1977,1986,2013,2022,0.06816028630331195,3.738768210542127
1977_2014,1977,1986,2014,2023,0.06777619566775805,3.711972027510122
1977_2015,1977,1986,2015,2024,0.07112968851059653,3.9522202263334494
1978_1970,1978,1987,1970,1979,0.04797148214625224,2.5526383637106465
1978_1971,1978,1987,1971,1980,0.05463827252552811,2.8978143192544716
1978_1972,1978,1987,1972,1981,0.042245159266845356,2.2876929522063794
1978_1973,1978,1987,1973,1982,0.042347269068302884,2.2921796780467507
1978_1974,1978,1987,1974,1983,0.054179527376631675,2.8727084739118354
1978_1975,1978,1987,1975,1984,0.06800099214286259,3.727632785416585
1978_1976,1978,1987,1976,1985,0.06997431127687537,3.867826806720774
1978_1977,1978,1987,1977,1986,0.07136337315310315,3.9695008576096322
1978_1978,1978,1987,1978,1987,0.07686626755817616,4.397799860595113
1978_1979,1978,1987,1979,1988,0.08097128747744553,4.745513021618191
1978_1980,1978,1987,1980,1989,0.08485129087442078,5.098051306464246
1978_1981,1978,1987,1981,1990,0.07557543775061104,4.293559829207843
1978_1982,1978,1987,1982,1991,0.0929506967115159,5.915771967546866
1978_1983,1978,1987,1983,1992,0.08657234650569867,5.262267960314659
1978_1984,1978,1987,1984,1993,0.0843953283915242,5.055367814900851
1978_1985,1978,1987,1985,1994,0.0827511833162311,4.904258355477255
1978_1986,1978,1987,1986,1995,0.08482331222464046,5.095422344290789
1978_1987,1978,1987,1987,1996,0.08269525435571534,4.899194301632346
1978_1988,1978,1987,1988,1997,0.09192988952763193,5.806241331657313
1978_1989,1978,1987,1989,1998,0.09756814907759681,6.436205622466405
1978_1990,1978,1987,1990,1999,0.09421659072992239,6.054327461453974
1978_1991,1978,1987,1991,2000,0.09330662803770018,5.954422120777731
1978_1992,1978,1987,1992,2001,0.07848425105856549,4.531856514397337
1978_1993,1978,1987,1993,2002,0.06882563762151128,3.7856220374070406
1978_1994,1978,1987,1994,2003,0.07516727001374557,4.261089972995848
1978_1995,1978,1987,1995,2004,0.07950806520202724,4.618679508959098
1978_1996,1978,1987,1996,2005,0.06806905572706623,3.73238689551381
1978_1997,1978,1987,1997,2006,0.06752501129987576,3.6945468667256702
1978_1998,1978,1987,1998,2007,0.05905271757767294,3.150297579749403
1978_1999,1978,1987,1999,2008,0.033589530759662756,1.9362526893935015
1978_2000,1978,1987,2000,2009,0.03738457174320797,2.083510508706639
1978_2001,1978,1987,2001,2010,0.048571308556159876,2.582018822533787
1978_2002,1978,1987,2002,2011,0.05404449789771526,2.8653581381544417
1978_2003,1978,1987,2003,2012,0.06746503412254401,3.690397638202415
1978_2004,1978,1987,2004,2013,0.06589747500961507,3.5835103926264256
1978_2005,1978,1987,2005,2014,0.06796378620208765,3.7250364545970776
1978_2006,1978,1987,2006,2015,0.06594883945328323,3.586965683784749
1978_2007,1978,1987,2007,2016,0.06455769504212272,3.4944921639437
1978_2008,1978,1987,2008,2017,0.07041094031352713,3.899516699364274
1978_2009,1978,1987,2009,2018,0.08397642435310204,5.016452851143324
1978_2010,1978,1987,2010,2019,0.08529406601947032,5.1398278012506236
1978_2011,1978,1987,2011,2020,0.08629457676860652,5.2354284332514975
1978_2012,1978,1987,2012,2021,0.0918034034192512,5.792804548654276
1978_2013,1978,1987,2013,2022,0.07364672854178478,4.142171750284222
1978_2014,1978,1987,2014,2023,0.07326066508331919,4.112484327550273
1978_2015,1978,1987,2015,2024,0.07663138263017921,4.378654693345254
1979_1970,1979,1988,1970,1979,0.05196635499039037,2.7544633631490014
1979_1971,1979,1988,1971,1980,0.058658559209925576,3.1269307431359263
1979_1972,1979,1988,1972,1981,0.04621820333781779,2.4685699755082657
1979_1973,1979,1988,1973,1982,0.04632070238237973,2.4734114454647993
1979_1974,1979,1988,1974,1983,0.058198065322090375,3.099839897765785
1979_1975,1979,1988,1975,1984,0.07207221758526328,4.022359016722407
1979_1976,1979,1988,1976,1985,0.07405305902227344,4.173637513866664
1979_1977,1979,1988,1977,1986,0.07544741600973515,4.283350449368109
1979_1978,1979,1988,1978,1987,0.08097128747744553,4.745513021618193
1979_1979,1979,1988,1979,1988,0.08509195575440343,5.120718211878886
1979_1980,1979,1988,1980,1989,0.08898674974489174,5.50113002560101
1979_1981,1979,1988,1981,1990,0.07967553701981256,4.6330312257196296
1979_1982,1979,1988,1982,1991,0.09711703055996446,6.383503978082037
1979_1983,1979,1988,1983,1992,0.09071436604935745,5.678330510824606
1979_1984,1979,1988,1984,1993,0.0885290491305939,5.455071752954922
1979_1985,1979,1988,1985,1994,0.08687863656555983,5.29201478580878
1979_1986,1979,1988,1986,1995,0.08895866444035017,5.498293203866746
1979_1987,1979,1988,1987,1996,0.08682249440355005,5.286550341262654
1979_1988,1979,1988,1988,1997,0.09609233205368528,6.265313274694806
1979_1989,1979,1988,1989,1998,0.10175208467893704,6.945085851881727
1979_1990,1979,1988,1990,1999,0.09838775017307833,6.5330143972451165
1979_1991,1979,1988,1991,2000,0.09747431869825052,6.425210015477696
1979_1992,1979,1988,1992,2001,0.08259543873951336,4.890168898742834
1979_1993,1979,1988,1993,2002,0.07290000661684704,4.084933203624437
1979_1994,1979,1988,1994,2003,0.07926581334537075,4.597994132093626
1979_1995,1979,1988,1995,2004,0.08362315566791612,4.983856575383254
1979_1996,1979,1988,1996,2005,0.07214054062821051,4.027489011739855
1979_1997,1979,1988,1997,2006,0.07159442230078006,3.986657151481388
1979_1998,1979,1988,1998,2007,0.06308983215000552,3.3993766566380423
1979_1999,1979,1988,1999,2008,0.037529579528891466,2.0893429992097703
1979_2000,1979,1988,2000,2009,0.04133908722877955,2.2482437953435515
1979_2001,1979,1988,2001,2010,0.05256846794175152,2.7861667953982954
1979_2002,1979,1988,2002,2011,0.0580625211100847,3.091908405848084
1979_2003,1979,1988,2003,2012,0.07153421649013048,3.9821798631529197
1979_2004,1979,1988,2004,2013,0.0699606818335552,3.866841550404617
1979_2005,1979,1988,2005,2014,0.07203486981524487,4.019557406348366
1979_2006,1979,1988,2006,2015,0.07001224207875478,3.870570035034451
1979_2007,1979,1988,2007,2016,0.06861579461772593,3.7707850729008663
1979_2008,1979,1988,2008,2017,0.07449135249112682,4.207832975906869
1979_2009,1979,1988,2009,2018,0.08810854822775704,5.413079967721167
1979_2010,1979,1988,2010,2019,0.08943121275114096,5.546209589539941
1979_2011,1979,1988,2011,2020,0.09043553745255539,5.6493689097491355
1979_2012,1979,1988,2012,2021,0.09596536377958875,6.250814109036789
1979_2013,1979,1988,2013,2022,0.07773947556126015,4.469673609952052
1979_2014,1979,1988,2014,2023,0.07735194042684457,4.437638943612511
1979_2015,1979,1988,2015,2024,0.08073550716685807,4.724854136865541
1980_1970,1980,1989,1970,1979,0.055742249020278356,2.959089034871364
1980_1971,1980,1989,1971,1980,0.062458474021314325,3.359226555200022
1980_1972,1980,1989,1972,1981,0.04997346513797263,2.6519569815545365
1980_1973,1980,1989,1973,1982,0.05007633208929185,2.657158118317764
1980_1974,1980,1989,1974,1983,0.061996327251603534,3.3301231644805562
1980_1975,1980,1989,1975,1984,0.07592027894842923,4.321175086203308
1980_1976,1980,1989,1976,1985,0.0779082303536629,4.483691875535231
1980_1977,1980,1989,1977,1986,0.0793075922010229,4.601555249130707
1980_1978,1980,1989,1978,1987,0.08485129087442078,5.098051306464248
1980_1979,1980,1989,1979,1988,0.08898674974489174,5.501130025601009
1980_1980,1980,1989,1980,1989,0.09289552358303088,5.909802161807519
1980_1981,1980,1989,1981,1990,0.0835508894919803,4.977213377262113
1980_1982,1980,1989,1982,1991,0.10105498696525061,6.857726582358787
1980_1983,1980,1989,1983,1992,0.09462934093761488,6.100166651607655
1980_1984,1980,1989,1984,1993,0.09243618011294297,5.8603222771317816
1980_1985,1980,1989,1985,1994,0.09077984361039748,5.685152009849696
1980_1986,1980,1989,1986,1995,0.09286733747000486,5.906754596100146
1980_1987,1980,1989,1987,1996,0.09072349993352624,5.679281618486193
1980_1988,1980,1989,1988,1997,0.10002661043927619,6.730755638001387
1980_1989,1980,1989,1989,1998,0.1057066779976501,7.461027678018806
1980_1990,1980,1989,1990,1999,0.1023302676582678,7.018343945386158
1980_1991,1980,1989,1991,2000,0.10141355754203074,6.902530909617779
1980_1992,1980,1989,1992,2001,0.0864812718125283,5.253453489537709
1980_1993,1980,1989,1993,2002,0.07675103921920479,4.388397831949362
1980_1994,1980,1989,1994,2003,0.08313969516862585,4.9395734213456395
1980_1995,1980,1989,1995,2004,0.08751267759485293,5.354101107639373
1980_1996,1980,1989,1996,2005,0.07598884722789823,4.326686182196874
1980_1997,1980,1989,1997,2006,0.07544076868099658,4.28282097361189
1980_1998,1980,1989,1998,2007,0.06690565242924507,3.6519121381797697
1980_1999,1980,1989,1999,2008,0.04125365466360553,2.2445577028763846
1980_2000,1980,1989,2000,2009,0.04507683608728952,2.415263042349206
1980_2001,1980,1989,2001,2010,0.056346523176403984,2.9931476758363402
1980_2002,1980,1989,2002,2011,0.06186029652158487,3.3216024518517964
1980_2003,1980,1989,2003,2012,0.0753803467695564,4.2780110730788214
1980_2004,1980,1989,2004,2013,0.0738011641185492,4.154104419928101
1980_2005,1980,1989,2005,2014,0.0758827971235323,4.3181653476644986
1980_2006,1980,1989,2006,2015,0.07385290943242606,4.15810988906319
1980_2007,1980,1989,2007,2016,0.07245144960802063,4.050912025680838
1980_2008,1980,1989,2008,2017,0.07834809701892564,4.520427676097797
1980_2009,1980,1989,2009,2018,0.09201416987775812,5.8152109741817135
1980_2010,1980,1989,2010,2019,0.09334158193042752,5.958230630718419
1980_2011,1980,1989,2011,2020,0.0943495115224604,6.069053529058526
1980_2012,1980,1989,2012,2021,0.09989918642936102,6.7151793472845025
1980_2013,1980,1989,2013,2022,0.08160787879701159,4.801720126544868
1980_2014,1980,1989,2014,2023,0.08121895265651169,4.767305644519329
1980_2015,1980,1989,2015,2024,0.08461466426160835,5.075857698750273
1981_1970,1981,1990,1970,1979,0.04671528825534321,2.492133767869957
1981_1971,1981,1990,1971,1980,0.053374087213584165,2.829128097696246
1981_1972,1981,1990,1972,1981,0.040995829467126876,2.233468296082496
1981_1973,1981,1990,1973,1982,0.04109781687049341,2.237848674099581
1981_1974,1981,1990,1974,1983,0.052915891958328354,2.8046173303902378
1981_1975,1981,1990,1975,1984,0.06672078906036383,3.6392775689744585
1981_1976,1981,1990,1976,1985,0.06869174279466561,3.7761486038662833
1981_1977,1981,1990,1977,1986,0.07007913961504686,3.8754126982787445
1981_1978,1981,1990,1978,1987,0.07557543775061104,4.293559829207844
1981_1979,1981,1990,1979,1988,0.07967553701981256,4.6330312257196296
1981_1980,1981,1990,1980,1989,0.0835508894919803,4.977213377262112
1981_1981,1981,1990,1981,1990,0.07428615524900439,4.191790575138335
1981_1982,1981,1990,1982,1991,0.09164058664491193,5.77555179493229
1981_1983,1981,1990,1983,1992,0.08526988210951503,5.137537641805534
1981_1984,1981,1990,1984,1993,0.08309547356716784,4.9355416026120205
1981_1985,1981,1990,1985,1994,0.08145329931363321,4.788013855702076
1981_1986,1981,1990,1986,1995,0.083522944379953,4.974646728770077
1981_1987,1981,1990,1987,1996,0.081397437394654,4.783069833952412
1981_1988,1981,1990,1988,1997,0.09062100309332144,5.668617338333497
1981_1989,1981,1990,1989,1998,0.09625250411280839,6.283649731482764
1981_1990,1981,1990,1990,1999,0.09290496324766395,5.910823140062373
1981_1991,1981,1990,1991,2000,0.09199609131945041,5.81328583253406
1981_1992,1981,1990,1992,2001,0.07719148178888369,4.424438969197938
1981_1993,1981,1990,1993,2002,0.06754444604397203,3.6958923151576384
1981_1994,1981,1990,1994,2003,0.0738784767790952,4.1600903444067985
1981_1995,1981,1990,1995,2004,0.07821406869563696,4.50920401843132
1981_1996,1981,1990,1996,2005,0.06678877105736758,3.643918993501291
1981_1997,1981,1990,1997,2006,0.06624537877128711,3.606975878150236
1981_1998,1981,1990,1998,2007,0.05778324071056673,3.0756268059530063
1981_1999,1981,1990,1999,2008,0.03235057638316707,1.8903581404112852
1981_2000,1981,1990,2000,2009,0.036141068285577393,2.034125541744114
1981_2001,1981,1990,2001,2010,0.047314395658784925,2.520817828483315
1981_2002,1981,1990,2002,2011,0.05278102433802112,2.797441217938666
1981_2003,1981,1990,2003,2012,0.0661854734880527,3.6029249978295375
1981_2004,1981,1990,2004,2013,0.06461979339398538,3.498571275876023
1981_2005,1981,1990,2005,2014,0.06668362771801184,3.6367427783829505
1981_2006,1981,1990,2006,2015,0.06467109626756162,3.5019446670684067
1981_2007,1981,1990,2007,2016,0.06328161940856303,3.411663025647541
1981_2008,1981,1990,2008,2017,0.0691278484480593,3.8070873583251146
1981_2009,1981,1990,2009,2018,0.08267707166520899,4.897549031226156
1981_2010,1981,1990,2010,2019,0.08399313388648766,5.017999653469695
1981_2011,1981,1990,2011,2020,0.08499244533248218,5.111334285835226
1981_2012,1981,1990,2012,2021,0.09049466860268907,5.655499044285477
1981_2013,1981,1990,2013,2022,0.07235975796637706,4.043990812781836
1981_2014,1981,1990,2014,2023,0.07197415727867007,4.0150070641521385
1981_2015,1981,1990,2015,2024,0.07534083437704253,4.274868455422513
1982_1970,1982,1991,1970,1979,0.06362432927045769,3.4337229874032276
1982_1971,1982,1991,1971,1980,0.07039069702602063,3.89804203474638
1982_1972,1982,1991,1972,1981,0.05781247614701046,3.0773273605010476
1982_1973,1982,1991,1973,1982,0.057916111094084455,3.0833627526957597
1982_1974,1982,1991,1974,1983,0.0699250999085288,3.8642704987948924
1982_1975,1982,1991,1975,1984,0.08395300662351901,5.014285832982865
1982_1976,1982,1991,1976,1985,0.08595579990187474,5.202870099556734
1982_1977,1982,1991,1977,1986,0.08736560926366388,5.33963860179454
1982_1978,1982,1991,1978,1987,0.0929506967115159,5.9157719675468705
1982_1979,1982,1991,1979,1988,0.09711703055996446,6.383503978082037
1982_1980,1982,1991,1980,1989,0.10105498696525061,6.857726582358786
1982_1981,1982,1991,1981,1990,0.09164058664491193,5.77555179493229
1982_1982,1982,1991,1982,1991,0.10927536819482997,7.95769682144599
1982_1983,1982,1991,1983,1992,0.10280174885013116,7.078625283583719
1982_1984,1982,1991,1984,1993,0.10059221407657404,6.800310189873482
1982_1985,1982,1991,1985,1994,0.09892351150906653,6.597042844285749
1982_1986,1982,1991,1986,1995,0.10102659041714435,6.854190191158081
1982_1987,1982,1991,1987,1996,0.09886674717518074,6.590230849941421
1982_1988,1982,1991,1988,1997,0.10823931389872499,7.810359906187794
1982_1989,1982,1991,1989,1998,0.11396178834984494,8.657766611871683
1982_1990,1982,1991,1990,1999,0.1105601700231178,8.144076996257846
1982_1991,1982,1991,1991,2000,0.10963661582849982,8.00968770331245
1982_1992,1982,1991,1992,2001,0.09459284694622228,6.096100454464191
1982_1993,1982,1991,1993,2002,0.08478996927856874,5.092291017897697
1982_1994,1982,1991,1994,2003,0.09122632238033068,5.731874440059844
1982_1995,1982,1991,1995,2004,0.09563195311484352,6.212891816883635
1982_1996,1982,1991,1996,2005,0.08402208682782764,5.02068090145694
1982_1997,1982,1991,1997,2006,0.0834699163739343,4.969779771652969
1982_1998,1982,1991,1998,2007,0.07487107768301415,4.237673996649399
1982_1999,1982,1991,1999,2008,0.04902756432239519,2.6045817784102825
1982_2000,1982,1991,2000,2009,0.052879289287668385,2.8026680276960456
1982_2001,1982,1991,2001,2010,0.0642331148851294,3.4732445891607204
1982_2002,1982,1991,2002,2011,0.06978805358485407,3.8543830751730814
1982_2003,1982,1991,2003,2012,0.08340904335773325,4.964198369460305
1982_2004,1982,1991,2004,2013,0.08181807066574165,4.820417253650008
1982_2005,1982,1991,2005,2014,0.08391524496256175,5.010793336378337
1982_2006,1982,1991,2006,2015,0.081870202305653,4.825065194716467
1982_2007,1982,1991,2007,2016,0.08045827930350358,4.700672936369803
1982_2008,1982,1991,2008,2017,0.08639895057358715,5.2454982737569145
1982_2009,1982,1991,2009,2018,0.10016705314950092,6.747963093822654
1982_2010,1982,1991,2010,2019,0.10150437554565972,6.913922913386497
1982_2011,1982,1991,2011,2020,0.10251983025278433,7.042521657485328
1982_2012,1982,1991,2012,2021,0.10811093855218101,7.792285199119922
1982_2013,1982,1991,2013,2022,0.08968306960027395,5.571909659795211
1982_2014,1982,1991,2014,2023,0.08929123977087317,5.531975140543477
1982_2015,1982,1991,2015,2024,0.09271230346489356,5.89001853462112
1983_1970,1983,1992,1970,1979,0.057417124791859564,3.0544061806866454
1983_1971,1983,1992,1971,1980,0.06414400470657466,3.467432791516422
1983_1972,1983,1992,1972,1981,0.051639189057987034,2.737380896593197
1983_1973,1983,1992,1973,1982,0.05174221920194588,2.7427495705631197
1983_1974,1983,1992,1974,1983,0.06368112476697485,3.4373919325071434
1983_1975,1983,1992,1975,1984,0.0776271660309873,4.460367273708034
1983_1976,1983,1992,1976,1985,0.07961827120945197,4.628118997279393
1983_1977,1983,1992,1977,1986,0.08101985306577353,4.749778944832219
1983_1978,1983,1992,1978,1987,0.08657234650569867,5.262267960314662
1983_1979,1983,1992,1979,1988,0.09071436604935745,5.678330510824603
1983_1980,1983,1992,1980,1989,0.09462934093761488,6.100166651607653
1983_1981,1983,1992,1981,1990,0.08526988210951503,5.137537641805533
1983_1982,1983,1992,1982,1991,0.10280174885013116,7.078625283583715
1983_1983,1983,1992,1983,1992,0.09636590889603425,6.296663096079819
1983_1984,1983,1992,1984,1993,0.09416926874491538,6.049092938112646
1983_1985,1983,1992,1985,1994,0.09251030455755349,5.868280147164572
1983_1986,1983,1992,1986,1995,0.09460111010890393,6.097020918774694
1983_1987,1983,1992,1987,1996,0.09245387149460393,5.862220660798186
1983_1988,1983,1992,1988,1997,0.10177174086256757,6.947564395370285
1983_1989,1983,1992,1989,1998,0.1074608195290443,7.70135970410415
1983_1990,1983,1992,1990,1999,0.10407905270432871,7.244416397191663
1983_1991,1983,1992,1991,2000,0.10316088827898873,7.124872832234215
1983_1992,1983,1992,1992,2001,0.08820491331699976,5.422675904407638
1983_1993,1983,1992,1993,2002,0.07845924425626438,4.52975537513716
1983_1994,1983,1992,1994,2003,0.08485803544946546,5.098685240733036
1983_1995,1983,1992,1995,2004,0.0892379553666589,5.526565548544171
1983_1996,1983,1992,1996,2005,0.07769584309017996,4.466055891207113
1983_1997,1983,1992,1997,2006,0.07714689504745209,4.420777711794405
1983_1998,1983,1992,1998,2007,0.06859823831322864,3.7695462605996806
1983_1999,1983,1992,1999,2008,0.04290554509413891,2.316858614182075
1983_2000,1983,1992,2000,2009,0.046734791780383755,2.493062654620711
1983_2001,1983,1992,2001,2010,0.05802235759498875,3.0895619067372233
1983_2002,1983,1992,2002,2011,0.06354487823184463,3.4285967536495825
1983_2003,1983,1992,2003,2012,0.07708637728004364,4.415812876419884
1983_2004,1983,1992,2004,2013,0.0755046893444713,4.287914985294681
1983_2005,1983,1992,2005,2014,0.0775896247432808,4.4572605865192205
1983_2006,1983,1992,2006,2015,0.07555651674938191,4.292049477207086
1983_2007,1983,1992,2007,2016,0.07415283358769242,4.181398593569281
1983_2008,1983,1992,2008,2017,0.0800588356984695,4.6660381186604925
1983_2009,1983,1992,2009,2018,0.09374658901419886,6.002528525576981
1983_2010,1983,1992,2010,2019,0.09507610693152202,6.1501550814992445
1983_2011,1983,1992,2011,2020,0.09608563554723237,6.264547768458848
1983_2012,1983,1992,2012,2021,0.10164411470161872,6.931486366599551
1983_2013,1983,1992,2013,2022,0.08332378893722758,4.956391463592331
1983_2014,1983,1992,2014,2023,0.08293424578725395,4.920868434252828
1983_2015,1983,1992,2015,2024,0.08633534449805724,5.2393594598354785
1984_1970,1984,1993,1970,1979,0.05529852105386368,2.9343140288420777
1984_1971,1984,1993,1971,1980,0.06201192322871796,3.3311013933079465
1984_1972,1984,1993,1972,1981,0.0495321617886868,2.6297534420756103
1984_1973,1984,1993,1973,1982,0.04963498550507506,2.6349110322631346
1984_1974,1984,1993,1974,1983,0.061549970699074974,3.302241671052677
1984_1975,1984,1993,1975,1984,0.07546807016560808,4.2849959994801035
1984_1976,1984,1993,1976,1985,0.07745518603580925,4.446152115176287
1984_1977,1984,1993,1977,1986,0.07885395973204878,4.563028676358532
1984_1978,1984,1993,1978,1987,0.0843953283915242,5.055367814900851
1984_1979,1984,1993,1979,1988,0.0885290491305939,5.455071752954919
1984_1980,1984,1993,1980,1989,0.09243618011294297,5.860322277131782
1984_1981,1984,1993,1981,1990,0.08309547356716784,4.93554160261202
1984_1982,1984,1993,1982,1991,0.10059221407657404,6.800310189873479
1984_1983,1984,1993,1983,1992,0.09416926874491538,6.049092938112646
1984_1984,1984,1993,1984,1993,0.09197702970469779,5.811256663343713
1984_1985,1984,1993,1985,1994,0.09032138935959844,5.63755301108298
1984_1986,1984,1993,1986,1995,0.09240800584652709,5.8573002272023675
1984_1987,1984,1993,1987,1996,0.09026506936394796,5.631731769636803
1984_1988,1984,1993,1988,1997,0.0995642697767658,6.674402311167341
1984_1989,1984,1993,1989,1998,0.10524195000543957,7.39856014036473
1984_1990,1984,1993,1990,1999,0.10186695876972096,6.959582782233079
1984_1991,1984,1993,1991,2000,0.10095063394631087,6.844739392401548
1984_1992,1984,1993,1992,2001,0.08602462424941648,5.209468891459019
1984_1993,1984,1993,1993,2002,0.07629848126823591,4.351655922035798
1984_1994,1984,1993,1994,2003,0.08268445206859232,4.898216787647299
1984_1995,1984,1993,1995,2004,0.08705559653238026,5.309273836252809
1984_1996,1984,1993,1996,2005,0.07553660962586184,4.290460953760845
1984_1997,1984,1993,1997,2006,0.07498876143611355,4.246963007125185
1984_1998,1984,1993,1998,2007,0.0664572324896735,3.6213364629717524
1984_1999,1984,1993,1999,2008,0.04081601624652542,2.2257651184132192
1984_2000,1984,1993,2000,2009,0.04463759078887075,2.395041225522691
1984_2001,1984,1993,2001,2010,0.05590254123384808,2.968087513454772
1984_2002,1984,1993,2002,2011,0.06141399714270768,3.2937922981856698
1984_2003,1984,1993,2003,2012,0.0749283649199739,4.242193377538108
1984_2004,1984,1993,2004,2013,0.07334984599868566,4.119324134226262
1984_2005,1984,1993,2005,2014,0.07543060409430447,4.28201146001086
1984_2006,1984,1993,2006,2015,0.07340156956403177,4.1232960675262325
1984_2007,1984,1993,2007,2016,0.07200069877252568,4.0169957194535995
1984_2008,1984,1993,2008,2017,0.07789486782532129,4.482580344837908
1984_2009,1984,1993,2009,2018,0.09155519684021463,5.766523055281972
1984_2010,1984,1993,2010,2019,0.0928820509822279,5.908345278145258
1984_2011,1984,1993,2011,2020,0.09388955694193157,6.01824031052993
1984_2012,1984,1993,2012,2021,0.0994368993231014,6.658956433118638
1984_2013,1984,1993,2013,2022,0.08115327951867224,4.761517671098551
1984_2014,1984,1993,2014,2023,0.08076451684364483,4.727391324708551
1984_2015,1984,1993,2015,2024,0.08415880123276476,5.033360023415602
1985_1970,1985,1994,1970,1979,0.053698492152108424,2.846604761601333
1985_1971,1985,1994,1971,1980,0.060401715560201685,3.2315317973342794
1985_1972,1985,1994,1972,1981,0.04794087576043893,2.551147762805726
1985_1973,1985,1994,1973,1982,0.048043543576942405,2.5561511880158045
1985_1974,1985,1994,1974,1983,0.05994046343654258,3.20353471795462
1985_1975,1985,1994,1975,1984,0.0738374604747487,4.156913641712746
1985_1976,1985,1994,1976,1985,0.0758215635075774,4.3132526571667125
1985_1977,1985,1994,1977,1986,0.07721821640264404,4.4266356735415
1985_1978,1985,1994,1978,1987,0.0827511833162311,4.904258355477256
1985_1979,1985,1994,1979,1988,0.08687863656555983,5.292014785808781
1985_1980,1985,1994,1980,1989,0.09077984361039748,5.685152009849694
1985_1981,1985,1994,1981,1990,0.08145329931363321,4.788013855702075
1985_1982,1985,1994,1982,1991,0.09892351150906653,6.597042844285745
1985_1983,1985,1994,1983,1992,0.09251030455755349,5.8682801471645725
1985_1984,1985,1994,1984,1993,0.09032138935959844,5.637553011082979
1985_1985,1985,1994,1985,1994,0.0886682592733028,5.469041516139793
1985_1986,1985,1994,1986,1995,0.0907517120614112,5.682220291691953
1985_1987,1985,1994,1987,1996,0.08861202466924434,5.463394276799956
1985_1988,1985,1994,1988,1997,0.09789712576407128,6.474898464534596
1985_1989,1985,1994,1989,1998,0.1035661975731561,7.177410569402127
1985_1990,1985,1994,1990,1999,0.10019632345208573,6.751554636598017
1985_1991,1985,1994,1991,2000,0.09928138794759511,6.640144018266248
1985_1992,1985,1994,1992,2001,0.0843780088584638,5.053753213214576
1985_1993,1985,1994,1993,2002,0.07466661251964268,4.22158103964285
1985_1994,1985,1994,1994,2003,0.08104290100012213,4.751804712795041
1985_1995,1985,1994,1995,2004,0.08540741799562879,5.1505748990630655
1985_1996,1985,1994,1996,2005,0.07390589601642872,4.162215243628759
1985_1997,1985,1994,1997,2006,0.07335887846646605,4.120017489470247
1985_1998,1985,1994,1998,2007,0.06484028490524452,3.5130914815289236
1985_1999,1985,1994,1999,2008,0.03923794551660409,2.1592350109785112
1985_2000,1985,1994,2000,2009,0.04305372584091938,2.3234513040496765
1985_2001,1985,1994,2001,2010,0.05430159652511879,2.8793687265926002
1985_2002,1985,1994,2002,2011,0.059804696041385164,3.195337904389557
1985_2003,1985,1994,2003,2012,0.07329857352268188,4.115390428371744
1985_2004,1985,1994,2004,2013,0.07172244792977023,3.996193856488852
1985_2005,1985,1994,2005,2014,0.07380005120898003,4.15401831279402
1985_2006,1985,1994,2006,2015,0.07177409307256788,4.00004706515477
1985_2007,1985,1994,2007,2016,0.07037534626182107,3.8969241294331134
1985_2008,1985,1994,2008,2017,0.07626057865769131,4.348592014506185
1985_2009,1985,1994,2009,2018,0.08990019607222188,5.5941565305221
1985_2010,1985,1994,2010,2019,0.09122503845648766,5.731739560468907
1985_2011,1985,1994,2011,2020,0.0922310168497047,5.838349732177755
1985_2012,1985,1994,2012,2021,0.09776994842771258,6.459914277576971
1985_2013,1985,1994,2013,2022,0.07951404999267053,4.619191654939089
1985_2014,1985,1994,2014,2023,0.0791258767541898,4.586085375524215
1985_2015,1985,1994,2015,2024,0.08251501477665135,4.882908396536781
1986_1970,1986,1995,1970,1979,0.05571502110167592,2.957563092374336
1986_1971,1986,1995,1971,1980,0.06243107288919525,3.3574942698590533
1986_1972,1986,1995,1972,1981,0.04994638599808776,2.6505894208590797
1986_1973,1986,1995,1973,1982,0.050049250296436476,2.6557878755010442
1986_1974,1986,1995,1974,1983,0.06196893803839232,3.3284058871708364
1986_1975,1986,1995,1975,1984,0.07589253063220425,4.31894674341827
1986_1976,1986,1995,1976,1985,0.07788043076755713,4.481379726121735
1986_1977,1986,1995,1977,1986,0.07927975652494301,4.599182319954081
1986_1978,1986,1995,1978,1987,0.08482331222464046,5.095422344290791
1986_1979,1986,1995,1979,1988,0.08895866444035017,5.498293203866743
1986_1980,1986,1995,1980,1989,0.09286733747000486,5.906754596100145
1986_1981,1986,1995,1981,1990,0.083522944379953,4.974646728770078
1986_1982,1986,1995,1982,1991,0.10102659041714435,6.85419019115808
1986_1983,1986,1995,1983,1992,0.09460111010890393,6.097020918774692
1986_1984,1986,1995,1984,1993,0.09240800584652709,5.857300227202367
1986_1985,1986,1995,1985,1994,0.09075171206141142,5.682220291691956
1986_1986,1986,1995,1986,1995,0.09283915208390758,5.903708601960903
1986_1987,1986,1995,1987,1996,0.09069536983766091,5.676352927570807
1986_1988,1986,1995,1988,1997,0.09999824041331817,6.727284723154247
1986_1989,1986,1995,1989,1998,0.10567816148099585,7.457180176618466
1986_1990,1986,1995,1990,1999,0.10230183822027872,7.014724727052802
1986_1991,1986,1995,1991,2000,0.10138515174627871,6.8989714137297105
1986_1992,1986,1995,1992,2001,0.08645325112503599,5.250744389594659
1986_1993,1986,1995,1993,2002,0.07672326947741581,4.386134823750985
1986_1994,1986,1995,1994,2003,0.08311176066142711,4.937026183019248
1986_1995,1986,1995,1995,2004,0.08748463030708731,5.351340105750866
1986_1996,1986,1995,1996,2005,0.07596109714327626,4.324454997450852
1986_1997,1986,1995,1997,2006,0.07541303273148947,4.280612409268678
1986_1998,1986,1995,1998,2007,0.06687813660302155,3.6500289207904335
1986_1999,1986,1995,1999,2008,0.04122680041032534,2.243400229767096
1986_2000,1986,1995,2000,2009,0.04504988323297998,2.414017539941406
1986_2001,1986,1995,2001,2010,0.05631927967338446,2.991604169985513
1986_2002,1986,1995,2002,2011,0.06183291081664799,3.319889568501621
1986_2003,1986,1995,2003,2012,0.075352612378349,4.275804989104245
1986_2004,1986,1995,2004,2013,0.07377347045494975,4.1519622321139575
1986_2005,1986,1995,2005,2014,0.07585504977397517,4.315938556940885
1986_2006,1986,1995,2006,2015,0.07382521443429924,4.15596563570945
1986_2007,1986,1995,2007,2016,0.07242379075397554,4.048823052101851
1986_2008,1986,1995,2008,2017,0.07832028608852282,4.518096582773325
1986_2009,1986,1995,2009,2018,0.09198600649511635,5.812212187240824
1986_2010,1986,1995,2010,2019,0.09331338431341907,5.955158091426977
1986_2011,1986,1995,2011,2020,0.09432128791063654,6.0659238406349605
1986_2012,1986,1995,2012,2021,0.09987081968970757,6.711716464816132
1986_2013,1986,1995,2013,2022,0.08157998379582998,4.799243976380548
1986_2014,1986,1995,2014,2023,0.08119106768585538,4.76484724120886
1986_2015,1986,1995,2015,2024,0.08458669171450128,5.073240181372417
1987_1970,1987,1996,1970,1979,0.05364406389354692,2.8436654058938946
1987_1971,1987,1996,1971,1980,0.06034694105005167,3.228194972510409
1987_1972,1987,1996,1972,1981,0.047886744908617995,2.5485134909748526
1987_1973,1987,1996,1973,1982,0.047989407421867414,2.5535117497330773
1987_1974,1987,1996,1974,1983,0.059885712752135944,3.2002268024391913
1987_1975,1987,1996,1975,1984,0.07378199194804336,4.152621283320421
1987_1976,1987,1996,1976,1985,0.07576599249304095,4.308798865763535
1987_1977,1987,1996,1977,1986,0.07716257324471432,4.422064804762212
1987_1978,1987,1996,1978,1987,0.08269525435571534,4.899194301632348
1987_1979,1987,1996,1979,1988,0.08682249440355005,5.286550341262651
1987_1980,1987,1996,1980,1989,0.09072349993352624,5.6792816184861925
1987_1981,1987,1996,1981,1990,0.081397437394654,4.783069833952412
1987_1982,1987,1996,1982,1991,0.09886674717518074,6.590230849941418
1987_1983,1987,1996,1983,1992,0.09245387149460393,5.862220660798186
1987_1984,1987,1996,1984,1993,0.09026506936394796,5.631731769636805
1987_1985,1987,1996,1985,1994,0.08861202466924434,5.463394276799958
1987_1986,1987,1996,1986,1995,0.09069536983766091,5.67635292757081
1987_1987,1987,1996,1987,1996,0.08855579296995564,5.457752868703504
1987_1988,1987,1996,1988,1997,0.09784041444761793,6.468212594401327
1987_1989,1987,1996,1989,1998,0.1035091934236878,7.1699992972064255
1987_1990,1987,1996,1990,1999,0.10013949337174766,6.744583096002407
1987_1991,1987,1996,1991,2000,0.0992246051277843,6.633287518382043
1987_1992,1987,1996,1992,2001,0.0843219958651038,5.048534793519779
1987_1993,1987,1996,1993,2002,0.07461110116351088,4.217221906794248
1987_1994,1987,1996,1994,2003,0.08098706028005886,4.746898079991079
1987_1995,1987,1996,1995,2004,0.08535135182866438,5.145256502940652
1987_1996,1987,1996,1996,2005,0.07385042395472019,4.15791741089238
1987_1997,1987,1996,1997,2006,0.07330343466067002,4.115763229417789
1987_1998,1987,1996,1998,2007,0.06478528112305737,3.509463922959404
1987_1999,1987,1996,1999,2008,0.03918426421020893,2.1570054215958083
1987_2000,1987,1996,2000,2009,0.04299984743233631,2.321052147713104
1987_2001,1987,1996,2001,2010,0.05424713711350848,2.8763955393716367
1987_2002,1987,1996,2002,2011,0.059749952369974046,3.192038452764535
1987_2003,1987,1996,2003,2012,0.0732431328319072,4.111140946143953
1987_2004,1987,1996,2004,2013,0.07166708865295957,3.9920674546158037
1987_2005,1987,1996,2005,2014,0.07374458461463096,4.149728944069138
1987_2006,1987,1996,2006,2015,0.07171873112805383,3.9959166845239293
1987_2007,1987,1996,2007,2016,0.07032005656886064,3.8929002317934374
1987_2008,1987,1996,2008,2017,0.0762049849660511,4.3441017322831055
1987_2009,1987,1996,2009,2018,0.08984389783309599,5.588380099544362
1987_2010,1987,1996,2010,2019,0.09116867178330379,5.725821063592251
1987_2011,1987,1996,2011,2020,0.09217459821321938,5.832321151449309
1987_2012,1987,1996,2012,2021,0.09771324368053969,6.453243879860546
1987_2013,1987,1996,2013,2022,0.07945828824462686,4.614421956125316
1987_2014,1987,1996,2014,2023,0.07907013505703664,4.581349861692023
1987_2015,1987,1996,2015,2024,0.08245909801530105,4.877866388296697
1988_1970,1988,1997,1970,1979,0.06263091267852916,3.3701475378520813
1988_1971,1988,1997,1971,1980,0.06939096070088335,3.825869708779081
1988_1972,1988,1997,1972,1981,0.05682448777928095,3.0203505830855084
1988_1973,1988,1997,1973,1982,0.05692802593214541,3.02627422987344
1988_1974,1988,1997,1974,1983,0.06892579844736457,3.792723453488855
1988_1975,1988,1997,1975,1984,0.0829406032100044,4.921446230842765
1988_1976,1988,1997,1976,1985,0.08494152589550308,5.1065388559622455
1988_1977,1988,1997,1977,1986,0.08635001850665658,5.240775086655112
1988_1978,1988,1997,1978,1987,0.09192988952763193,5.806241331657314
1988_1979,1988,1997,1979,1988,0.09609233205368528,6.265313274694805
1988_1980,1988,1997,1980,1989,0.10002661043927619,6.730755638001385
1988_1981,1988,1997,1981,1990,0.09062100309332144,5.668617338333496
1988_1982,1988,1997,1982,1991,0.10823931389872499,7.8103599061877915
1988_1983,1988,1997,1983,1992,0.10177174086256757,6.947564395370284
1988_1984,1988,1997,1984,1993,0.0995642697767658,6.674402311167341
1988_1985,1988,1997,1985,1994,0.09789712576407128,6.474898464534598
1988_1986,1988,1997,1986,1995,0.09999824041331817,6.727284723154246
1988_1987,1988,1997,1987,1996,0.09784041444761793,6.468212594401327
1988_1988,1988,1997,1988,1997,0.10720422726902212,7.665750936852251
1988_1989,1988,1997,1989,1998,0.11292135697490613,8.497467890490288
1988_1990,1988,1997,1990,1999,0.10952291573241091,7.993289248348163
1988_1991,1988,1997,1991,2000,0.10860022413000281,7.861388175840235
1988_1992,1988,1997,1992,2001,0.09357050600719119,5.983231033045139
1988_1993,1988,1997,1993,2002,0.08377678414864786,4.9980071482041355
1988_1994,1988,1997,1994,2003,0.09020712574824019,5.625748670557069
1988_1995,1988,1997,1995,2004,0.09460864165898575,6.097860001061554
1988_1996,1988,1997,1996,2005,0.08300961889395642,4.927722894496581
1988_1997,1988,1997,1997,2006,0.08245796416283802,4.877764200125467
1988_1998,1988,1997,1998,2007,0.07386715671828159,4.15921337813808
1988_1999,1988,1997,1999,2008,0.04804778099184359,2.5563578948696986
1988_2000,1988,1997,2000,2009,0.05189590847689507,2.7507765733017737
1988_2001,1988,1997,2001,2010,0.06323912969231982,3.408937396365308
1988_2002,1988,1997,2002,2011,0.06878888012385675,3.7830190957124743
1988_2003,1988,1997,2003,2012,0.08239714800154552,4.872286137705647
1988_2004,1988,1997,2004,2013,0.0808076612652866,4.731167132120354
1988_2005,1988,1997,2005,2014,0.08290287681813568,4.918018397882482
1988_2006,1988,1997,2006,2015,0.08085974421466458,4.735729016465327
1988_2007,1988,1997,2007,2016,0.07944913993727387,4.613639883261281
1988_2008,1988,1997,2008,2017,0.08538426266804278,5.148377768667463
1988_2009,1988,1997,2009,2018,0.09913950594658805,6.623024422643253
1988_2010,1988,1997,2010,2019,0.10047557929435591,6.785911492840039
1988_2011,1988,1997,2011,2020,0.10149008557492922,6.9121292286287055
1988_2012,1988,1997,2012,2021,0.10707597182402218,7.648010883346001
1988_2013,1988,1997,2013,2022,0.08866531435390135,5.468745641387382
1988_2014,1988,1997,2014,2023,0.08827385049041836,5.42955051055555
1988_2015,1988,1997,2015,2024,0.09169171893838968,5.780964724055488
1989_1970,1989,1998,1970,1979,0.06811788482661241,3.735801061764254
1989_1971,1989,1998,1971,1980,0.07491283884951261,4.240968076233791
1989_1972,1989,1998,1972,1981,0.06228147802930151,3.3480519141848806
1989_1973,1989,1998,1973,1982,0.0623855508089628,3.354618263494911
1989_1974,1989,1998,1974,1983,0.07444527469680295,4.2042255258510695
1989_1975,1989,1998,1975,1984,0.08853244592504828,5.455412218040718
1989_1976,1989,1998,1976,1985,0.09054370052063399,5.66058698195826
1989_1977,1989,1998,1977,1986,0.09195946598601767,5.809387545588556
1989_1978,1989,1998,1978,1987,0.09756814907759703,6.436205622466408
1989_1979,1989,1998,1979,1988,0.10175208467893704,6.945085851881725
1989_1980,1989,1998,1980,1989,0.1057066779976501,7.461027678018807
1989_1981,1989,1998,1981,1990,0.09625250411280839,6.2836497314827655
1989_1982,1989,1998,1982,1991,0.11396178834984494,8.657766611871685
1989_1983,1989,1998,1983,1992,0.1074608195290443,7.7013597041041475
1989_1984,1989,1998,1984,1993,0.10524195000543957,7.3985601403647285
1989_1985,1989,1998,1985,1994,0.1035661975731561,7.1774105694021255
1989_1986,1989,1998,1986,1995,0.10567816148099607,7.4571801766184675
1989_1987,1989,1998,1987,1996,0.10350919342368803,7.169999297206427
1989_1988,1989,1998,1988,1997,0.11292135697490613,8.497467890490288
1989_1989,1989,1998,1989,1998,0.11866800749661532,9.41942428663922
1989_1990,1989,1998,1990,1999,0.11525201815513109,8.860543381432961
1989_1991,1989,1998,1991,2000,0.11432456216740028,8.714331335465086
1989_1992,1989,1998,1992,2001,0.09921723699989471,6.6323983134212305
1989_1993,1989,1998,1993,2002,0.08937294454489786,5.540279824920187
1989_1994,1989,1998,1994,2003,0.09583648968189817,6.236129908449243
1989_1995,1989,1998,1995,2004,0.100260733140773,6.759464269915704
1989_1996,1989,1998,1996,2005,0.08860181797651312,5.462369885762648
1989_1997,1989,1998,1997,2006,0.08804731473599325,5.40699078399344
1989_1998,1989,1998,1998,2007,0.07941214803121266,4.610478793475987
1989_1999,1989,1998,1999,2008,0.053459452076837,2.833717049666688
1989_2000,1989,1998,2000,2009,0.05732744964855807,3.0492297229712664
1989_2001,1989,1998,2001,2010,0.0687292424132726,3.778799533787159
1989_2002,1989,1998,2002,2011,0.07430764938555501,4.1934682668060095
1989_2003,1989,1998,2003,2012,0.08798618454602058,5.400918363965969
1989_2004,1989,1998,2004,2013,0.08638849037917828,5.2444882596517095
1989_2005,1989,1998,2005,2014,0.08849452473020603,5.4516124728162865
1989_2006,1989,1998,2006,2015,0.08644084226266036,5.249545098317727
1989_2007,1989,1998,2007,2016,0.08502295422729711,5.114209565279242
1989_2008,1989,1998,2008,2017,0.09098872339675967,5.706965323782083
1989_2009,1989,1998,2009,2018,0.1048149928762736,7.341607865028493
1989_2010,1989,1998,2010,2019,0.10615796513612796,7.522167820625167
1989_2011,1989,1998,2011,2020,0.10717770989380493,7.662079900460498
1989_2012,1989,1998,2012,2021,0.11279243927357041,8.477803080573198
1989_2013,1989,1998,2013,2022,0.0942867170320778,6.062092399264661
1989_2014,1989,1998,2014,2023,0.09389323181641074,6.018644683776554
1989_2015,1989,1998,2015,2024,0.09732874867716235,6.408186559070483
1990_1970,1990,1999,1970,1979,0.06485625645647475,3.5141454896683246
1990_1971,1990,1999,1971,1980,0.07163046125765526,3.9893395259880675
1990_1972,1990,1999,1972,1981,0.05903767183989883,3.1494025883305072
1990_1973,1990,1999,1973,1982,0.05914142682062096,3.1555793376889247
1990_1974,1990,1999,1974,1983,0.07116432486917179,3.9547770143415373
1990_1975,1990,1999,1975,1984,0.08520847920013841,5.131727285086103
1990_1976,1990,1999,1976,1985,0.08721359218425828,5.324728453856608
1990_1977,1990,1999,1977,1986,0.08862503443693948,5.4647002620166925
1990_1978,1990,1999,1978,1987,0.09421659072992239,6.054327461453976
1990_1979,1990,1999,1979,1988,0.09838775017307833,6.533014397245117
1990_1980,1990,1999,1980,1989,0.1023302676582678,7.018343945386157
1990_1981,1990,1999,1981,1990,0.09290496324766395,5.910823140062375
1990_1982,1990,1999,1982,1991,0.1105601700231178,8.14407699625784
1990_1983,1990,1999,1983,1992,0.10407905270432871,7.244416397191663
1990_1984,1990,1999,1984,1993,0.10186695876972096,6.95958278223308
1990_1985,1990,1999,1985,1994,0.10019632345208573,6.751554636598017
1990_1986,1990,1999,1986,1995,0.10230183822027872,7.014724727052803
1990_1987,1990,1999,1987,1996,0.10013949337174766,6.744583096002406
1990_1988,1990,1999,1988,1997,0.10952291573241091,7.993289248348164
1990_1989,1990,1999,1989,1998,0.11525201815513109,8.860543381432961
1990_1990,1990,1999,1990,1999,0.11184645995416664,8.334822450414004
1990_1991,1990,1999,1991,2000,0.11092183606652939,8.197285575891424
1990_1992,1990,1999,1992,2001,0.09586064296090879,6.238879488884253
1990_1993,1990,1999,1993,2002,0.08604641125483425,5.211559458428224
1990_1994,1990,1999,1994,2003,0.09249021916761047,5.8661228016283395
1990_1995,1990,1999,1995,2004,0.09690095265891818,6.358406265209587
1990_1996,1990,1999,1996,2005,0.08527763941557454,5.138272134835701
1990_1997,1990,1999,1997,2006,0.08472482941839998,5.086178830752684
1990_1998,1990,1999,1998,2007,0.07611603124943866,4.3369261342984
1990_1999,1990,1999,1999,2008,0.050242585020780606,2.6655846562610215
1990_2000,1990,1999,2000,2009,0.05409877118966411,2.868310357212021
1990_2001,1990,1999,2001,2010,0.06546574718810194,3.5545927415491745
1990_2002,1990,1999,2002,2011,0.07102711981361476,3.94465801369632
1990_2003,1990,1999,2003,2012,0.08466388589692597,5.080466704464882
1990_2004,1990,1999,2004,2013,0.08307107048428808,4.933318037703517
1990_2005,1990,1999,2005,2014,0.0851706738022946,5.12815298942058
1990_2006,1990,1999,2006,2015,0.08312326250490232,4.938074839925146
1990_2007,1990,1999,2007,2016,0.081709704163768,4.81076914426413
1990_2008,1990,1999,2008,2017,0.0876572561286979,5.3683550383679135
1990_2009,1990,1999,2009,2018,0.10144130540627705,6.90600964539033
1990_2010,1990,1999,2010,2019,0.10278017673636963,7.075856471568788
1990_2011,1990,1999,2011,2020,0.10379680757892618,7.207467174648152
1990_2012,1990,1999,2012,2021,0.10939439169701615,7.974791206848412
1990_2013,1990,1999,2013,2022,0.09094517893779153,5.7024114267926365
1990_2014,1990,1999,2014,2023,0.09055289527727206,5.661541586323447
1990_2015,1990,1999,2015,2024,0.09397792136783956,6.027970847804152
1991_1970,1991,2000,1970,1979,0.06397071014492717,3.456156901412003
1991_1971,1991,2000,1971,1980,0.07073928144201846,3.9235095346381574
1991_1972,1991,2000,1972,1981,0.058156964328061944,3.097432796389614
1991_1973,1991,2000,1973,1982,0.05826063302498774,3.1035076202653324
1991_1974,1991,2000,1974,1983,0.07027353269774239,3.8895173554559097
1991_1975,1991,2000,1975,1984,0.0843060077536979,5.04704620928731
1991_1976,1991,2000,1976,1985,0.08630945326354911,5.236862573859547
1991_1977,1991,2000,1977,1986,0.08771972174514797,5.3745246405548155
1991_1978,1991,2000,1978,1987,0.09330662803770018,5.954422120777733
1991_1979,1991,2000,1979,1988,0.0974743186982503,6.4252100154776945
1991_1980,1991,2000,1980,1989,0.10141355754203074,6.902530909617776
1991_1981,1991,2000,1981,1990,0.09199609131945041,5.81328583253406
1991_1982,1991,2000,1982,1991,0.10963661582849982,8.00968770331245
1991_1983,1991,2000,1983,1992,0.10316088827898873,7.124872832234212
1991_1984,1991,2000,1984,1993,0.10095063394631087,6.844739392401549
1991_1985,1991,2000,1985,1994,0.09928138794759511,6.640144018266249
1991_1986,1991,2000,1986,1995,0.10138515174627871,6.898971413729713
1991_1987,1991,2000,1987,1996,0.0992246051277843,6.6332875183820414
1991_1988,1991,2000,1988,1997,0.10860022413000281,7.8613881758402355
1991_1989,1991,2000,1989,1998,0.11432456216740028,8.714331335465086
1991_1990,1991,2000,1990,1999,0.11092183606652939,8.197285575891422
1991_1991,1991,2000,1991,2000,0.10999798110640557,8.062018262834124
1991_1992,1991,2000,1992,2001,0.09494931305655796,6.135928767314708
1991_1993,1991,2000,1993,2002,0.08514324297477338,5.125561033918869
1991_1994,1991,2000,1994,2003,0.09158169214518863,5.769323115672039
1991_1995,1991,2000,1995,2004,0.09598875762144665,6.253483175382007
1991_1996,1991,2000,1996,2005,0.08437511045472923,5.053483059354357
1991_1997,1991,2000,1997,2006,0.0838227601804995,5.0022493716902545
1991_1998,1991,2000,1998,2007,0.07522112118388558,4.265360450794598
1991_1999,1991,2000,1999,2008,0.049369191601005724,2.6215985744244157
1991_2000,1991,2000,2000,2009,0.05322217092256332,2.82097900204055
1991_2001,1991,2000,2001,2010,0.06457969401728048,3.4959367139274895
1991_2002,1991,2000,2002,2011,0.07013644174343625,3.8795653332592823
1991_2003,1991,2000,2003,2012,0.08376186734033597,4.9966315039185965
1991_2004,1991,2000,2004,2013,0.08217037653071846,4.8519110073836424
1991_2005,1991,2000,2005,2014,0.0842682337952434,5.04353089477674
1991_2006,1991,2000,2006,2015,0.08222252514786765,4.856589315346495
1991_2007,1991,2000,2007,2016,0.08081014233757844,4.731384351596005
1991_2008,1991,2000,2008,2017,0.08675274825211576,5.27976925532367
1991_2009,1991,2000,2009,2018,0.10052533456094026,6.792050291402822
1991_2010,1991,2000,2010,2019,0.1018630924707371,6.959094394216848
1991_2011,1991,2000,2011,2020,0.10287887787177286,7.088533326408116
1991_2012,1991,2000,2012,2021,0.10847180697662573,7.843195379332541
1991_2013,1991,2000,2013,2022,0.09003793678801664,5.608313220196292
1991_2014,1991,2000,2014,2023,0.089645979354954,5.56811779242801
1991_2015,1991,2000,2015,2024,0.09306815715571437,5.92850043016148
1992_1970,1992,2001,1970,1979,0.049546051448005723,2.630449580285637
1992_1971,1992,2001,1971,1980,0.05622285862988674,2.9861474183707313
1992_1972,1992,2001,1972,1981,0.04381112481136751,2.3574279269258094
1992_1973,1992,2001,1973,1982,0.04391338803203659,2.3620514201207112
1992_1974,1992,2001,1974,1983,0.055763424219840374,2.960276279989713
1992_1975,1992,2001,1975,1984,0.06960565563334864,3.8412609616994375
1992_1976,1992,2001,1976,1985,0.07158193966457849,3.985728470196056
1992_1977,1992,2001,1977,1986,0.0729730885958697,4.090501816976661
1992_1978,1992,2001,1978,1987,0.07848425105856549,4.531856514397337
1992_1979,1992,2001,1979,1988,0.08259543873951336,4.890168898742832
1992_1980,1992,2001,1980,1989,0.0864812718125283,5.253453489537706
1992_1981,1992,2001,1981,1990,0.07719148178888369,4.424438969197938
1992_1982,1992,2001,1982,1991,0.09459284694622228,6.096100454464188
1992_1983,1992,2001,1983,1992,0.08820491331699976,5.422675904407635
1992_1984,1992,2001,1984,1993,0.08602462424941648,5.209468891459017
1992_1985,1992,2001,1985,1994,0.0843780088584638,5.053753213214575
1992_1986,1992,2001,1986,1995,0.08645325112503599,5.250744389594657
1992_1987,1992,2001,1987,1996,0.0843219958651038,5.048534793519775
1992_1988,1992,2001,1988,1997,0.09357050600719119,5.983231033045137
1992_1989,1992,2001,1989,1998,0.09921723699989471,6.632398313421229
1992_1990,1992,2001,1990,1999,0.09586064296090879,6.238879488884252
1992_1991,1992,2001,1991,2000,0.09494931305655796,6.135928767314707
1992_1992,1992,2001,1992,2001,0.08010466556704388,4.6699995720829355
1992_1993,1992,2001,1993,2002,0.07043154013565145,3.901017880551676
1992_1994,1992,2001,1994,2003,0.07678270078305105,4.390979345281363
1992_1995,1992,2001,1995,2004,0.08113001798358699,4.75946916278208
1992_1996,1992,2001,1996,2005,0.06967382148257739,3.84615998973555
1992_1997,1992,2001,1997,2006,0.06912895963271048,3.8071664960786324
1992_1998,1992,2001,1998,2007,0.060643936352654526,3.2463270411640686
1992_1999,1992,2001,1999,2008,0.03514249128719049,1.9952748288003919
1992_2000,1992,2001,2000,2009,0.038943234291385576,2.147021458684518
1992_2001,1992,2001,2001,2010,0.050146779092601124,2.6607256337519747
1992_2002,1992,2001,2002,2011,0.05562819186014356,2.9527018864199603
1992_2003,1992,2001,2003,2012,0.06906889234011904,3.8028907880180354
1992_2004,1992,2001,2004,2013,0.06749897798136528,3.692745334490281
1992_2005,1992,2001,2005,2014,0.06956839379092616,3.838585487800924
1992_2006,1992,2001,2006,2015,0.06755041959972519,3.6963059521266826
1992_2007,1992,2001,2007,2016,0.06615718500450773,3.601013593086906
1992_2008,1992,2001,2008,2017,0.07201922473308686,4.018384355177043
1992_2009,1992,2001,2009,2018,0.08560509081081458,5.169367695951629
1992_2010,1992,2001,2010,2019,0.08692471222391651,5.296503443161725
1992_2011,1992,2001,2011,2020,0.08792672623295839,5.395018237069386
1992_2012,1992,2001,2012,2021,0.09344382985438004,5.969384661105733
1992_2013,1992,2001,2013,2022,0.0752598747089186,4.268436178388972
1992_2014,1992,2001,2014,2023,0.07487323119299871,4.23784380393419
1992_2015,1992,2001,2015,2024,0.0782490132177236,4.512127751454322
1993_1970,1993,2002,1970,1979,0.04014660070463805,2.1973087338008206
1993_1971,1993,2002,1971,1980,0.04676361220614611,2.49443587589703
1993_1972,1993,2002,1972,1981,0.034463034520800795,1.9692439695337378
1993_1973,1993,2002,1973,1982,0.034564381899707675,1.9731061389719844
1993_1974,1993,2002,1974,1983,0.04630829236649059,2.4728247875325065
1993_1975,1993,2002,1975,1984,0.06002655649702904,3.2087428412270795
1993_1976,1993,2002,1976,1985,0.06198514146266687,3.32942172461993
1993_1977,1993,2002,1977,1986,0.06336383164015857,3.416942653238362
1993_1978,1993,2002,1978,1987,0.06882563762151128,3.7856220374070406
1993_1979,1993,2002,1979,1988,0.07290000661684704,4.084933203624438
1993_1980,1993,2002,1980,1989,0.07675103921920479,4.38839783194936
1993_1981,1993,2002,1981,1990,0.06754444604397203,3.6958923151576397
1993_1982,1993,2002,1982,1991,0.08478996927856874,5.092291017897695
1993_1983,1993,2002,1983,1992,0.07845924425626438,4.529755375137161
1993_1984,1993,2002,1984,1993,0.07629848126823591,4.351655922035798
1993_1985,1993,2002,1985,1994,0.07466661251964268,4.221581039642852
1993_1986,1993,2002,1986,1995,0.07672326947741581,4.386134823750985
1993_1987,1993,2002,1987,1996,0.07461110116351088,4.217221906794248
1993_1988,1993,2002,1988,1997,0.08377678414864786,4.998007148204135
1993_1989,1993,2002,1989,1998,0.08937294454489808,5.540279824920189
1993_1990,1993,2002,1990,1999,0.08604641125483425,5.211559458428224
1993_1991,1993,2002,1991,2000,0.08514324297477338,5.125561033918869
1993_1992,1993,2002,1992,2001,0.07043154013565145,3.9010178805516786
1993_1993,1993,2002,1993,2002,0.060845044600966736,3.2586599355075143
1993_1994,1993,2002,1994,2003,0.06713932597033345,3.6679422930729735
1993_1995,1993,2002,1995,2004,0.07144770977310588,3.9757550336703735
1993_1996,1993,2002,1996,2005,0.06009411187133762,3.2128351747854045
1993_1997,1993,2002,1997,2006,0.059554129656921084,3.180262513132467
1993_1998,1993,2002,1998,2007,0.05114509595185068,2.711773232144218
1993_1999,1993,2002,1999,2008,0.02587203493532564,1.6667245175556484
1993_2000,1993,2002,2000,2009,0.02963873951251994,1.7934839117170918
1993_2001,1993,2002,2001,2010,0.0407419483948257,2.2225994054811267
1993_2002,1993,2002,2002,2011,0.046174271111253606,2.4664976253360513
1993_2003,1993,2002,2003,2012,0.05949460031076592,3.176690861071487
1993_2004,1993,2002,2004,2013,0.05793874568065971,3.084682419305915
1993_2005,1993,2002,2005,2014,0.05998962836159549,3.2065079220678894
1993_2006,1993,2002,2006,2015,0.05798972660179036,3.0876567307273626
1993_2007,1993,2002,2007,2016,0.05660896943901483,3.0080556106937877
1993_2008,1993,2002,2008,2017,0.062418510324300236,3.356700354788892
1993_2009,1993,2002,2009,2018,0.07588270505770978,4.3181579573591025
1993_2010,1993,2002,2010,2019,0.07719050829813101,4.424358999879258
1993_2011,1993,2002,2011,2020,0.07818354854055332,4.506651935157029
1993_2012,1993,2002,2012,2021,0.08365124247322031,4.9864407778688395
1993_2013,1993,2002,2013,2022,0.0656301379148998,3.56557759735772
1993_2014,1993,2002,2014,2023,0.06524695707379813,3.540022691427952
1993_2015,1993,2002,2015,2024,0.06859250650718707,3.7691418952113236
1994_1970,1994,2003,1970,1979,0.04631807259258758,2.473287116531054
1994_1971,1994,2003,1971,1980,0.05297434461798334,2.8077329416505306
1994_1972,1994,2003,1972,1981,0.040600784269098966,2.216577790927655
1994_1973,1994,2003,1973,1982,0.040702732969492006,2.220925042529824
1994_1974,1994,2003,1974,1983,0.052516323242228546,2.783407535937636
1994_1975,1994,2003,1975,1984,0.0663159815544867,3.611755693402515
1994_1976,1994,2003,1976,1985,0.0682861873359284,3.747591647149718
1994_1977,1994,2003,1977,1986,0.06967305765616816,3.8461050612407686
1994_1978,1994,2003,1978,1987,0.07516727001374557,4.261089972995845
1994_1979,1994,2003,1979,1988,0.07926581334537075,4.597994132093625
1994_1980,1994,2003,1980,1989,0.08313969516862563,4.939573421345637
1994_1981,1994,2003,1981,1990,0.0738784767790952,4.160090344406798
1994_1982,1994,2003,1982,1991,0.09122632238033046,5.7318744400598405
1994_1983,1994,2003,1983,1992,0.08485803544946546,5.098685240733035
1994_1984,1994,2003,1984,1993,0.08268445206859232,4.8982167876473
1994_1985,1994,2003,1985,1994,0.08104290100012213,4.75180471279504
1994_1986,1994,2003,1986,1995,0.08311176066142711,4.937026183019246
1994_1987,1994,2003,1987,1996,0.08098706028005864,4.746898079991077
1994_1988,1994,2003,1988,1997,0.09020712574824019,5.62574867055707
1994_1989,1994,2003,1989,1998,0.09583648968189795,6.236129908449242
1994_1990,1994,2003,1990,1999,0.09249021916761047,5.866122801628339
1994_1991,1994,2003,1991,2000,0.09158169214518863,5.7693231156720355
1994_1992,1994,2003,1992,2001,0.07678270078305105,4.390979345281362
1994_1993,1994,2003,1993,2002,0.06713932597033345,3.667942293072972
1994_1994,1994,2003,1994,2003,0.07347095301818407,4.128629845267387
1994_1995,1994,2003,1995,2004,0.07780489963056736,4.475103362580898
1994_1996,1994,2003,1996,2005,0.06638393775315343,3.616362017361755
1994_1997,1994,2003,1997,2006,0.06584075167780612,3.5796982826857535
1994_1998,1994,2003,1998,2007,0.057381824895086364,3.0523675143340325
1994_1999,1994,2003,1999,2008,0.03195881195305361,1.876062390625575
1994_2000,1994,2003,2000,2009,0.035747865410100665,2.0187425573477435
1994_2001,1994,2003,2001,2010,0.04691695264208984,2.501754255205336
1994_2002,1994,2003,2002,2011,0.05238150680253528,2.7762856925189254
1994_2003,1994,2003,2003,2012,0.06578086912789471,3.575678036968223
1994_2004,1994,2003,2004,2013,0.0642157831902932,3.472113485419177
1994_2005,1994,2003,2005,2014,0.06627883431441028,3.609240072052688
1994_2006,1994,2003,2006,2015,0.06426706659505577,3.4754613654899456
1994_2007,1994,2003,2007,2016,0.06287811702554813,3.3858624749872273
1994_2008,1994,2003,2008,2017,0.06872212749255513,3.778296428647039
1994_2009,1994,2003,2009,2018,0.08226620894504322,4.860511533401314
1994_2010,1994,2003,2010,2019,0.08358177173678882,4.980051253144252
1994_2011,1994,2003,2011,2020,0.08458070395629957,5.072680046482717
1994_2012,1994,2003,2012,2021,0.09008083920000343,5.612729583027286
1994_2013,1994,2003,2013,2022,0.07195281054069924,4.01340831121276
1994_2014,1994,2003,2014,2023,0.07156735618374199,3.984643750899503
1994_2015,1994,2003,2015,2024,0.0749327556692907,4.242539951897646
1995_1970,1995,2004,1970,1979,0.05054239431590801,2.6808447128055155
1995_1971,1995,2004,1971,1980,0.05722553984683687,3.0433571425184733
1995_1972,1995,2004,1972,1981,0.04480202346532147,2.402592408949672
1995_1973,1995,2004,1973,1982,0.044904383765323796,2.407304480748784
1995_1974,1995,2004,1974,1983,0.05676566929185234,3.0169903552351074
1995_1975,1995,2004,1975,1984,0.0706210412517192,3.9148532695159823
1995_1976,1995,2004,1976,1985,0.07259920138595266,4.062088540333563
1995_1977,1995,2004,1977,1986,0.07399167094659043,4.168869173904659
1995_1978,1995,2004,1978,1987,0.07950806520202724,4.618679508959099
1995_1979,1995,2004,1979,1988,0.08362315566791612,4.983856575383253
1995_1980,1995,2004,1980,1989,0.08751267759485293,5.354101107639371
1995_1981,1995,2004,1981,1990,0.07821406869563696,4.509204018431321
1995_1982,1995,2004,1982,1991,0.09563195311484352,6.212891816883633
1995_1983,1995,2004,1983,1992,0.0892379553666589,5.526565548544172
1995_1984,1995,2004,1984,1993,0.08705559653238026,5.3092738362528085
1995_1985,1995,2004,1985,1994,0.08540741799562879,5.150574899063066
1995_1986,1995,2004,1986,1995,0.08748463030708731,5.351340105750865
1995_1987,1995,2004,1987,1996,0.08535135182866438,5.145256502940649
1995_1988,1995,2004,1988,1997,0.09460864165898575,6.097860001061554
1995_1989,1995,2004,1989,1998,0.100260733140773,6.759464269915704
1995_1990,1995,2004,1990,1999,0.09690095265891818,6.358406265209589
1995_1991,1995,2004,1991,2000,0.09598875762144687,6.2534831753820095
1995_1992,1995,2004,1992,2001,0.08113001798358699,4.759469162782082
1995_1993,1995,2004,1993,2002,0.07144770977310588,3.9757550336703735
1995_1994,1995,2004,1994,2003,0.07780489963056736,4.475103362580898
1995_1995,1995,2004,1995,2004,0.08215634377577752,4.85065284521428
1995_1996,1995,2004,1996,2005,0.07068927181136053,3.9198461549553874
1995_1997,1995,2004,1997,2006,0.07014389271957033,3.880105609427573
1995_1998,1995,2004,1998,2007,0.061650814535761045,3.308521383404442
1995_1999,1995,2004,1999,2008,0.03612516073464689,2.0335010469208905
1995_2000,1995,2004,2000,2009,0.03992951181604809,2.1881548952439367
1995_2001,1995,2004,2001,2010,0.05114369223629378,2.711700806177599
1995_2002,1995,2004,2002,2011,0.05663030855494244,3.009270848612983
1995_2003,1995,2004,2003,2012,0.0700837684045943,3.87574798575987
1995_2004,1995,2004,2004,2013,0.06851236371297476,3.763492324620233
1995_2005,1995,2004,2005,2014,0.07058374403631751,3.9121265378922936
1995_2006,1995,2004,2006,2015,0.06856385416529442,3.767121157895125
1995_2007,1995,2004,2007,2016,0.06716929696079244,3.6700031523582872
1995_2008,1995,2004,2008,2017,0.0730369015728436,4.0953700589185935
1995_2009,1995,2004,2009,2018,0.08663566482716689,5.268404367110014
1995_2010,1995,2004,2010,2019,0.08795653896794242,5.39797582830478
1995_2011,1995,2004,2011,2020,0.08895950419728593,5.498378005316588
1995_2012,1995,2004,2012,2021,0.09448184525144043,6.083748355172773
1995_2013,1995,2004,2013,2022,0.07628062792487289,4.350212468067637
1995_2014,1995,2004,2014,2023,0.07589361736502087,4.3190339935118285
1995_2015,1995,2004,2015,2024,0.07927260404793035,4.598572775029521
1996_1970,1996,2005,1970,1979,0.03941031963318764,2.166409177249411
1996_1971,1996,2005,1971,1980,0.046022647198493916,2.459357982096544
1996_1972,1996,2005,1972,1981,0.0337307766343482,1.9415515636082052
1996_1973,1996,2005,1973,1982,0.03383205227321695,1.9453594214601315
1996_1974,1996,2005,1974,1983,0.04556764966280902,2.4380507987030353
1996_1975,1996,2005,1975,1984,0.05927620314467008,3.163620037427941
1996_1976,1996,2005,1976,1985,0.06123340170089597,3.2826018793788694
1996_1977,1996,2005,1977,1986,0.06261111595491653,3.368892048822828
1996_1978,1996,2005,1978,1987,0.06806905572706623,3.7323868955138115
1996_1979,1996,2005,1979,1988,0.07214054062821051,4.0274890117398545
1996_1980,1996,2005,1980,1989,0.07598884722789823,4.326686182196873
1996_1981,1996,2005,1981,1990,0.06678877105736758,3.6439189935012926
1996_1982,1996,2005,1982,1991,0.08402208682782764,5.020680901456941
1996_1983,1996,2005,1983,1992,0.07769584309017996,4.466055891207113
1996_1984,1996,2005,1984,1993,0.07553660962586184,4.290460953760845
1996_1985,1996,2005,1985,1994,0.07390589601642872,4.1622152436287605
1996_1986,1996,2005,1986,1995,0.07596109714327626,4.324454997450852
1996_1987,1996,2005,1987,1996,0.07385042395472019,4.157917410892378
1996_1988,1996,2005,1988,1997,0.08300961889395642,4.92772289449658
1996_1989,1996,2005,1989,1998,0.08860181797651312,5.462369885762648
1996_1990,1996,2005,1990,1999,0.08527763941557454,5.138272134835701
1996_1991,1996,2005,1991,2000,0.08437511045472923,5.053483059354356
1996_1992,1996,2005,1992,2001,0.06967382148257761,3.8461599897355527
1996_1993,1996,2005,1993,2002,0.06009411187133762,3.212835174785404
1996_1994,1996,2005,1994,2003,0.06638393775315343,3.616362017361756
1996_1995,1996,2005,1995,2004,0.07068927181136053,3.9198461549553887
1996_1996,1996,2005,1996,2005,0.059343710699043095,3.167654822727222
1996_1997,1996,2005,1997,2006,0.05880411071794178,3.135540212683189
1996_1998,1996,2005,1998,2007,0.05040102945490421,2.673639041417048
1996_1999,1996,2005,1999,2008,0.025145858297781043,1.643286277997593
1996_2000,1996,2005,2000,2009,0.028909896564976334,1.7682631238042867
1996_2001,1996,2005,2001,2010,0.0400052458989002,2.1913441999816254
1996_2002,1996,2005,2002,2011,0.04543372327623141,2.4318126119441654
1996_2003,1996,2005,2003,2012,0.058744623510395444,3.132018786820805
1996_2004,1996,2005,2004,2013,0.0571898702118836,3.0413042096841796
1996_2005,1996,2005,2005,2014,0.059239301149289325,3.161416546720241
1996_2006,1996,2005,2006,2015,0.05724081504551726,3.044236694983265
1996_2007,1996,2005,2007,2016,0.05586103526935493,2.965754962167424
1996_2008,1996,2005,2008,2017,0.06166646379683938,3.30949690502172
1996_2009,1996,2005,2009,2018,0.07512112772784274,4.25743405272576
1996_2010,1996,2005,2010,2019,0.07642800522301751,4.362141647798727
1996_2011,1996,2005,2011,2020,0.07742034252920682,4.44327734232636
1996_2012,1996,2005,2012,2021,0.0828841660848092,4.916319175730805
1996_2013,1996,2005,2013,2022,0.06487581799578224,3.5154368206370004
1996_2014,1996,2005,2014,2023,0.06449290839413857,3.4902412794377304
1996_2015,1996,2005,2015,2024,0.06783608963758225,3.7161385045863247
1997_1970,1997,2006,1970,1979,0.03888087316254185,2.1444454880797426
1997_1971,1997,2006,1971,1980,0.04548983259360284,2.4344242923564128
1997_1972,1997,2006,1972,1981,0.03320422316364535,1.9218675466192652
1997_1973,1997,2006,1973,1982,0.033305447215543627,1.925636799295798
1997_1974,1997,2006,1974,1983,0.04503506682090408,2.413333127413182
1997_1975,1997,2006,1975,1984,0.05873663755002401,3.131546333216061
1997_1976,1997,2006,1976,1985,0.06069283916418722,3.2493219024919626
1997_1977,1997,2006,1977,1986,0.062069851649199315,3.3347372369878556
1997_1978,1997,2006,1978,1987,0.06752501129987576,3.6945468667256725
1997_1979,1997,2006,1979,1988,0.07159442230078006,3.9866571514813867
1997_1980,1997,2006,1980,1989,0.07544076868099658,4.282820973611889
1997_1981,1997,2006,1981,1990,0.06624537877128711,3.606975878150235
1997_1982,1997,2006,1982,1991,0.0834699163739343,4.969779771652967
1997_1983,1997,2006,1983,1992,0.07714689504745209,4.420777711794404
1997_1984,1997,2006,1984,1993,0.07498876143611355,4.246963007125184
1997_1985,1997,2006,1985,1994,0.07335887846646605,4.120017489470248
1997_1986,1997,2006,1986,1995,0.07541303273148947,4.28061240926868
1997_1987,1997,2006,1987,1996,0.07330343466067002,4.115763229417788
1997_1988,1997,2006,1988,1997,0.08245796416283802,4.877764200125466
1997_1989,1997,2006,1989,1998,0.08804731473599325,5.406990783993439
1997_1990,1997,2006,1990,1999,0.08472482941839998,5.086178830752685
1997_1991,1997,2006,1991,2000,0.0838227601804995,5.0022493716902545
1997_1992,1997,2006,1992,2001,0.06912895963271048,3.807166496078633
1997_1993,1997,2006,1993,2002,0.059554129656921084,3.180262513132468
1997_1994,1997,2006,1994,2003,0.06584075167780612,3.5796982826857535
1997_1995,1997,2006,1995,2004,0.07014389271957033,3.8801056094275723
1997_1996,1997,2006,1996,2005,0.05880411071794178,3.13554021268319
1997_1997,1997,2006,1997,2006,0.058264785593939994,3.1037511899382766
1997_1998,1997,2006,1998,2007,0.049865984624866355,2.6465329076939015
1997_1999,1997,2006,1999,2008,0.02462367774374874,1.6266261616143411
1997_2000,1997,2006,2000,2009,0.028385798715398147,1.7503359556454376
1997_2001,1997,2006,2001,2010,0.03947549638949699,2.169127712266567
1997_2002,1997,2006,2002,2011,0.04490120865267233,2.4071581852142003
1997_2003,1997,2006,2003,2012,0.05820532868750905,3.100265465320093
1997_2004,1997,2006,2004,2013,0.056651367336730374,3.0104705790693407
1997_2005,1997,2006,2005,2014,0.05869975435148511,3.12936518214092
1997_2006,1997,2006,2006,2015,0.05670228622049445,3.0133733339757187
1997_2007,1997,2006,2007,2016,0.05532320926545964,2.935687271896121
1997_2008,1997,2006,2008,2017,0.06112568067044255,3.2759442585072875
1997_2009,1997,2006,2009,2018,0.07457349117292256,4.214270942461818
1997_2010,1997,2006,2010,2019,0.07587970298134761,4.317916981344926
1997_2011,1997,2006,2011,2020,0.0768715348187392,4.398230098497107
1997_2012,1997,2006,2012,2021,0.08233257525583393,4.866476095592209
1997_2013,1997,2006,2013,2022,0.06433340011435029,3.4797962950913557
1997_2014,1997,2006,2014,2023,0.06395068555612049,3.4548561936498072
1997_2015,1997,2006,2015,2024,0.06729216387678516,3.678463206732483
1998_1970,1998,2007,1970,1979,0.03063591046223557,1.82854397973557
1998_1971,1998,2007,1971,1980,0.037192418620581424,2.0758055677584157
1998_1972,1998,2007,1972,1981,0.025004312565762632,1.6387543314829875
1998_1973,1998,2007,1973,1982,0.025104733264212253,1.6419683298467083
1998_1974,1998,2007,1974,1983,0.03674126204594397,2.0578213742235687
1998_1975,1998,2007,1975,1984,0.05033409178029169,2.670233506375004
1998_1976,1998,2007,1976,1985,0.052274768217546175,2.7706593784041513
1998_1977,1998,2007,1977,1986,0.05364085219586423,2.843492050783911
1998_1978,1998,2007,1978,1987,0.05905271757767294,3.150297579749402
1998_1979,1998,2007,1979,1988,0.06308983215000552,3.3993766566380414
1998_1980,1998,2007,1980,1989,0.06690565242924507,3.6519121381797697
1998_1981,1998,2007,1981,1990,0.05778324071056673,3.075626805953005
1998_1982,1998,2007,1982,1991,0.07487107768301415,4.237673996649397
1998_1983,1998,2007,1983,1992,0.06859823831322864,3.7695462605996783
1998_1984,1998,2007,1984,1993,0.0664572324896735,3.6213364629717524
1998_1985,1998,2007,1985,1994,0.06484028490524452,3.513091481528924
1998_1986,1998,2007,1986,1995,0.06687813660302155,3.650028920790432
1998_1987,1998,2007,1987,1996,0.06478528112305737,3.5094639229594025
1998_1988,1998,2007,1988,1997,0.07386715671828137,4.1592133781380785
1998_1989,1998,2007,1989,1998,0.07941214803121266,4.610478793475985
1998_1990,1998,2007,1990,1999,0.07611603124943866,4.336926134298397
1998_1991,1998,2007,1991,2000,0.07522112118388558,4.265360450794596
1998_1992,1998,2007,1992,2001,0.060643936352654526,3.2463270411640694
1998_1993,1998,2007,1993,2002,0.05114509595185068,2.711773232144217
1998_1994,1998,2007,1994,2003,0.057381824895086364,3.052367514334032
1998_1995,1998,2007,1995,2004,0.061650814535761045,3.308521383404441
1998_1996,1998,2007,1996,2005,0.05040102945490421,2.6736390414170472
1998_1997,1998,2007,1997,2006,0.049865984624866355,2.646532907693901
1998_1998,1998,2007,1998,2007,0.04153383980714365,2.256668142154147
1998_1999,1998,2007,1999,2008,0.016491865691871554,1.3870054014586723
1998_2000,1998,2007,2000,2009,0.020224129008147296,1.4924913186187534
1998_2001,1998,2007,2001,2010,0.031225814527972462,1.8495902281453234
1998_2002,1998,2007,2002,2011,0.036608466228201575,2.052556072099581
1998_2003,1998,2007,2003,2012,0.04980699959157153,2.6435606704414143
1998_2004,1998,2007,2004,2013,0.048265371082513164,2.56699360469992
1998_2005,1998,2007,2005,2014,0.05029750130116284,2.668373663963754
1998_2006,1998,2007,2006,2015,0.04831588585420987,2.5694687503905937
1998_2007,1998,2007,2007,2016,0.046947753790306246,2.503226739616883
1998_2008,1998,2007,2008,2017,0.05270417452524656,2.79335995488828
1998_2009,1998,2007,2009,2018,0.0660452579728179,3.593460315801019
1998_2010,1998,2007,2010,2019,0.06734110317625741,3.6818380999305913
1998_2011,1998,2007,2011,2020,0.0683250634503969,3.750320170320698
1998_2012,1998,2007,2012,2021,0.07374276294641557,4.149588141356988
1998_2013,1998,2007,2013,2022,0.05588643625994871,2.9671822396349157
1998_2014,1998,2007,2014,2023,0.0555067590733167,2.945916102258873
1998_2015,1998,2007,2015,2024,0.05882171812230208,3.1365832280365056
1999_1970,1999,2008,1970,1979,0.005855959196471305,1.123869446872677
1999_1971,1999,2008,1971,1980,0.012254826862196921,1.2758426819951276
1999_1972,1999,2008,1972,1981,0.00035976384128999506,1.0072199216943787
1999_1973,1999,2008,1973,1982,0.00045777008863367996,1.0091953264991387
1999_1974,1999,2008,1974,1983,0.011814517607955599,1.2647891411098913
1999_1975,1999,2008,1975,1984,0.025080530029844672,1.6411931498987216
1999_1976,1999,2008,1976,1985,0.026974546082913164,1.7029174346301317
1999_1977,1999,2008,1977,1986,0.02830778481096985,1.747682239922667
1999_1978,1999,2008,1978,1987,0.033589530759662756,1.9362526893935021
1999_1979,1999,2008,1979,1988,0.037529579528891466,2.089342999209771
1999_1980,1999,2008,1980,1989,0.04125365466360553,2.244557702876384
1999_1981,1999,2008,1981,1990,0.03235057638316707,1.8903581404112855
1999_1982,1999,2008,1982,1991,0.04902756432239519,2.604581778410282
1999_1983,1999,2008,1983,1992,0.04290554509413891,2.316858614182075
1999_1984,1999,2008,1984,1993,0.04081601624652542,2.2257651184132192
1999_1985,1999,2008,1985,1994,0.03923794551660409,2.1592350109785117
1999_1986,1999,2008,1986,1995,0.04122680041032534,2.2434002297670963
1999_1987,1999,2008,1987,1996,0.03918426421020893,2.157005421595808
1999_1988,1999,2008,1988,1997,0.04804778099184359,2.5563578948696994
1999_1989,1999,2008,1989,1998,0.053459452076837,2.8337170496666872
1999_1990,1999,2008,1990,1999,0.050242585020780606,2.6655846562610215
1999_1991,1999,2008,1991,2000,0.0493691916010055,2.6215985744244152
1999_1992,1999,2008,1992,2001,0.03514249128719049,1.9952748288003919
1999_1993,1999,2008,1993,2002,0.02587203493532564,1.6667245175556484
1999_1994,1999,2008,1994,2003,0.03195881195305361,1.8760623906255753
1999_1995,1999,2008,1995,2004,0.03612516073464689,2.0335010469208905
1999_1996,1999,2008,1996,2005,0.025145858297781043,1.6432862779975927
1999_1997,1999,2008,1997,2006,0.02462367774374874,1.6266261616143416
1999_1998,1999,2008,1998,2007,0.016491865691871554,1.387005401458673
1999_1999,1999,2008,1999,2008,-0.007948015199328418,0.8524886525136778
1999_2000,1999,2008,2000,2009,-0.004305488037352534,0.9173229691532485
1999_2001,1999,2008,2001,2010,0.00643167998579397,1.1368050042457274
1999_2002,1999,2008,2002,2011,0.011684914648000033,1.2615529530546503
1999_2003,1999,2008,2003,2012,0.024566110908903704,1.624799349312343
1999_2004,1999,2008,2004,2013,0.023061548330632897,1.5777392912676895
1999_2005,1999,2008,2005,2014,0.02504481930881486,1.640050043643053
1999_2006,1999,2008,2006,2015,0.02311084855743717,1.5792605785044938
1999_2007,1999,2008,2007,2016,0.021775610986656257,1.5385465607761644
1999_2008,1999,2008,2008,2017,0.027393628019737326,1.7168697839417402
1999_2009,1999,2008,2009,2018,0.04041394698170575,2.208631732260679
1999_2010,1999,2008,2010,2019,0.04167863571110497,2.2629509569915474
1999_2011,1999,2008,2011,2020,0.04263893827315335,2.3050417721007115
1999_2012,1999,2008,2012,2021,0.04792637806434219,2.5504419805372747
1999_2013,1999,2008,2013,2022,0.030499377486721935,1.823705363056767
1999_2014,1999,2008,2014,2023,0.03012882901575553,1.8106346563552596
1999_2015,1999,2008,2015,2024,0.03336408530759072,1.9278235014469156
2000_1970,2000,2009,1970,1979,0.009549170548842634,1.2093430861583492
2000_1971,2000,2009,1971,1980,0.01597153300076437,1.3728743412234883
2000_1972,2000,2009,1972,1981,0.004032794758386249,1.0838220150316498
2000_1973,2000,2009,1973,1982,0.0041311608562453195,1.085947655291422
2000_1974,2000,2009,1974,1983,0.015529607058645034,1.3609801454302617
2000_1975,2000,2009,1975,1984,0.028844328430587263,1.7660108070411096
2000_1976,2000,2009,1976,1985,0.030745298761278628,1.83242940859284
2000_1977,2000,2009,1977,1986,0.032083432755263486,1.8805987114726306
2000_1978,2000,2009,1978,1987,0.03738457174320797,2.083510508706639
2000_1979,2000,2009,1979,1988,0.04133908722877955,2.248243795343551
2000_1980,2000,2009,1980,1989,0.04507683608728952,2.415263042349206
2000_1981,2000,2009,1981,1990,0.036141068285577393,2.034125541744114
2000_1982,2000,2009,1982,1991,0.052879289287668385,2.802668027696045
2000_1983,2000,2009,1983,1992,0.046734791780383755,2.4930626546207115
2000_1984,2000,2009,1984,1993,0.04463759078887075,2.395041225522691
2000_1985,2000,2009,1985,1994,0.043053725840919155,2.323451304049676
2000_1986,2000,2009,1986,1995,0.04504988323297998,2.4140175399414066
2000_1987,2000,2009,1987,1996,0.04299984743233631,2.3210521477131034
2000_1988,2000,2009,1988,1997,0.05189590847689507,2.7507765733017733
2000_1989,2000,2009,1989,1998,0.05732744964855807,3.049229722971267
2000_1990,2000,2009,1990,1999,0.05409877118966411,2.868310357212021
2000_1991,2000,2009,1991,2000,0.05322217092256332,2.8209790020405507
2000_1992,2000,2009,1992,2001,0.038943234291385576,2.147021458684518
2000_1993,2000,2009,1993,2002,0.02963873951251994,1.7934839117170918
2000_1994,2000,2009,1994,2003,0.035747865410100665,2.0187425573477453
2000_1995,2000,2009,1995,2004,0.03992951181604809,2.1881548952439367
2000_1996,2000,2009,1996,2005,0.028909896564976334,1.7682631238042867
2000_1997,2000,2009,1997,2006,0.028385798715398147,1.7503359556454383
2000_1998,2000,2009,1998,2007,0.020224129008147296,1.4924913186187538
2000_1999,2000,2009,1999,2008,-0.004305488037352534,0.9173229691532486
2000_2000,2000,2009,2000,2009,-0.0006495865720851368,0.9870881298594539
2000_2001,2000,2009,2001,2010,0.010127005217926754,1.2232624314330456
2000_2002,2000,2009,2002,2011,0.015399528234209425,1.3574978355756748
2000_2003,2000,2009,2003,2012,0.02832802051183192,1.7483702087935429
2000_2004,2000,2009,2004,2013,0.02681793361614404,1.6977310923117508
2000_2005,2000,2009,2005,2014,0.02880848659014701,1.7647807641292004
2000_2006,2000,2009,2006,2015,0.026867414859082617,1.6993680780016904
2000_2007,2000,2009,2007,2016,0.025527274683202705,1.6555576372191836
2000_2008,2000,2009,2008,2017,0.031165919445427903,1.8474428758799983
2000_2009,2000,2009,2009,2018,0.04423404524232333,2.3766047940103725
2000_2010,2000,2009,2010,2019,0.04550337754193756,2.435055158558097
2000_2011,2000,2009,2011,2020,0.04646720605647592,2.480347106288039
2000_2012,2000,2009,2012,2021,0.051774059793054494,2.7444107359564036
2000_2013,2000,2009,2013,2022,0.03428307232369021,1.9624036209362865
2000_2014,2000,2009,2014,2023,0.03391116330620925,1.948338847821707
2000_2015,2000,2009,2015,2024,0.037158298520822086,2.0744402557573314
2001_1970,2001,2010,1970,1979,0.020435741622177872,1.4986949181745717
2001_1971,2001,2010,1971,1980,0.026927360240447173,1.701353257014856
2001_1972,2001,2010,1972,1981,0.014859879460119352,1.3431412183398983
2001_1973,2001,2010,1973,1982,0.014959306298303554,1.3457754470312018
2001_1974,2001,2010,1974,1983,0.026480668747210112,1.6866132126096667
2001_1975,2001,2010,1975,1984,0.0399389707041955,2.1885529857052735
2001_1976,2001,2010,1976,1985,0.04186044033221403,2.270863143804451
2001_1977,2001,2010,1977,1986,0.043213004223479956,2.330557609555504
2001_1978,2001,2010,1978,1987,0.048571308556159876,2.582018822533787
2001_1979,2001,2010,1979,1988,0.05256846794175152,2.786166795398295
2001_1980,2001,2010,1980,1989,0.056346523176403984,2.9931476758363393
2001_1981,2001,2010,1981,1990,0.047314395658784925,2.520817828483315
2001_1982,2001,2010,1982,1991,0.0642331148851294,3.47324458916072
2001_1983,2001,2010,1983,1992,0.05802235759498875,3.0895619067372224
2001_1984,2001,2010,1984,1993,0.05590254123384808,2.968087513454772
2001_1985,2001,2010,1985,1994,0.05430159652511879,2.8793687265926
2001_1986,2001,2010,1986,1995,0.05631927967338446,2.991604169985513
2001_1987,2001,2010,1987,1996,0.05424713711350848,2.8763955393716354
2001_1988,2001,2010,1988,1997,0.06323912969232004,3.4089373963653085
2001_1989,2001,2010,1989,1998,0.0687292424132726,3.7787995337871587
2001_1990,2001,2010,1990,1999,0.06546574718810216,3.554592741549175
2001_1991,2001,2010,1991,2000,0.06457969401728048,3.4959367139274895
2001_1992,2001,2010,1992,2001,0.050146779092601124,2.6607256337519747
2001_1993,2001,2010,1993,2002,0.0407419483948257,2.2225994054811267
2001_1994,2001,2010,1994,2003,0.04691695264208984,2.501754255205336
2001_1995,2001,2010,1995,2004,0.05114369223629378,2.711700806177598
2001_1996,2001,2010,1996,2005,0.0400052458989002,2.1913441999816254
2001_1997,2001,2010,1997,2006,0.03947549638949699,2.1691277122665675
2001_1998,2001,2010,1998,2007,0.031225814527972462,1.8495902281453245
2001_1999,2001,2010,1999,2008,0.00643167998579397,1.1368050042457272
2001_2000,2001,2010,2000,2009,0.010127005217926754,1.2232624314330454
2001_2001,2001,2010,2001,2010,0.02101980742727494,1.5159446567030912
2001_2002,2001,2010,2002,2011,0.026349187205196634,1.6822977126144114
2001_2003,2001,2010,2003,2012,0.03941709512908709,2.166691633662347
2001_2004,2001,2010,2004,2013,0.03789072406538008,2.1039364177101927
2001_2005,2001,2010,2005,2014,0.03990274235980418,2.1870286382456365
2001_2006,2001,2010,2006,2015,0.03794073889408511,2.105965074559284
2001_2007,2001,2010,2007,2016,0.03658614718706765,2.0516723881287486
2001_2008,2001,2010,2008,2017,0.04228559682017208,2.2894687879636453
2001_2009,2001,2010,2009,2018,0.055494644014888905,2.945239914181221
2001_2010,2001,2010,2010,2019,0.05677766428206188,3.017675325865261
2001_2011,2001,2010,2011,2020,0.05775188633455963,3.0738039899920953
2001_2012,2001,2010,2012,2021,0.06311596704141809,3.4010484455881245
2001_2013,2001,2010,2013,2022,0.04543636381783123,2.4319354596446554
2001_2014,2001,2010,2014,2023,0.04506044428350764,2.4145054976815383
2001_2015,2001,2010,2015,2024,0.048342595294606605,2.5707783878240082
2002_1970,2002,2011,1970,1979,0.025762072773160005,1.6631550641401343
2002_1971,2002,2011,1971,1980,0.0322875754559091,1.888052231965979
2002_1972,2002,2011,1972,1981,0.020157106487131538,1.4905315898836908
2002_1973,2002,2011,1973,1982,0.020257052299949896,1.493454887170494
2002_1974,2002,2011,1974,1983,0.03183855238340838,1.8716946803383263
2002_1975,2002,2011,1975,1984,0.045367102147314764,2.428715102169148
2002_1976,2002,2011,1976,1985,0.04729860120013485,2.5200576126512413
2002_1977,2002,2011,1977,1986,0.048658225019717394,2.5863026848210535
2002_1978,2002,2011,1978,1987,0.05404449789771548,2.865358138154442
2002_1979,2002,2011,1979,1988,0.0580625211100847,3.0919084058480846
2002_1980,2002,2011,1980,1989,0.06186029652158487,3.3216024518517964
2002_1981,2002,2011,1981,1990,0.05278102433802112,2.797441217938666
2002_1982,2002,2011,1982,1991,0.06978805358485407,3.8543830751730805
2002_1983,2002,2011,1983,1992,0.06354487823184463,3.428596753649583
2002_1984,2002,2011,1984,1993,0.06141399714270768,3.293792298185668
2002_1985,2002,2011,1985,1994,0.059804696041385164,3.1953379043895564
2002_1986,2002,2011,1986,1995,0.06183291081664799,3.319889568501621
2002_1987,2002,2011,1987,1996,0.059749952369974046,3.1920384527645345
2002_1988,2002,2011,1988,1997,0.06878888012385675,3.7830190957124734
2002_1989,2002,2011,1989,1998,0.07430764938555501,4.193468266806009
2002_1990,2002,2011,1990,1999,0.07102711981361476,3.944658013696319
2002_1991,2002,2011,1991,2000,0.07013644174343625,3.8795653332592828
2002_1992,2002,2011,1992,2001,0.05562819186014356,2.9527018864199612
2002_1993,2002,2011,1993,2002,0.046174271111253606,2.4664976253360504
2002_1994,2002,2011,1994,2003,0.05238150680253528,2.7762856925189263
2002_1995,2002,2011,1995,2004,0.05663030855494244,3.0092708486129824
2002_1996,2002,2011,1996,2005,0.04543372327623141,2.4318126119441654
2002_1997,2002,2011,1997,2006,0.04490120865267233,2.4071581852142008
2002_1998,2002,2011,1998,2007,0.036608466228201575,2.0525560720995815
2002_1999,2002,2011,1999,2008,0.011684914648000033,1.2615529530546503
2002_2000,2002,2011,2000,2009,0.015399528234209425,1.3574978355756748
2002_2001,2002,2011,2001,2010,0.026349187205196634,1.682297712614411
2002_2002,2002,2011,2002,2011,0.031706384551994704,1.8669056164772517
2002_2003,2002,2011,2003,2012,0.04484250255733757,2.404454782127875
2002_2004,2002,2011,2004,2013,0.04330816435036722,2.3348130865790853
2002_2005,2002,2011,2005,2014,0.04533068470315804,2.427023479567202
2002_2006,2002,2011,2006,2015,0.04335844023964608,2.3370643592504288
2002_2007,2002,2011,2007,2016,0.041996778019796066,2.276813833751417
2002_2008,2002,2011,2008,2017,0.04772597686187652,2.5407049578378413
2002_2009,2002,2011,2009,2018,0.06100397083754028,3.268437504508557
2002_2010,2002,2011,2010,2019,0.06229368803871682,3.3488216576169973
2002_2011,2002,2011,2011,2020,0.0632729952024611,3.411109632877278
2002_2012,2002,2011,2012,2021,0.06866507460536675,3.774264446399451
2002_2013,2002,2011,2013,2022,0.05089318980289548,2.6988052914041036
2002_2014,2002,2011,2014,2023,0.05051530809511595,2.679462642573322
2002_2015,2002,2011,2015,2024,0.05381459082990858,2.8528842278982616
2003_1970,2003,2012,1970,1979,0.038822505310082356,2.1420371292994433
2003_1971,2003,2012,1971,1980,0.045431093427378055,2.4316902675690906
2003_1972,2003,2012,1972,1981,0.03314617424464439,1.919709158072575
2003_1973,2003,2012,1973,1982,0.03324739260943188,1.9234741776208564
2003_1974,2003,2012,1974,1983,0.044976353204963404,2.4106227894449277
2003_1975,2003,2012,1975,1984,0.05867715413334906,3.12802939275316
2003_1976,2003,2012,1976,1985,0.06063324584146823,3.2456726920189585
2003_1977,2003,2012,1977,1986,0.06201018096124655,3.3309920992590882
2003_1978,2003,2012,1978,1987,0.06746503412254401,3.6903976382024166
2003_1979,2003,2012,1979,1988,0.07153421649013048,3.98217986315292
2003_1980,2003,2012,1980,1989,0.0753803467695564,4.2780110730788214
2003_1981,2003,2012,1981,1990,0.0661854734880527,3.602924997829537
2003_1982,2003,2012,1982,1991,0.08340904335773325,4.964198369460305
2003_1983,2003,2012,1983,1992,0.07708637728004364,4.415812876419882
2003_1984,2003,2012,1984,1993,0.0749283649199739,4.242193377538107
2003_1985,2003,2012,1985,1994,0.07329857352268188,4.115390428371743
2003_1986,2003,2012,1986,1995,0.075352612378349,4.2758049891042464
2003_1987,2003,2012,1987,1996,0.0732431328319072,4.111140946143953
2003_1988,2003,2012,1988,1997,0.08239714800154552,4.872286137705646
2003_1989,2003,2012,1989,1998,0.08798618454602058,5.400918363965968
2003_1990,2003,2012,1990,1999,0.08466388589692597,5.080466704464882
2003_1991,2003,2012,1991,2000,0.08376186734033597,4.9966315039185965
2003_1992,2003,2012,1992,2001,0.06906889234011904,3.802890788018037
2003_1993,2003,2012,1993,2002,0.05949460031076592,3.176690861071486
2003_1994,2003,2012,1994,2003,0.06578086912789494,3.5756780369682244
2003_1995,2003,2012,1995,2004,0.0700837684045943,3.8757479857598707
2003_1996,2003,2012,1996,2005,0.058744623510395444,3.132018786820805
2003_1997,2003,2012,1997,2006,0.05820532868750905,3.100265465320093
2003_1998,2003,2012,1998,2007,0.04980699959157153,2.6435606704414147
2003_1999,2003,2012,1999,2008,0.024566110908903704,1.6247993493123432
2003_2000,2003,2012,2000,2009,0.02832802051183192,1.7483702087935435
2003_2001,2003,2012,2001,2010,0.03941709512908709,2.1666916336623463
2003_2002,2003,2012,2002,2011,0.04484250255733757,2.4044547821278752
2003_2003,2003,2012,2003,2012,0.05814587512156888,3.0967836554087813
2003_2004,2003,2012,2004,2013,0.05659200107761153,3.0070896149496007
2003_2005,2003,2012,2005,2014,0.05864027300703345,3.1258506912596786
2003_2006,2003,2012,2006,2015,0.056642917100580004,3.009989109863918
2003_2007,2003,2012,2007,2016,0.055263917626767745,2.932390294539137
2003_2008,2003,2012,2008,2017,0.0610660630292188,3.2722651493097783
2003_2009,2003,2012,2009,2018,0.07451311798807558,4.209538028296707
2003_2010,2003,2012,2010,2019,0.07581925640908915,4.3130676655975995
2003_2011,2003,2012,2011,2020,0.07681103252200261,4.393290585632651
2003_2012,2003,2012,2012,2021,0.08227176613931575,4.861010710484924
2003_2013,2003,2012,2013,2022,0.06427360225256429,3.475888246130671
2003_2014,2003,2012,2014,2023,0.06389090919653695,3.450976154126816
2003_2015,2003,2012,2015,2024,0.06723219978161166,3.67433204125815
2004_1970,2004,2013,1970,1979,0.03729700739412212,2.0799959968474284
2004_1971,2004,2013,1971,1980,0.04389589088204282,2.36125973398545
2004_1972,2004,2013,1972,1981,0.03162901195018475,1.864107446731428
2004_1973,2004,2013,1973,1982,0.03173008167706359,1.8677634177140774
2004_1974,2004,2013,1974,1983,0.043441818439983404,2.3408024461249624
2004_1975,2004,2013,1975,1984,0.05712249991277729,3.037430362878702
2004_1976,2004,2013,1976,1985,0.059075719124575876,3.1516662872619627
2004_1977,2004,2013,1977,1986,0.06045063223227354,3.23451453628877
2004_1978,2004,2013,1978,1987,0.06589747500961507,3.583510392626426
2004_1979,2004,2013,1979,1988,0.0699606818335552,3.8668415504046165
2004_1980,2004,2013,1980,1989,0.0738011641185492,4.154104419928101
2004_1981,2004,2013,1981,1990,0.06461979339398538,3.4985712758760226
2004_1982,2004,2013,1982,1991,0.08181807066574165,4.820417253650005
2004_1983,2004,2013,1983,1992,0.0755046893444713,4.28791498529468
2004_1984,2004,2013,1984,1993,0.07334984599868566,4.119324134226262
2004_1985,2004,2013,1985,1994,0.07172244792977023,3.9961938564888517
2004_1986,2004,2013,1986,1995,0.07377347045494975,4.1519622321139575
2004_1987,2004,2013,1987,1996,0.07166708865295957,3.9920674546158037
2004_1988,2004,2013,1988,1997,0.0808076612652866,4.731167132120354
2004_1989,2004,2013,1989,1998,0.08638849037917828,5.24448825965171
2004_1990,2004,2013,1990,1999,0.08307107048428808,4.933318037703516
2004_1991,2004,2013,1991,2000,0.08217037653071846,4.851911007383643
2004_1992,2004,2013,1992,2001,0.06749897798136528,3.6927453344902825
2004_1993,2004,2013,1993,2002,0.05793874568065971,3.084682419305915
2004_1994,2004,2013,1994,2003,0.0642157831902932,3.472113485419176
2004_1995,2004,2013,1995,2004,0.06851236371297476,3.763492324620233
2004_1996,2004,2013,1996,2005,0.0571898702118836,3.041304209684179
2004_1997,2004,2013,1997,2006,0.056651367336730374,3.0104705790693407
2004_1998,2004,2013,1998,2007,0.048265371082513164,2.566993604699921
2004_1999,2004,2013,1999,2008,0.023061548330632897,1.577739291267689
2004_2000,2004,2013,2000,2009,0.02681793361614404,1.6977310923117515
2004_2001,2004,2013,2001,2010,0.03789072406538008,2.103936417710193
2004_2002,2004,2013,2002,2011,0.04330816435036722,2.3348130865790844
2004_2003,2004,2013,2003,2012,0.05659200107761153,3.0070896149496003
2004_2004,2004,2013,2004,2013,0.055040408878342495,2.9199934378832473
2004_2005,2004,2013,2005,2014,0.05708567294593658,3.0353147644500957
2004_2006,2004,2013,2006,2015,0.05509125013176508,2.9228089529516685
2004_2007,2004,2013,2007,2016,0.053714275701512104,2.8474576796110265
2004_2008,2004,2013,2008,2017,0.05950790072567491,3.1774885309358307
2004_2009,2004,2013,2009,2018,0.07293520885173699,4.087614601852291
2004_2010,2004,2013,2010,2019,0.07423942922474058,4.188145646900678
2004_2011,2004,2013,2011,2020,0.0752297489267797,4.266045021400735
2004_2012,2004,2013,2012,2021,0.0806824635247605,4.720218281999571
2004_2013,2004,2013,2013,2022,0.06271072971760394,3.375213967371962
2004_2014,2004,2013,2014,2023,0.062328598641564925,3.351023419536753
2004_2015,2004,2013,2015,2024,0.06566498258301379,3.5679101133997215
2005_1970,2005,2014,1970,1979,0.03930787473038033,2.1621427217332427
2005_1971,2005,2014,1971,1980,0.04591955058072661,2.454514602766759
2005_1972,2005,2014,1972,1981,0.033628891510695924,1.937727935336377
2005_1973,2005,2014,1973,1982,0.03373015716777705,1.9415282941173482
2005_1974,2005,2014,1974,1983,0.04546459788987112,2.4332493810447007
2005_1975,2005,2014,1975,1984,0.05917180024850133,3.1573897073954216
2005_1976,2005,2014,1976,1985,0.06112880590206671,3.2761372303907037
2005_1977,2005,2014,1977,1986,0.06250638436774647,3.3622574627917055
2005_1978,2005,2014,1978,1987,0.06796378620208765,3.7250364545970793
2005_1979,2005,2014,1979,1988,0.07203486981524487,4.0195574063483654
2005_1980,2005,2014,1980,1989,0.0758827971235323,4.318165347664498
2005_1981,2005,2014,1981,1990,0.06668362771801184,3.636742778382949
2005_1982,2005,2014,1982,1991,0.08391524496256175,5.0107933363783355
2005_1983,2005,2014,1983,1992,0.0775896247432808,4.4572605865192205
2005_1984,2005,2014,1984,1993,0.07543060409430447,4.28201146001086
2005_1985,2005,2014,1985,1994,0.07380005120898003,4.15401831279402
2005_1986,2005,2014,1986,1995,0.07585504977397517,4.315938556940884
2005_1987,2005,2014,1987,1996,0.07374458461463096,4.149728944069138
2005_1988,2005,2014,1988,1997,0.08290287681813568,4.918018397882482
2005_1989,2005,2014,1989,1998,0.08849452473020603,5.4516124728162865
2005_1990,2005,2014,1990,1999,0.0851706738022946,5.128152989420579
2005_1991,2005,2014,1991,2000,0.0842682337952434,5.04353089477674
2005_1992,2005,2014,1992,2001,0.06956839379092616,3.838585487800924
2005_1993,2005,2014,1993,2002,0.05998962836159549,3.2065079220678894
2005_1994,2005,2014,1994,2003,0.06627883431441028,3.609240072052688
2005_1995,2005,2014,1995,2004,0.07058374403631751,3.912126537892293
2005_1996,2005,2014,1996,2005,0.059239301149289325,3.161416546720241
2005_1997,2005,2014,1997,2006,0.05869975435148489,3.1293651821409196
2005_1998,2005,2014,1998,2007,0.05029750130116284,2.6683736639637545
2005_1999,2005,2014,1999,2008,0.02504481930881486,1.6400500436430525
2005_2000,2005,2014,2000,2009,0.02880848659014701,1.7647807641292002
2005_2001,2005,2014,2001,2010,0.03990274235980418,2.187028638245636
2005_2002,2005,2014,2002,2011,0.04533068470315804,2.4270234795672025
2005_2003,2005,2014,2003,2012,0.05864027300703345,3.125850691259679
2005_2004,2005,2014,2004,2013,0.05708567294593658,3.035314764450096
2005_2005,2005,2014,2005,2014,0.05913490189020343,3.1551905561703926
2005_2006,2005,2014,2006,2015,0.05713661275841697,3.0382414746083573
2005_2007,2005,2014,2007,2016,0.05575696897417459,2.959914301155267
2005_2008,2005,2014,2008,2017,0.061561825315151086,3.3029792898479804
2005_2009,2005,2014,2009,2018,0.07501516314642975,4.249049601076584
2005_2010,2005,2014,2010,2019,0.07632191183497694,4.3535509884297605
2005_2011,2005,2014,2011,2020,0.07731415133580755,4.434526896969079
2005_2012,2005,2014,2012,2021,0.08277743637369239,4.906637137228194
2005_2013,2005,2014,2013,2022,0.06477086319822445,3.508513634115889
2005_2014,2005,2014,2014,2023,0.06438799133638029,3.483367712193005
2005_2015,2005,2014,2015,2024,0.06773084307388078,3.7088200627202923
2006_1970,2006,2015,1970,1979,0.03734699361226457,2.0820015698721486
2006_1971,2006,2015,1971,1980,0.04394619509322606,2.363536507034061
2006_1972,2006,2015,1972,1981,0.031678725033772004,1.865904855772605
2006_1973,2006,2015,1973,1982,0.031779799631091565,1.8695643519143381
2006_1974,2006,2015,1974,1983,0.04349210076990784,2.343059493854508
2006_1975,2006,2015,1975,1984,0.05717344149990944,3.0403591129385537
2006_1976,2006,2015,1976,1985,0.059126754835224116,3.1547051858455344
2006_1977,2006,2015,1977,1986,0.060501734198493695,3.237633318782525
2006_1978,2006,2015,1978,1987,0.06594883945328323,3.58696568378475
2006_1979,2006,2015,1979,1988,0.07001224207875478,3.8705700350344507
2006_1980,2006,2015,1980,1989,0.07385290943242606,4.15810988906319
2006_1981,2006,2015,1981,1990,0.06467109626756162,3.5019446670684067
2006_1982,2006,2015,1982,1991,0.081870202305653,4.825065194716464
2006_1983,2006,2015,1983,1992,0.07555651674938191,4.292049477207087
2006_1984,2006,2015,1984,1993,0.07340156956403177,4.123296067526233
2006_1985,2006,2015,1985,1994,0.07177409307256766,4.000047065154769
2006_1986,2006,2015,1986,1995,0.07382521443429924,4.155965635709449
2006_1987,2006,2015,1987,1996,0.07171873112805383,3.9959166845239276
2006_1988,2006,2015,1988,1997,0.08085974421466458,4.735729016465326
2006_1989,2006,2015,1989,1998,0.08644084226266036,5.2495450983177285
2006_1990,2006,2015,1990,1999,0.08312326250490232,4.938074839925147
2006_1991,2006,2015,1991,2000,0.08222252514786765,4.856589315346496
2006_1992,2006,2015,1992,2001,0.06755041959972519,3.6963059521266834
2006_1993,2006,2015,1993,2002,0.05798972660179036,3.0876567307273626
2006_1994,2006,2015,1994,2003,0.06426706659505577,3.4754613654899464
2006_1995,2006,2015,1995,2004,0.06856385416529442,3.767121157895125
2006_1996,2006,2015,1996,2005,0.05724081504551726,3.044236694983266
2006_1997,2006,2015,1997,2006,0.05670228622049445,3.0133733339757187
2006_1998,2006,2015,1998,2007,0.04831588585420987,2.569468750390594
2006_1999,2006,2015,1999,2008,0.02311084855743717,1.579260578504494
2006_2000,2006,2015,2000,2009,0.026867414859082617,1.6993680780016904
2006_2001,2006,2015,2001,2010,0.03794073889408511,2.1059650745592844
2006_2002,2006,2015,2002,2011,0.04335844023964608,2.3370643592504288
2006_2003,2006,2015,2003,2012,0.056642917100580004,3.0099891098639193
2006_2004,2006,2015,2004,2013,0.05509125013176508,2.922808952951669
2006_2005,2006,2015,2005,2014,0.05713661275841697,3.0382414746083577
2006_2006,2006,2015,2006,2015,0.055142093835172545,2.925627182795061
2006_2007,2006,2015,2007,2016,0.053765053050014444,2.8502032542755527
2006_2008,2006,2015,2008,2017,0.059558957262685785,3.1805523278343166
2006_2009,2006,2015,2009,2018,0.07298691243616862,4.091555960197862
2006_2010,2006,2015,2010,2019,0.0742911956581378,4.192183939255932
2006_2011,2006,2015,2011,2020,0.07528156308260958,4.270158425864076
2006_2012,2006,2015,2012,2021,0.08073454044099515,4.724769609248047
2006_2013,2006,2015,2013,2022,0.06276194059547135,3.3784684150227666
2006_2014,2006,2015,2014,2023,0.06237979110495018,3.354254542185843
2006_2015,2006,2015,2015,2024,0.06571633582312386,3.5713503624621765
2007_1970,2007,2016,1970,1979,0.03599317678805569,2.028326672910904
2007_1971,2007,2016,1971,1980,0.042583765808532625,2.302603518166534
2007_1972,2007,2016,1972,1981,0.03033230573171619,1.8178010251500223
2007_1973,2007,2016,1973,1982,0.03043324841898909,1.8213661779054782
2007_1974,2007,2016,1974,1983,0.04213026411288712,2.2826544112039557
2007_1975,2007,2016,1975,1984,0.05579374965135475,2.9619773458574747
2007_1976,2007,2016,1976,1985,0.05774451376401535,3.07337552776859
2007_1977,2007,2016,1977,1986,0.05911769867450656,3.1541657377304047
2007_1978,2007,2016,1978,1987,0.06455769504212272,3.494492163943701
2007_1979,2007,2016,1979,1988,0.06861579461772593,3.7707850729008654
2007_1980,2007,2016,1980,1989,0.07245144960802063,4.050912025680837
2007_1981,2007,2016,1981,1990,0.06328161940856303,3.4116630256475418
2007_1982,2007,2016,1982,1991,0.08045827930350358,4.700672936369801
2007_1983,2007,2016,1983,1992,0.07415283358769242,4.18139859356928
2007_1984,2007,2016,1984,1993,0.07200069877252568,4.0169957194535995
2007_1985,2007,2016,1985,1994,0.07037534626182107,3.896924129433115
2007_1986,2007,2016,1986,1995,0.07242379075397554,4.048823052101852
2007_1987,2007,2016,1987,1996,0.07032005656886064,3.8929002317934387
2007_1988,2007,2016,1988,1997,0.07944913993727387,4.613639883261281
2007_1989,2007,2016,1989,1998,0.08502295422729711,5.114209565279242
2007_1990,2007,2016,1990,1999,0.081709704163768,4.810769144264133
2007_1991,2007,2016,1991,2000,0.08081014233757844,4.731384351596006
2007_1992,2007,2016,1992,2001,0.06615718500450773,3.6010135930869063
2007_1993,2007,2016,1993,2002,0.05660896943901483,3.0080556106937872
2007_1994,2007,2016,1994,2003,0.06287811702554813,3.3858624749872286
2007_1995,2007,2016,1995,2004,0.06716929696079244,3.670003152358288
2007_1996,2007,2016,1996,2005,0.05586103526935493,2.9657549621674244
2007_1997,2007,2016,1997,2006,0.05532320926545964,2.9356872718961218
2007_1998,2007,2016,1998,2007,0.046947753790306246,2.5032267396168844
2007_1999,2007,2016,1999,2008,0.021775610986656257,1.5385465607761644
2007_2000,2007,2016,2000,2009,0.025527274683202705,1.6555576372191838
2007_2001,2007,2016,2001,2010,0.036586147187067874,2.0516723881287495
2007_2002,2007,2016,2002,2011,0.041996778019796066,2.276813833751418
2007_2003,2007,2016,2003,2012,0.055263917626767745,2.9323902945391365
2007_2004,2007,2016,2004,2013,0.053714275701512104,2.8474576796110265
2007_2005,2007,2016,2005,2014,0.05575696897417459,2.959914301155267
2007_2006,2007,2016,2006,2015,0.053765053050014444,2.850203254275553
2007_2007,2007,2016,2007,2016,0.052389809407947574,2.776723787110098
2007_2008,2007,2016,2008,2017,0.05817615213439575,3.09855631930737
2007_2009,2007,2016,2009,2018,0.07158658280379204,3.9860738857591436
2007_2010,2007,2016,2010,2019,0.07288916383683075,4.08410763218765
2007_2011,2007,2016,2011,2020,0.07387823875639388,4.160071902955969
2007_2012,2007,2016,2012,2021,0.07932409956406383,4.602963014281081
2007_2013,2007,2016,2013,2022,0.0613749553300138,3.291370044547328
2007_2014,2007,2016,2014,2023,0.060993304573679685,3.267780415778404
2007_2015,2007,2016,2015,2024,0.06432549484690653,3.479279412328631
2008_1970,2008,2017,1970,1979,0.041689366098867975,2.263417218213421
2008_1971,2008,2017,1971,1980,0.04831619207878779,2.569483761832806
2008_1972,2008,2017,1972,1981,0.03599736994062286,2.0284908711010665
2008_1973,2008,2017,1973,1982,0.03609886763990655,2.032469238215215
2008_1974,2008,2017,1974,1983,0.04786019690001053,2.547222479767093
2008_1975,2008,2017,1975,1984,0.061598808223103374,3.305281449043186
2008_1976,2008,2017,1976,1985,0.06356029819953934,3.4295910912634073
2008_1977,2008,2017,1977,1986,0.06494103327675371,3.519745184651244
2008_1978,2008,2017,1978,1987,0.07041094031352713,3.8995166993642734
2008_1979,2008,2017,1979,1988,0.07449135249112682,4.207832975906869
2008_1980,2008,2017,1980,1989,0.07834809701892564,4.520427676097795
2008_1981,2008,2017,1981,1990,0.0691278484480593,3.8070873583251132
2008_1982,2008,2017,1982,1991,0.08639895057358715,5.245498273756912
2008_1983,2008,2017,1983,1992,0.0800588356984695,4.666038118660491
2008_1984,2008,2017,1984,1993,0.07789486782532129,4.482580344837907
2008_1985,2008,2017,1985,1994,0.07626057865769131,4.348592014506186
2008_1986,2008,2017,1986,1995,0.07832028608852282,4.518096582773324
2008_1987,2008,2017,1987,1996,0.0762049849660511,4.344101732283103
2008_1988,2008,2017,1988,1997,0.08538426266804278,5.148377768667464
2008_1989,2008,2017,1989,1998,0.09098872339675967,5.706965323782082
2008_1990,2008,2017,1990,1999,0.0876572561286979,5.3683550383679135
2008_1991,2008,2017,1991,2000,0.08675274825211576,5.279769255323668
2008_1992,2008,2017,1992,2001,0.07201922473308686,4.018384355177043
2008_1993,2008,2017,1993,2002,0.062418510324300236,3.3567003547888925
2008_1994,2008,2017,1994,2003,0.06872212749255513,3.7782964286470397
2008_1995,2008,2017,1995,2004,0.0730369015728436,4.095370058918592
2008_1996,2008,2017,1996,2005,0.06166646379683938,3.309496905021719
2008_1997,2008,2017,1997,2006,0.06112568067044255,3.275944258507286
2008_1998,2008,2017,1998,2007,0.05270417452524656,2.79335995488828
2008_1999,2008,2017,1999,2008,0.027393628019737326,1.71686978394174
2008_2000,2008,2017,2000,2009,0.03116591944542768,1.847442875879998
2008_2001,2008,2017,2001,2010,0.04228559682017208,2.2894687879636444
2008_2002,2008,2017,2002,2011,0.04772597686187652,2.540704957837841
2008_2003,2008,2017,2003,2012,0.06106606302921902,3.272265149309779
2008_2004,2008,2017,2004,2013,0.05950790072567491,3.1774885309358307
2008_2005,2008,2017,2005,2014,0.061561825315151086,3.3029792898479804
2008_2006,2008,2017,2006,2015,0.059558957262685785,3.180552327834316
2008_2007,2008,2017,2007,2016,0.05817615213439575,3.0985563193073697
2008_2008,2008,2017,2008,2017,0.0639943098421829,3.4576904294510395
2008_2009,2008,2017,2009,2018,0.07747847492754256,4.448074556526044
2008_2010,2008,2017,2010,2019,0.07878821792682134,4.557470775880499
2008_2011,2008,2017,2011,2020,0.07978273106558365,4.642239585916057
2008_2012,2008,2017,2012,2021,0.0852585347867938,5.136463411178038
2008_2013,2008,2017,2013,2022,0.06721070098044235,3.6728519768706565
2008_2014,2008,2017,2014,2023,0.06682695179816567,3.6465282230888163
2008_2015,2008,2017,2015,2024,0.07017746341466125,3.8825407337065636
2009_1970,2009,2018,1970,1979,0.05489085716908271,2.9117264094508597
2009_1971,2009,2018,1971,1980,0.061601665943533,3.3054594034983924
2009_1972,2009,2018,1972,1981,0.049126725459779585,2.609510254312305
2009_1973,2009,2018,1973,1982,0.04922950945516491,2.6146281426536793
2009_1974,2009,2018,1974,1983,0.061139891867056706,3.276821836205283
2009_1975,2009,2018,1975,1984,0.07505261474451674,4.2520111663034905
2009_1976,2009,2018,1976,1985,0.07703896298796664,4.4119267423136925
2009_1977,2009,2018,1977,1986,0.07843719633518864,4.527903616804674
2009_1978,2009,2018,1978,1987,0.08397642435310204,5.016452851143323
2009_1979,2009,2018,1979,1988,0.08810854822775682,5.413079967721165
2009_1980,2009,2018,1980,1989,0.09201416987775812,5.815210974181712
2009_1981,2009,2018,1981,1990,0.08267707166520921,4.897549031226157
2009_1982,2009,2018,1982,1991,0.10016705314950092,6.747963093822653
2009_1983,2009,2018,1983,1992,0.09374658901419886,6.002528525576982
2009_1984,2009,2018,1984,1993,0.0915551968402144,5.76652305528197
2009_1985,2009,2018,1985,1994,0.08990019607222188,5.594156530522103
2009_1986,2009,2018,1986,1995,0.09198600649511635,5.812212187240827
2009_1987,2009,2018,1987,1996,0.08984389783309599,5.588380099544363
2009_1988,2009,2018,1988,1997,0.09913950594658805,6.623024422643254
2009_1989,2009,2018,1989,1998,0.1048149928762736,7.341607865028495
2009_1990,2009,2018,1990,1999,0.10144130540627705,6.9060096453903315
2009_1991,2009,2018,1991,2000,0.10052533456094026,6.792050291402821
2009_1992,2009,2018,1992,2001,0.08560509081081458,5.16936769595163
2009_1993,2009,2018,1993,2002,0.07588270505770978,4.318157957359102
2009_1994,2009,2018,1994,2003,0.08226620894504322,4.860511533401313
2009_1995,2009,2018,1995,2004,0.08663566482716689,5.2684043671100165
2009_1996,2009,2018,1996,2005,0.07512112772784274,4.257434052725758
2009_1997,2009,2018,1997,2006,0.07457349117292256,4.214270942461819
2009_1998,2009,2018,1998,2007,0.0660452579728179,3.5934603158010203
2009_1999,2009,2018,1999,2008,0.04041394698170575,2.208631732260679
2009_2000,2009,2018,2000,2009,0.04423404524232333,2.376604794010373
2009_2001,2009,2018,2001,2010,0.055494644014888905,2.9452399141812213
2009_2002,2009,2018,2002,2011,0.06100397083754028,3.268437504508558
2009_2003,2009,2018,2003,2012,0.07451311798807558,4.209538028296708
2009_2004,2009,2018,2004,2013,0.07293520885173699,4.087614601852293
2009_2005,2009,2018,2005,2014,0.07501516314642975,4.249049601076585
2009_2006,2009,2018,2006,2015,0.07298691243616862,4.091555960197862
2009_2007,2009,2018,2007,2016,0.07158658280379204,3.9860738857591422
2009_2008,2009,2018,2008,2017,0.07747847492754256,4.448074556526045
2009_2009,2009,2018,2009,2018,0.09113352693059262,5.7221337954062
2009_2010,2009,2018,2010,2019,0.0924598685062532,5.862864306080618
2009_2011,2009,2018,2011,2020,0.09346698526443209,5.971913393845835
2009_2012,2009,2018,2012,2021,0.0990121846963794,6.607697443121121
2009_2013,2009,2018,2013,2022,0.08073562789007704,4.724864692643558
2009_2014,2009,2018,2014,2023,0.08034701539483202,4.691001042378067
2009_2015,2009,2018,2015,2024,0.083739988565247,4.9946144701618005
2010_1970,2010,2019,1970,1979,0.056173143495288125,2.9833375879373145
2010_1971,2010,2019,1971,1980,0.06289210968078307,3.386754075468723
2010_1972,2010,2019,1972,1981,0.05040200512058157,2.6736887100824798
2010_1973,2010,2019,1973,1982,0.05050491405639179,2.6789324680846494
2010_1974,2010,2019,1974,1983,0.06242977428881158,3.3574121940833983
2010_1975,2010,2019,1975,1984,0.07635940895784188,4.356585390574096
2010_1976,2010,2019,1976,1985,0.07834817173278052,4.520433940101061
2010_1977,2010,2019,1977,1986,0.07974810472076621,4.639263156979883
2010_1978,2010,2019,1978,1987,0.08529406601947032,5.139827801250624
2010_1979,2010,2019,1979,1988,0.08943121275114096,5.54620958953994
2010_1980,2010,2019,1980,1989,0.09334158193042752,5.958230630718418
2010_1981,2010,2019,1981,1990,0.08399313388648766,5.017999653469694
2010_1982,2010,2019,1982,1991,0.10150437554565972,6.913922913386496
2010_1983,2010,2019,1983,1992,0.09507610693152202,6.150155081499244
2010_1984,2010,2019,1984,1993,0.0928820509822279,5.908345278145257
2010_1985,2010,2019,1985,1994,0.09122503845648766,5.731739560468906
2010_1986,2010,2019,1986,1995,0.09331338431341907,5.955158091426978
2010_1987,2010,2019,1987,1996,0.09116867178330357,5.7258210635922495
2010_1988,2010,2019,1988,1997,0.10047557929435591,6.785911492840038
2010_1989,2010,2019,1989,1998,0.10615796513612796,7.522167820625167
2010_1990,2010,2019,1990,1999,0.10278017673636963,7.075856471568789
2010_1991,2010,2019,1991,2000,0.1018630924707371,6.959094394216844
2010_1992,2010,2019,1992,2001,0.08692471222391651,5.296503443161726
2010_1993,2010,2019,1993,2002,0.07719050829813101,4.4243589998792565
2010_1994,2010,2019,1994,2003,0.08358177173678905,4.980051253144255
2010_1995,2010,2019,1995,2004,0.08795653896794242,5.39797582830478
2010_1996,2010,2019,1996,2005,0.07642800522301774,4.362141647798729
2010_1997,2010,2019,1997,2006,0.07587970298134761,4.317916981344926
2010_1998,2010,2019,1998,2007,0.06734110317625741,3.6818380999305917
2010_1999,2010,2019,1999,2008,0.04167863571110497,2.262950956991548
2010_2000,2010,2019,2000,2009,0.04550337754193756,2.435055158558097
2010_2001,2010,2019,2001,2010,0.05677766428206188,3.0176753258652598
2010_2002,2010,2019,2002,2011,0.06229368803871682,3.3488216576169973
2010_2003,2010,2019,2003,2012,0.07581925640908915,4.313067665597599
2010_2004,2010,2019,2004,2013,0.07423942922474058,4.188145646900679
2010_2005,2010,2019,2005,2014,0.07632191183497694,4.35355098842976
2010_2006,2010,2019,2006,2015,0.0742911956581378,4.192183939255931
2010_2007,2010,2019,2007,2016,0.07288916383683075,4.084107632187649
2010_2008,2010,2019,2008,2017,0.07878821792682134,4.557470775880499
2010_2009,2010,2019,2009,2018,0.0924598685062532,5.862864306080617
2010_2010,2010,2019,2010,2019,0.09378782233369765,6.00705595159438
2010_2011,2010,2019,2011,2020,0.09479616330577412,6.1187869993344055
2010_2012,2010,2019,2012,2021,0.1003481032771425,6.770207560640398
2010_2013,2010,2019,2013,2022,0.08204933016407856,4.841068305637903
2010_2014,2010,2019,2014,2023,0.08166024528585147,4.806371810673991
2010_2015,2010,2019,2015,2024,0.0850573428290129,5.11745232578342
2011_1970,2011,2020,1970,1979,0.0571468082522435,3.038827571241692
2011_1971,2011,2020,1971,1980,0.06387196851739141,3.4497475924825753
2011_1972,2011,2020,1972,1981,0.0513703495812603,2.72341923420535
2011_1973,2011,2020,1973,1982,0.05147335338674641,2.728760525937919
2011_1974,2011,2020,1974,1983,0.06340920690773011,3.419859953046009
2011_1975,2011,2020,1975,1984,0.0773516830265153,4.437617738895828
2011_1976,2011,2020,1976,1985,0.07934227920181613,4.6045138661808265
2011_1977,2011,2020,1977,1986,0.08074350275983844,4.725553302676542
2011_1978,2011,2020,1978,1987,0.08629457676860652,5.235428433251501
2011_1979,2011,2020,1979,1988,0.09043553745255539,5.649368909749135
2011_1980,2011,2020,1980,1989,0.0943495115224604,6.069053529058527
2011_1981,2011,2020,1981,1990,0.08499244533248218,5.111334285835229
2011_1982,2011,2020,1982,1991,0.10251983025278433,7.042521657485327
2011_1983,2011,2020,1983,1992,0.09608563554723237,6.264547768458848
2011_1984,2011,2020,1984,1993,0.09388955694193157,6.01824031052993
2011_1985,2011,2020,1985,1994,0.0922310168497047,5.838349732177758
2011_1986,2011,2020,1986,1995,0.09432128791063654,6.065923840634961
2011_1987,2011,2020,1987,1996,0.09217459821321938,5.832321151449309
2011_1988,2011,2020,1988,1997,0.10149008557492922,6.91212922862871
2011_1989,2011,2020,1989,1998,0.10717770989380493,7.662079900460497
2011_1990,2011,2020,1990,1999,0.10379680757892618,7.207467174648154
2011_1991,2011,2020,1991,2000,0.10287887787177286,7.088533326408116
2011_1992,2011,2020,1992,2001,0.08792672623295839,5.395018237069388
2011_1993,2011,2020,1993,2002,0.07818354854055354,4.506651935157031
2011_1994,2011,2020,1994,2003,0.08458070395629957,5.072680046482721
2011_1995,2011,2020,1995,2004,0.08895950419728593,5.4983780053165905
2011_1996,2011,2020,1996,2005,0.07742034252920682,4.44327734232636
2011_1997,2011,2020,1997,2006,0.0768715348187392,4.398230098497109
2011_1998,2011,2020,1998,2007,0.0683250634503969,3.750320170320698
2011_1999,2011,2020,1999,2008,0.04263893827315335,2.3050417721007115
2011_2000,2011,2020,2000,2009,0.04646720605647592,2.4803471062880393
2011_2001,2011,2020,2001,2010,0.05775188633455963,3.073803989992096
2011_2002,2011,2020,2002,2011,0.06327299520246132,3.4111096328772788
2011_2003,2011,2020,2003,2012,0.07681103252200261,4.393290585632653
2011_2004,2011,2020,2004,2013,0.0752297489267797,4.2660450214007355
2011_2005,2011,2020,2005,2014,0.07731415133580777,4.43452689696908
2011_2006,2011,2020,2006,2015,0.07528156308260958,4.270158425864076
2011_2007,2011,2020,2007,2016,0.07387823875639388,4.160071902955968
2011_2008,2011,2020,2008,2017,0.07978273106558365,4.642239585916059
2011_2009,2011,2020,2009,2018,0.09346698526443209,5.971913393845836
2011_2010,2011,2020,2010,2019,0.09479616330577412,6.118786999334408
2011_2011,2011,2020,2011,2020,0.09580543384709195,6.232596240973353
2011_2012,2011,2020,2012,2021,0.10136249204014214,6.8961332037946
2011_2013,2011,2020,2013,2022,0.08304684965655618,4.931112020617185
2011_2014,2011,2020,2014,2023,0.08265740608881345,4.89577017196147
2011_2015,2011,2020,2015,2024,0.08605763534780553,5.212636774659354
2012_1970,2012,2021,1970,1979,0.06250782048178749,3.362348354427267
2012_1971,2012,2021,1971,1980,0.06926708543906113,3.817015894729972
2012_1972,2012,2021,1972,1981,0.05670206818258072,3.013360898527145
2012_1973,2012,2021,1973,1982,0.05680559434187482,3.019270836832785
2012_1974,2012,2021,1974,1983,0.06880197706863833,3.783946346385644
2012_1975,2012,2021,1975,1984,0.08281515839544129,4.910057037509653
2012_1976,2012,2021,1976,1985,0.08481584929964514,5.0947213219355385
2012_1977,2012,2021,1977,1986,0.08622417875494892,5.228646903621597
2012_1978,2012,2021,1978,1987,0.0918034034192512,5.792804548654279
2012_1979,2012,2021,1979,1988,0.09596536377958875,6.2508141090367895
2012_1980,2012,2021,1980,1989,0.09989918642936102,6.715179347284502
2012_1981,2012,2021,1981,1990,0.09049466860268907,5.655499044285478
2012_1982,2012,2021,1982,1991,0.10811093855218101,7.792285199119922
2012_1983,2012,2021,1983,1992,0.10164411470161872,6.931486366599553
2012_1984,2012,2021,1984,1993,0.0994368993231014,6.658956433118639
2012_1985,2012,2021,1985,1994,0.09776994842771258,6.459914277576972
2012_1986,2012,2021,1986,1995,0.09987081968970757,6.711716464816134
2012_1987,2012,2021,1987,1996,0.09771324368053969,6.453243879860545
2012_1988,2012,2021,1988,1997,0.10707597182402218,7.648010883346
2012_1989,2012,2021,1989,1998,0.11279243927357041,8.477803080573198
2012_1990,2012,2021,1990,1999,0.10939439169701615,7.974791206848415
2012_1991,2012,2021,1991,2000,0.10847180697662573,7.843195379332541
2012_1992,2012,2021,1992,2001,0.09344382985438004,5.969384661105734
2012_1993,2012,2021,1993,2002,0.08365124247322053,4.98644077786884
2012_1994,2012,2021,1994,2003,0.09008083920000343,5.612729583027288
2012_1995,2012,2021,1995,2004,0.09448184525144043,6.083748355172772
2012_1996,2012,2021,1996,2005,0.0828841660848092,4.916319175730804
2012_1997,2012,2021,1997,2006,0.08233257525583393,4.866476095592211
2012_1998,2012,2021,1998,2007,0.07374276294641557,4.149588141356989
2012_1999,2012,2021,1999,2008,0.04792637806434219,2.5504419805372747
2012_2000,2012,2021,2000,2009,0.051774059793054494,2.744410735956403
2012_2001,2012,2021,2001,2010,0.06311596704141809,3.4010484455881236
2012_2002,2012,2021,2002,2011,0.06866507460536675,3.7742644463994517
2012_2003,2012,2021,2003,2012,0.08227176613931597,4.861010710484925
2012_2004,2012,2021,2004,2013,0.0806824635247605,4.720218281999573
2012_2005,2012,2021,2005,2014,0.08277743637369239,4.906637137228193
2012_2006,2012,2021,2006,2015,0.08073454044099515,4.724769609248048
2012_2007,2012,2021,2007,2016,0.07932409956406383,4.602963014281079
2012_2008,2012,2021,2008,2017,0.0852585347867938,5.136463411178038
2012_2009,2012,2021,2009,2018,0.0990121846963794,6.607697443121122
2012_2010,2012,2021,2010,2019,0.1003481032771425,6.770207560640398
2012_2011,2012,2021,2011,2020,0.10136249204014214,6.896133203794597
2012_2012,2012,2021,2012,2021,0.10694773123577472,7.630311883808368
2012_2013,2012,2021,2013,2022,0.08853920640478985,5.456089889708327
2012_2014,2012,2021,2014,2023,0.08814778788738731,5.416985464108619
2012_2015,2012,2021,2015,2024,0.09156526041902469,5.767586436087708
2013_1970,2013,2022,1970,1979,0.04483833072673016,2.4042627800309155
2013_1971,2013,2022,1971,1980,0.05148518920509404,2.729374912745731
2013_1972,2013,2022,1972,1981,0.039129128004659286,2.1547176816434925
2013_1973,2013,2022,1973,1982,0.03923093252541521,2.1589436104297883
2013_1974,2013,2022,1974,1983,0.05102781558017422,2.705728378878408
2013_1975,2013,2022,1975,1984,0.06480795790329497,3.510959049668179
2013_1976,2013,2022,1976,1985,0.06677537734657069,3.6430041024247135
2013_1977,2013,2022,1977,1986,0.06816028630331195,3.738768210542127
2013_1978,2013,2022,1978,1987,0.07364672854178478,4.142171750284222
2013_1979,2013,2022,1979,1988,0.07773947556126015,4.469673609952052
2013_1980,2013,2022,1980,1989,0.08160787879701159,4.8017201265448675
2013_1981,2013,2022,1981,1990,0.07235975796637706,4.043990812781835
2013_1982,2013,2022,1982,1991,0.08968306960027395,5.57190965979521
2013_1983,2013,2022,1983,1992,0.08332378893722758,4.956391463592329
2013_1984,2013,2022,1984,1993,0.08115327951867224,4.7615176710985505
2013_1985,2013,2022,1985,1994,0.07951404999267053,4.6191916549390895
2013_1986,2013,2022,1986,1995,0.08157998379582998,4.799243976380547
2013_1987,2013,2022,1987,1996,0.07945828824462686,4.614421956125314
2013_1988,2013,2022,1988,1997,0.08866531435390135,5.468745641387382
2013_1989,2013,2022,1989,1998,0.0942867170320778,6.062092399264661
2013_1990,2013,2022,1990,1999,0.09094517893779153,5.702411426792636
2013_1991,2013,2022,1991,2000,0.09003793678801664,5.60831322019629
2013_1992,2013,2022,1992,2001,0.07525987470891882,4.268436178388975
2013_1993,2013,2022,1993,2002,0.0656301379148998,3.56557759735772
2013_1994,2013,2022,1994,2003,0.07195281054069924,4.013408311212761
2013_1995,2013,2022,1995,2004,0.07628062792487289,4.350212468067636
2013_1996,2013,2022,1996,2005,0.06487581799578224,3.5154368206370012
2013_1997,2013,2022,1997,2006,0.06433340011435029,3.479796295091356
2013_1998,2013,2022,1998,2007,0.055886436259948935,2.967182239634917
2013_1999,2013,2022,1999,2008,0.030499377486721935,1.8237053630567672
2013_2000,2013,2022,2000,2009,0.03428307232369021,1.9624036209362865
2013_2001,2013,2022,2001,2010,0.04543636381783123,2.431935459644656
2013_2002,2013,2022,2002,2011,0.05089318980289548,2.6988052914041045
2013_2003,2013,2022,2003,2012,0.06427360225256429,3.4758882461306704
2013_2004,2013,2022,2004,2013,0.06271072971760394,3.375213967371963
2013_2005,2013,2022,2005,2014,0.06477086319822445,3.5085136341158893
2013_2006,2013,2022,2006,2015,0.06276194059547135,3.3784684150227657
2013_2007,2013,2022,2007,2016,0.06137495533001358,3.2913700445473273
2013_2008,2013,2022,2008,2017,0.06721070098044257,3.6728519768706582
2013_2009,2013,2022,2009,2018,0.08073562789007704,4.724864692643558
2013_2010,2013,2022,2010,2019,0.08204933016407856,4.841068305637904
2013_2011,2013,2022,2011,2020,0.08304684965655618,4.931112020617184
2013_2012,2013,2022,2012,2021,0.08853920640478985,5.456089889708327
2013_2013,2013,2022,2013,2022,0.07043681507667121,3.9014023722604945
2013_2014,2013,2022,2014,2023,0.0700519058435769,3.8734405714315985
2013_2015,2013,2022,2015,2024,0.07341254585622292,4.124139421972196
2014_1970,2014,2023,1970,1979,0.044462626234018865,2.387031151354635
2014_1971,2014,2023,1971,1980,0.05110709462530494,2.7098131679125865
2014_1972,2014,2023,1972,1981,0.038755476435399894,2.13927457147239
2014_1973,2014,2023,1973,1982,0.03885724434913751,2.1434702125396146
2014_1974,2014,2023,1974,1983,0.050649885463461164,2.68633611148112
2014_1975,2014,2023,1975,1984,0.06442507270288256,3.485795601169953
2014_1976,2014,2023,1976,1985,0.06639178469860196,3.61689427180198
2014_1977,2014,2023,1977,1986,0.06777619566775805,3.7119720275101225
2014_1978,2014,2023,1978,1987,0.07326066508331919,4.112484327550273
2014_1979,2014,2023,1979,1988,0.07735194042684457,4.437638943612513
2014_1980,2014,2023,1980,1989,0.08121895265651169,4.767305644519329
2014_1981,2014,2023,1981,1990,0.07197415727867029,4.015007064152142
2014_1982,2014,2023,1982,1991,0.08929123977087317,5.531975140543476
2014_1983,2014,2023,1983,1992,0.08293424578725395,4.92086843425283
2014_1984,2014,2023,1984,1993,0.08076451684364483,4.727391324708552
2014_1985,2014,2023,1985,1994,0.0791258767541898,4.586085375524216
2014_1986,2014,2023,1986,1995,0.0811910676858556,4.764847241208863
2014_1987,2014,2023,1987,1996,0.07907013505703664,4.581349861692024
2014_1988,2014,2023,1988,1997,0.08827385049041836,5.4295505105555515
2014_1989,2014,2023,1989,1998,0.09389323181641074,6.018644683776554
2014_1990,2014,2023,1990,1999,0.09055289527727206,5.661541586323448
2014_1991,2014,2023,1991,2000,0.089645979354954,5.568117792428011
2014_1992,2014,2023,1992,2001,0.07487323119299871,4.237843803934194
2014_1993,2014,2023,1993,2002,0.06524695707379813,3.5400226914279527
2014_1994,2014,2023,1994,2003,0.07156735618374199,3.9846437508995054
2014_1995,2014,2023,1995,2004,0.07589361736502087,4.319033993511832
2014_1996,2014,2023,1996,2005,0.06449290839413879,3.490241279437731
2014_1997,2014,2023,1997,2006,0.06395068555612049,3.4548561936498086
2014_1998,2014,2023,1998,2007,0.0555067590733167,2.9459161022588742
2014_1999,2014,2023,1999,2008,0.03012882901575553,1.8106346563552598
2014_2000,2014,2023,2000,2009,0.03391116330620925,1.9483388478217072
2014_2001,2014,2023,2001,2010,0.04506044428350786,2.414505497681539
2014_2002,2014,2023,2002,2011,0.05051530809511595,2.6794626425733234
2014_2003,2014,2023,2003,2012,0.06389090919653695,3.450976154126816
2014_2004,2014,2023,2004,2013,0.062328598641564925,3.3510234195367548
2014_2005,2014,2023,2005,2014,0.06438799133638029,3.483367712193006
2014_2006,2014,2023,2006,2015,0.06237979110495018,3.354254542185843
2014_2007,2014,2023,2007,2016,0.060993304573679685,3.267780415778404
2014_2008,2014,2023,2008,2017,0.06682695179816567,3.646528223088818
2014_2009,2014,2023,2009,2018,0.08034701539483202,4.691001042378069
2014_2010,2014,2023,2010,2019,0.0816602452858517,4.806371810673993
2014_2011,2014,2023,2011,2020,0.08265740608881345,4.89577017196147
2014_2012,2014,2023,2012,2021,0.08814778788738731,5.41698546410862
2014_2013,2014,2023,2013,2022,0.0700519058435769,3.8734405714316
2014_2014,2014,2023,2014,2023,0.0696671350167064,3.8456791760546376
2014_2015,2014,2023,2015,2024,0.07302656660550921,4.094581239015288
2015_1970,2015,2024,1970,1979,0.04774289971819945,2.5415258324562044
2015_1971,2015,2024,1971,1980,0.05440823594422928,2.8851991158437245
2015_1972,2015,2024,1972,1981,0.042017825858264635,2.2777338213739933
2015_1973,2015,2024,1973,1982,0.04211991338764065,2.282201014921096
2015_1974,2015,2024,1974,1983,0.053949590856338325,2.86020256506275
2015_1975,2015,2024,1975,1984,0.06776804089933552,3.711405090799941
2015_1976,2015,2024,1976,1985,0.06974092961507194,3.850988798294869
2015_1977,2015,2024,1977,1986,0.07112968851059653,3.95222022633345
2015_1978,2015,2024,1978,1987,0.07663138263017921,4.378654693345256
2015_1979,2015,2024,1979,1988,0.08073550716685807,4.72485413686554
2015_1980,2015,2024,1980,1989,0.08461466426160835,5.075857698750273
2015_1981,2015,2024,1981,1990,0.07534083437704253,4.274868455422512
2015_1982,2015,2024,1982,1991,0.09271230346489356,5.890018534621118
2015_1983,2015,2024,1983,1992,0.08633534449805724,5.239359459835477
2015_1984,2015,2024,1984,1993,0.08415880123276476,5.033360023415603
2015_1985,2015,2024,1985,1994,0.08251501477665135,4.882908396536782
2015_1986,2015,2024,1986,1995,0.08458669171450128,5.073240181372417
2015_1987,2015,2024,1987,1996,0.08245909801530105,4.877866388296697
2015_1988,2015,2024,1988,1997,0.09169171893838968,5.780964724055488
2015_1989,2015,2024,1989,1998,0.09732874867716235,6.408186559070483
2015_1990,2015,2024,1990,1999,0.09397792136783956,6.027970847804152
2015_1991,2015,2024,1991,2000,0.09306815715571437,5.9285004301614785
2015_1992,2015,2024,1992,2001,0.0782490132177236,4.512127751454325
2015_1993,2015,2024,1993,2002,0.06859250650718707,3.7691418952113245
2015_1994,2015,2024,1994,2003,0.0749327556692907,4.242539951897646
2015_1995,2015,2024,1995,2004,0.07927260404793035,4.5985727750295196
2015_1996,2015,2024,1996,2005,0.06783608963758225,3.7161385045863238
2015_1997,2015,2024,1997,2006,0.06729216387678516,3.6784632067324825
2015_1998,2015,2024,1998,2007,0.05882171812230208,3.1365832280365074
2015_1999,2015,2024,1999,2008,0.03336408530759072,1.9278235014469156
2015_2000,2015,2024,2000,2009,0.037158298520822086,2.0744402557573314
2015_2001,2015,2024,2001,2010,0.048342595294606605,2.570778387824008
2015_2002,2015,2024,2002,2011,0.05381459082990858,2.8528842278982616
2015_2003,2015,2024,2003,2012,0.06723219978161166,3.67433204125815
2015_2004,2015,2024,2004,2013,0.06566498258301379,3.567910113399722
2015_2005,2015,2024,2005,2014,0.06773084307388078,3.7088200627202923
2015_2006,2015,2024,2006,2015,0.06571633582312386,3.5713503624621765
2015_2007,2015,2024,2007,2016,0.06432549484690653,3.4792794123286304
2015_2008,2015,2024,2008,2017,0.07017746341466125,3.882540733706564
2015_2009,2015,2024,2009,2018,0.083739988565247,4.994614470161799
2015_2010,2015,2024,2010,2019,0.0850573428290129,5.117452325783421
2015_2011,2015,2024,2011,2020,0.08605763534780553,5.212636774659354
2015_2012,2015,2024,2012,2021,0.09156526041902469,5.767586436087708
2015_2013,2015,2024,2013,2022,0.07341254585622292,4.124139421972196
2015_2014,2015,2024,2014,2023,0.07302656660550921,4.094581239015288
2015_2015,2015,2024,2015,2024,0.07639654893503378,4.359592871731998
